<Anims>
 <anim name="idle" root="zxperdfarm" numframes="400" framerate="40">
  <frame idx="0" w="440" h="594" x="0.000000" y="-140.000000">
   <element name="house" layername="0" frame="1" z_index="6" m_a="1.000000" m_b="0.000000" m_c="0.000000" m_d="1.000000" m_tx="0.000000" m_ty="0.000000"/>
   <element name="house" layername="1" frame="0" z_index="5" m_a="1.000000" m_b="0.000000" m_c="0.000000" m_d="1.000000" m_tx="0.000000" m_ty="0.000000"/>
  </frame>
  <frame idx="25" w="440" h="594" x="0.000000" y="-140.000000">
   <element name="house" layername="0" frame="1" z_index="6" m_a="1.000000" m_b="0.000000" m_c="0.000000" m_d="1.000000" m_tx="0.000000" m_ty="0.000000"/>
   <element name="house" layername="1" frame="0" z_index="5" m_a="1.000000" m_b="0.000000" m_c="0.000000" m_d="1.000000" m_tx="0.000000" m_ty="0.000000"/>
  </frame>
  <frame idx="50" w="440" h="594" x="0.000000" y="-140.000000">
   <element name="house" layername="0" frame="1" z_index="6" m_a="1.000000" m_b="0.000000" m_c="0.000000" m_d="1.000000" m_tx="0.000000" m_ty="0.000000"/>
   <element name="house" layername="1" frame="0" z_index="5" m_a="1.000000" m_b="0.000000" m_c="0.000000" m_d="1.000000" m_tx="0.000000" m_ty="0.000000"/>
  </frame>
  <frame idx="75" w="440" h="594" x="0.000000" y="-140.000000">
   <element name="house" layername="0" frame="1" z_index="6" m_a="1.000000" m_b="0.000000" m_c="0.000000" m_d="1.000000" m_tx="0.000000" m_ty="0.000000"/>
   <element name="house" layername="1" frame="0" z_index="5" m_a="1.000000" m_b="0.000000" m_c="0.000000" m_d="1.000000" m_tx="0.000000" m_ty="0.000000"/>
  </frame>
  <frame idx="100" w="440" h="594" x="0.000000" y="-140.000000">
   <element name="house" layername="0" frame="1" z_index="6" m_a="1.000000" m_b="0.000000" m_c="0.000000" m_d="1.000000" m_tx="0.000000" m_ty="0.000000"/>
   <element name="house" layername="1" frame="0" z_index="5" m_a="1.000000" m_b="0.000000" m_c="0.000000" m_d="1.000000" m_tx="0.000000" m_ty="0.000000"/>
  </frame>
  <frame idx="125" w="440" h="594" x="0.000000" y="-140.000000">
   <element name="house" layername="0" frame="1" z_index="6" m_a="1.000000" m_b="0.000000" m_c="0.000000" m_d="1.000000" m_tx="0.000000" m_ty="0.000000"/>
   <element name="house" layername="1" frame="0" z_index="5" m_a="1.000000" m_b="0.000000" m_c="0.000000" m_d="1.000000" m_tx="0.000000" m_ty="0.000000"/>
  </frame>
  <frame idx="150" w="440" h="594" x="0.000000" y="-140.000000">
   <element name="house" layername="0" frame="1" z_index="6" m_a="1.000000" m_b="0.000000" m_c="0.000000" m_d="1.000000" m_tx="0.000000" m_ty="0.000000"/>
   <element name="house" layername="1" frame="0" z_index="5" m_a="1.000000" m_b="0.000000" m_c="0.000000" m_d="1.000000" m_tx="0.000000" m_ty="0.000000"/>
  </frame>
  <frame idx="175" w="440" h="594" x="0.000000" y="-140.000000">
   <element name="house" layername="0" frame="1" z_index="6" m_a="1.000000" m_b="0.000000" m_c="0.000000" m_d="1.000000" m_tx="0.000000" m_ty="0.000000"/>
   <element name="house" layername="1" frame="0" z_index="5" m_a="1.000000" m_b="0.000000" m_c="0.000000" m_d="1.000000" m_tx="0.000000" m_ty="0.000000"/>
  </frame>
  <frame idx="200" w="440" h="594" x="0.000000" y="-140.000000">
   <element name="house" layername="0" frame="1" z_index="6" m_a="1.000000" m_b="0.000000" m_c="0.000000" m_d="1.000000" m_tx="0.000000" m_ty="0.000000"/>
   <element name="house" layername="1" frame="0" z_index="5" m_a="1.000000" m_b="0.000000" m_c="0.000000" m_d="1.000000" m_tx="0.000000" m_ty="0.000000"/>
  </frame>
  <frame idx="225" w="440" h="594" x="0.000000" y="-140.000000">
   <element name="house" layername="0" frame="1" z_index="6" m_a="1.000000" m_b="0.000000" m_c="0.000000" m_d="1.000000" m_tx="0.000000" m_ty="0.000000"/>
   <element name="house" layername="1" frame="0" z_index="5" m_a="1.000000" m_b="0.000000" m_c="0.000000" m_d="1.000000" m_tx="0.000000" m_ty="0.000000"/>
  </frame>
  <frame idx="250" w="440" h="594" x="0.000000" y="-140.000000">
   <element name="house" layername="0" frame="1" z_index="6" m_a="1.000000" m_b="0.000000" m_c="0.000000" m_d="1.000000" m_tx="0.000000" m_ty="0.000000"/>
   <element name="house" layername="1" frame="0" z_index="5" m_a="1.000000" m_b="0.000000" m_c="0.000000" m_d="1.000000" m_tx="0.000000" m_ty="0.000000"/>
  </frame>
  <frame idx="275" w="440" h="594" x="0.000000" y="-140.000000">
   <element name="house" layername="0" frame="1" z_index="6" m_a="1.000000" m_b="0.000000" m_c="0.000000" m_d="1.000000" m_tx="0.000000" m_ty="0.000000"/>
   <element name="house" layername="1" frame="0" z_index="5" m_a="1.000000" m_b="0.000000" m_c="0.000000" m_d="1.000000" m_tx="0.000000" m_ty="0.000000"/>
  </frame>
  <frame idx="300" w="440" h="594" x="0.000000" y="-140.000000">
   <element name="house" layername="0" frame="1" z_index="6" m_a="1.000000" m_b="0.000000" m_c="0.000000" m_d="1.000000" m_tx="0.000000" m_ty="0.000000"/>
   <element name="house" layername="1" frame="0" z_index="5" m_a="1.000000" m_b="0.000000" m_c="0.000000" m_d="1.000000" m_tx="0.000000" m_ty="0.000000"/>
  </frame>
  <frame idx="325" w="440" h="594" x="0.000000" y="-140.000000">
   <element name="house" layername="0" frame="1" z_index="6" m_a="1.000000" m_b="0.000000" m_c="0.000000" m_d="1.000000" m_tx="0.000000" m_ty="0.000000"/>
   <element name="house" layername="1" frame="0" z_index="5" m_a="1.000000" m_b="0.000000" m_c="0.000000" m_d="1.000000" m_tx="0.000000" m_ty="0.000000"/>
  </frame>
  <frame idx="350" w="440" h="594" x="0.000000" y="-140.000000">
   <element name="house" layername="0" frame="1" z_index="6" m_a="1.000000" m_b="0.000000" m_c="0.000000" m_d="1.000000" m_tx="0.000000" m_ty="0.000000"/>
   <element name="house" layername="1" frame="0" z_index="5" m_a="1.000000" m_b="0.000000" m_c="0.000000" m_d="1.000000" m_tx="0.000000" m_ty="0.000000"/>
  </frame>
  <frame idx="375" w="440" h="594" x="0.000000" y="-140.000000">
   <element name="house" layername="0" frame="1" z_index="6" m_a="1.000000" m_b="0.000000" m_c="0.000000" m_d="1.000000" m_tx="0.000000" m_ty="0.000000"/>
   <element name="house" layername="1" frame="0" z_index="5" m_a="1.000000" m_b="0.000000" m_c="0.000000" m_d="1.000000" m_tx="0.000000" m_ty="0.000000"/>
  </frame>
 </anim>
 <anim name="onbuild" root="zxperdfarm" numframes="400" framerate="40">
  <frame idx="0" w="440" h="594" x="0.000000" y="-140.000000">
   <element name="house" layername="0" frame="1" z_index="6" m_a="1.000000" m_b="0.000000" m_c="0.000000" m_d="1.000000" m_tx="0.000000" m_ty="0.000000"/>
   <element name="house" layername="1" frame="0" z_index="5" m_a="1.000000" m_b="0.000000" m_c="0.000000" m_d="1.000000" m_tx="0.000000" m_ty="0.000000"/>
  </frame>
  <frame idx="25" w="440" h="594" x="0.000000" y="-140.000000">
   <element name="house" layername="0" frame="1" z_index="6" m_a="1.000000" m_b="0.000000" m_c="0.000000" m_d="1.000000" m_tx="0.000000" m_ty="0.000000"/>
   <element name="house" layername="1" frame="0" z_index="5" m_a="1.000000" m_b="0.000000" m_c="0.000000" m_d="1.000000" m_tx="0.000000" m_ty="0.000000"/>
  </frame>
  <frame idx="50" w="440" h="594" x="0.000000" y="-140.000000">
   <element name="house" layername="0" frame="1" z_index="6" m_a="1.000000" m_b="0.000000" m_c="0.000000" m_d="1.000000" m_tx="0.000000" m_ty="0.000000"/>
   <element name="house" layername="1" frame="0" z_index="5" m_a="1.000000" m_b="0.000000" m_c="0.000000" m_d="1.000000" m_tx="0.000000" m_ty="0.000000"/>
  </frame>
  <frame idx="75" w="440" h="594" x="0.000000" y="-140.000000">
   <element name="house" layername="0" frame="1" z_index="6" m_a="1.000000" m_b="0.000000" m_c="0.000000" m_d="1.000000" m_tx="0.000000" m_ty="0.000000"/>
   <element name="house" layername="1" frame="0" z_index="5" m_a="1.000000" m_b="0.000000" m_c="0.000000" m_d="1.000000" m_tx="0.000000" m_ty="0.000000"/>
  </frame>
  <frame idx="100" w="440" h="594" x="0.000000" y="-140.000000">
   <element name="house" layername="0" frame="1" z_index="6" m_a="1.000000" m_b="0.000000" m_c="0.000000" m_d="1.000000" m_tx="0.000000" m_ty="0.000000"/>
   <element name="house" layername="1" frame="0" z_index="5" m_a="1.000000" m_b="0.000000" m_c="0.000000" m_d="1.000000" m_tx="0.000000" m_ty="0.000000"/>
  </frame>
  <frame idx="125" w="440" h="594" x="0.000000" y="-140.000000">
   <element name="house" layername="0" frame="1" z_index="6" m_a="1.000000" m_b="0.000000" m_c="0.000000" m_d="1.000000" m_tx="0.000000" m_ty="0.000000"/>
   <element name="house" layername="1" frame="0" z_index="5" m_a="1.000000" m_b="0.000000" m_c="0.000000" m_d="1.000000" m_tx="0.000000" m_ty="0.000000"/>
  </frame>
  <frame idx="150" w="440" h="594" x="0.000000" y="-140.000000">
   <element name="house" layername="0" frame="1" z_index="6" m_a="1.000000" m_b="0.000000" m_c="0.000000" m_d="1.000000" m_tx="0.000000" m_ty="0.000000"/>
   <element name="house" layername="1" frame="0" z_index="5" m_a="1.000000" m_b="0.000000" m_c="0.000000" m_d="1.000000" m_tx="0.000000" m_ty="0.000000"/>
  </frame>
  <frame idx="175" w="440" h="594" x="0.000000" y="-140.000000">
   <element name="house" layername="0" frame="1" z_index="6" m_a="1.000000" m_b="0.000000" m_c="0.000000" m_d="1.000000" m_tx="0.000000" m_ty="0.000000"/>
   <element name="house" layername="1" frame="0" z_index="5" m_a="1.000000" m_b="0.000000" m_c="0.000000" m_d="1.000000" m_tx="0.000000" m_ty="0.000000"/>
  </frame>
  <frame idx="200" w="440" h="594" x="0.000000" y="-140.000000">
   <element name="house" layername="0" frame="1" z_index="6" m_a="1.000000" m_b="0.000000" m_c="0.000000" m_d="1.000000" m_tx="0.000000" m_ty="0.000000"/>
   <element name="house" layername="1" frame="0" z_index="5" m_a="1.000000" m_b="0.000000" m_c="0.000000" m_d="1.000000" m_tx="0.000000" m_ty="0.000000"/>
  </frame>
  <frame idx="225" w="440" h="594" x="0.000000" y="-140.000000">
   <element name="house" layername="0" frame="1" z_index="6" m_a="1.000000" m_b="0.000000" m_c="0.000000" m_d="1.000000" m_tx="0.000000" m_ty="0.000000"/>
   <element name="house" layername="1" frame="0" z_index="5" m_a="1.000000" m_b="0.000000" m_c="0.000000" m_d="1.000000" m_tx="0.000000" m_ty="0.000000"/>
  </frame>
  <frame idx="250" w="440" h="594" x="0.000000" y="-140.000000">
   <element name="house" layername="0" frame="1" z_index="6" m_a="1.000000" m_b="0.000000" m_c="0.000000" m_d="1.000000" m_tx="0.000000" m_ty="0.000000"/>
   <element name="house" layername="1" frame="0" z_index="5" m_a="1.000000" m_b="0.000000" m_c="0.000000" m_d="1.000000" m_tx="0.000000" m_ty="0.000000"/>
  </frame>
  <frame idx="275" w="440" h="594" x="0.000000" y="-140.000000">
   <element name="house" layername="0" frame="1" z_index="6" m_a="1.000000" m_b="0.000000" m_c="0.000000" m_d="1.000000" m_tx="0.000000" m_ty="0.000000"/>
   <element name="house" layername="1" frame="0" z_index="5" m_a="1.000000" m_b="0.000000" m_c="0.000000" m_d="1.000000" m_tx="0.000000" m_ty="0.000000"/>
  </frame>
  <frame idx="300" w="440" h="594" x="0.000000" y="-140.000000">
   <element name="house" layername="0" frame="1" z_index="6" m_a="1.000000" m_b="0.000000" m_c="0.000000" m_d="1.000000" m_tx="0.000000" m_ty="0.000000"/>
   <element name="house" layername="1" frame="0" z_index="5" m_a="1.000000" m_b="0.000000" m_c="0.000000" m_d="1.000000" m_tx="0.000000" m_ty="0.000000"/>
  </frame>
  <frame idx="325" w="440" h="594" x="0.000000" y="-140.000000">
   <element name="house" layername="0" frame="1" z_index="6" m_a="1.000000" m_b="0.000000" m_c="0.000000" m_d="1.000000" m_tx="0.000000" m_ty="0.000000"/>
   <element name="house" layername="1" frame="0" z_index="5" m_a="1.000000" m_b="0.000000" m_c="0.000000" m_d="1.000000" m_tx="0.000000" m_ty="0.000000"/>
  </frame>
  <frame idx="350" w="440" h="594" x="0.000000" y="-140.000000">
   <element name="house" layername="0" frame="1" z_index="6" m_a="1.000000" m_b="0.000000" m_c="0.000000" m_d="1.000000" m_tx="0.000000" m_ty="0.000000"/>
   <element name="house" layername="1" frame="0" z_index="5" m_a="1.000000" m_b="0.000000" m_c="0.000000" m_d="1.000000" m_tx="0.000000" m_ty="0.000000"/>
  </frame>
  <frame idx="375" w="440" h="594" x="0.000000" y="-140.000000">
   <element name="house" layername="0" frame="1" z_index="6" m_a="1.000000" m_b="0.000000" m_c="0.000000" m_d="1.000000" m_tx="0.000000" m_ty="0.000000"/>
   <element name="house" layername="1" frame="0" z_index="5" m_a="1.000000" m_b="0.000000" m_c="0.000000" m_d="1.000000" m_tx="0.000000" m_ty="0.000000"/>
  </frame>
 </anim>
 <anim name="onhit" root="zxperdfarm" numframes="400" framerate="40">
  <frame idx="0" w="440" h="594" x="0.000000" y="-140.000000">
   <element name="house" layername="0" frame="1" z_index="6" m_a="1.000000" m_b="0.000000" m_c="0.000000" m_d="1.000000" m_tx="0.000000" m_ty="0.000000"/>
   <element name="house" layername="1" frame="0" z_index="5" m_a="1.000000" m_b="0.000000" m_c="0.000000" m_d="1.000000" m_tx="0.000000" m_ty="0.000000"/>
  </frame>
  <frame idx="25" w="445" h="618" x="3.205826" y="-151.128448">
   <element name="house" layername="0" frame="1" z_index="6" m_a="0.999869" m_b="-0.016160" m_c="0.016160" m_d="0.999869" m_tx="0.000000" m_ty="-6.481481"/>
   <element name="house" layername="1" frame="0" z_index="5" m_a="0.999869" m_b="-0.016160" m_c="0.016160" m_d="0.999869" m_tx="0.000000" m_ty="-9.259259"/>
  </frame>
  <frame idx="50" w="448" h="640" x="6.358612" y="-162.308243">
   <element name="house" layername="0" frame="1" z_index="6" m_a="0.999478" m_b="-0.032315" m_c="0.032315" m_d="0.999478" m_tx="0.000000" m_ty="-12.962962"/>
   <element name="house" layername="1" frame="0" z_index="5" m_a="0.999478" m_b="-0.032315" m_c="0.032315" m_d="0.999478" m_tx="0.000000" m_ty="-18.518518"/>
  </frame>
  <frame idx="75" w="451" h="662" x="9.457474" y="-173.538589">
   <element name="house" layername="0" frame="1" z_index="6" m_a="0.998825" m_b="-0.048462" m_c="0.048462" m_d="0.998825" m_tx="0.000000" m_ty="-19.444445"/>
   <element name="house" layername="1" frame="0" z_index="5" m_a="0.998825" m_b="-0.048462" m_c="0.048462" m_d="0.998825" m_tx="0.000000" m_ty="-27.777779"/>
  </frame>
  <frame idx="100" w="455" h="684" x="12.501648" y="-184.818542">
   <element name="house" layername="0" frame="1" z_index="6" m_a="0.997911" m_b="-0.064597" m_c="0.064597" m_d="0.997911" m_tx="0.000000" m_ty="-25.925924"/>
   <element name="house" layername="1" frame="0" z_index="5" m_a="0.997911" m_b="-0.064597" m_c="0.064597" m_d="0.997911" m_tx="0.000000" m_ty="-37.037037"/>
  </frame>
  <frame idx="125" w="458" h="707" x="15.490326" y="-196.147293">
   <element name="house" layername="0" frame="1" z_index="6" m_a="0.996737" m_b="-0.080714" m_c="0.080714" m_d="0.996737" m_tx="0.000000" m_ty="-32.407406"/>
   <element name="house" layername="1" frame="0" z_index="5" m_a="0.996737" m_b="-0.080714" m_c="0.080714" m_d="0.996737" m_tx="0.000000" m_ty="-46.296295"/>
  </frame>
  <frame idx="150" w="456" h="702" x="13.103851" y="-196.524872">
   <element name="house" layername="0" frame="1" z_index="6" m_a="0.997697" m_b="-0.067822" m_c="0.067822" m_d="0.997697" m_tx="0.000000" m_ty="-35.000000"/>
   <element name="house" layername="1" frame="0" z_index="5" m_a="0.997697" m_b="-0.067822" m_c="0.067822" m_d="0.997697" m_tx="0.000000" m_ty="-50.000000"/>
  </frame>
  <frame idx="175" w="448" h="681" x="6.982712" y="-189.735489">
   <element name="house" layername="0" frame="1" z_index="6" m_a="0.999368" m_b="-0.035546" m_c="0.035546" m_d="0.999368" m_tx="0.000000" m_ty="-35.000000"/>
   <element name="house" layername="1" frame="0" z_index="5" m_a="0.999368" m_b="-0.035546" m_c="0.035546" m_d="0.999368" m_tx="0.000000" m_ty="-50.000000"/>
  </frame>
  <frame idx="200" w="442" h="660" x="0.645355" y="-183.147476">
   <element name="house" layername="0" frame="1" z_index="6" m_a="0.999995" m_b="-0.003232" m_c="0.003232" m_d="0.999995" m_tx="0.000000" m_ty="-35.000000"/>
   <element name="house" layername="1" frame="0" z_index="5" m_a="0.999995" m_b="-0.003232" m_c="0.003232" m_d="0.999995" m_tx="0.000000" m_ty="-50.000000"/>
  </frame>
  <frame idx="225" w="460" h="665" x="-5.901566" y="-176.767670">
   <element name="house" layername="0" frame="1" z_index="6" m_a="0.999577" m_b="0.029085" m_c="-0.029085" m_d="0.999577" m_tx="0.000000" m_ty="-35.000000"/>
   <element name="house" layername="1" frame="0" z_index="5" m_a="0.999577" m_b="0.029085" m_c="-0.029085" m_d="0.999577" m_tx="0.000000" m_ty="-50.000000"/>
  </frame>
  <frame idx="250" w="481" h="671" x="-12.651230" y="-170.602768">
   <element name="house" layername="0" frame="1" z_index="6" m_a="0.998115" m_b="0.061371" m_c="-0.061371" m_d="0.998115" m_tx="0.000000" m_ty="-35.000000"/>
   <element name="house" layername="1" frame="0" z_index="5" m_a="0.998115" m_b="0.061371" m_c="-0.061371" m_d="0.998115" m_tx="0.000000" m_ty="-50.000000"/>
  </frame>
  <frame idx="275" w="495" h="674" x="-17.465958" y="-164.806763">
   <element name="house" layername="0" frame="1" z_index="6" m_a="0.996482" m_b="0.083811" m_c="-0.083811" m_d="0.996482" m_tx="0.000000" m_ty="-33.653847"/>
   <element name="house" layername="1" frame="0" z_index="5" m_a="0.996482" m_b="0.083811" m_c="-0.083811" m_d="0.996482" m_tx="0.000000" m_ty="-48.076923"/>
  </frame>
  <frame idx="300" w="484" h="658" x="-13.866074" y="-159.727158">
   <element name="house" layername="0" frame="1" z_index="6" m_a="0.997748" m_b="0.067078" m_c="-0.067078" m_d="0.997748" m_tx="0.000000" m_ty="-26.923077"/>
   <element name="house" layername="1" frame="0" z_index="5" m_a="0.997748" m_b="0.067078" m_c="-0.067078" m_d="0.997748" m_tx="0.000000" m_ty="-38.461540"/>
  </frame>
  <frame idx="325" w="473" h="642" x="-10.318314" y="-154.707764">
   <element name="house" layername="0" frame="1" z_index="6" m_a="0.998733" m_b="0.050324" m_c="-0.050324" m_d="0.998733" m_tx="0.000000" m_ty="-20.192307"/>
   <element name="house" layername="1" frame="0" z_index="5" m_a="0.998733" m_b="0.050324" m_c="-0.050324" m_d="0.998733" m_tx="0.000000" m_ty="-28.846153"/>
  </frame>
  <frame idx="350" w="464" h="626" x="-6.824173" y="-149.747284">
   <element name="house" layername="0" frame="1" z_index="6" m_a="0.999437" m_b="0.033558" m_c="-0.033558" m_d="0.999437" m_tx="0.000000" m_ty="-13.461538"/>
   <element name="house" layername="1" frame="0" z_index="5" m_a="0.999437" m_b="0.033558" m_c="-0.033558" m_d="0.999437" m_tx="0.000000" m_ty="-19.230768"/>
  </frame>
  <frame idx="375" w="453" h="611" x="-3.384323" y="-144.845062">
   <element name="house" layername="0" frame="1" z_index="6" m_a="0.999859" m_b="0.016781" m_c="-0.016781" m_d="0.999859" m_tx="0.000000" m_ty="-6.730770"/>
   <element name="house" layername="1" frame="0" z_index="5" m_a="0.999859" m_b="0.016781" m_c="-0.016781" m_d="0.999859" m_tx="0.000000" m_ty="-9.615387"/>
  </frame>
 </anim>
</Anims>
