<Anims>
 <anim name="empty" root="zxfarmbowl1" numframes="400" framerate="40">
  <frame idx="0" w="220" h="286" x="0.000000" y="-60.000000">
   <element name="body" layername="0" frame="0" z_index="10" m_a="1.000000" m_b="0.000000" m_c="0.000000" m_d="1.000000" m_tx="0.000000" m_ty="0.000000"/>
  </frame>
  <frame idx="25" w="220" h="286" x="0.000000" y="-60.000000">
   <element name="body" layername="0" frame="0" z_index="10" m_a="1.000000" m_b="0.000000" m_c="0.000000" m_d="1.000000" m_tx="0.000000" m_ty="0.000000"/>
  </frame>
  <frame idx="50" w="220" h="286" x="0.000000" y="-60.000000">
   <element name="body" layername="0" frame="0" z_index="10" m_a="1.000000" m_b="0.000000" m_c="0.000000" m_d="1.000000" m_tx="0.000000" m_ty="0.000000"/>
  </frame>
  <frame idx="75" w="220" h="286" x="0.000000" y="-60.000000">
   <element name="body" layername="0" frame="0" z_index="10" m_a="1.000000" m_b="0.000000" m_c="0.000000" m_d="1.000000" m_tx="0.000000" m_ty="0.000000"/>
  </frame>
  <frame idx="100" w="220" h="286" x="0.000000" y="-60.000000">
   <element name="body" layername="0" frame="0" z_index="10" m_a="1.000000" m_b="0.000000" m_c="0.000000" m_d="1.000000" m_tx="0.000000" m_ty="0.000000"/>
  </frame>
  <frame idx="125" w="220" h="286" x="0.000000" y="-60.000000">
   <element name="body" layername="0" frame="0" z_index="10" m_a="1.000000" m_b="0.000000" m_c="0.000000" m_d="1.000000" m_tx="0.000000" m_ty="0.000000"/>
  </frame>
  <frame idx="150" w="220" h="286" x="0.000000" y="-60.000000">
   <element name="body" layername="0" frame="0" z_index="10" m_a="1.000000" m_b="0.000000" m_c="0.000000" m_d="1.000000" m_tx="0.000000" m_ty="0.000000"/>
  </frame>
  <frame idx="175" w="220" h="286" x="0.000000" y="-60.000000">
   <element name="body" layername="0" frame="0" z_index="10" m_a="1.000000" m_b="0.000000" m_c="0.000000" m_d="1.000000" m_tx="0.000000" m_ty="0.000000"/>
  </frame>
  <frame idx="200" w="220" h="286" x="0.000000" y="-60.000000">
   <element name="body" layername="0" frame="0" z_index="10" m_a="1.000000" m_b="0.000000" m_c="0.000000" m_d="1.000000" m_tx="0.000000" m_ty="0.000000"/>
  </frame>
  <frame idx="225" w="220" h="286" x="0.000000" y="-60.000000">
   <element name="body" layername="0" frame="0" z_index="10" m_a="1.000000" m_b="0.000000" m_c="0.000000" m_d="1.000000" m_tx="0.000000" m_ty="0.000000"/>
  </frame>
  <frame idx="250" w="220" h="286" x="0.000000" y="-60.000000">
   <element name="body" layername="0" frame="0" z_index="10" m_a="1.000000" m_b="0.000000" m_c="0.000000" m_d="1.000000" m_tx="0.000000" m_ty="0.000000"/>
  </frame>
  <frame idx="275" w="220" h="286" x="0.000000" y="-60.000000">
   <element name="body" layername="0" frame="0" z_index="10" m_a="1.000000" m_b="0.000000" m_c="0.000000" m_d="1.000000" m_tx="0.000000" m_ty="0.000000"/>
  </frame>
  <frame idx="300" w="220" h="286" x="0.000000" y="-60.000000">
   <element name="body" layername="0" frame="0" z_index="10" m_a="1.000000" m_b="0.000000" m_c="0.000000" m_d="1.000000" m_tx="0.000000" m_ty="0.000000"/>
  </frame>
  <frame idx="325" w="220" h="286" x="0.000000" y="-60.000000">
   <element name="body" layername="0" frame="0" z_index="10" m_a="1.000000" m_b="0.000000" m_c="0.000000" m_d="1.000000" m_tx="0.000000" m_ty="0.000000"/>
  </frame>
  <frame idx="350" w="220" h="286" x="0.000000" y="-60.000000">
   <element name="body" layername="0" frame="0" z_index="10" m_a="1.000000" m_b="0.000000" m_c="0.000000" m_d="1.000000" m_tx="0.000000" m_ty="0.000000"/>
  </frame>
  <frame idx="375" w="220" h="286" x="0.000000" y="-60.000000">
   <element name="body" layername="0" frame="0" z_index="10" m_a="1.000000" m_b="0.000000" m_c="0.000000" m_d="1.000000" m_tx="0.000000" m_ty="0.000000"/>
  </frame>
 </anim>
 <anim name="empty_onhit" root="zxfarmbowl1" numframes="400" framerate="40">
  <frame idx="0" w="220" h="286" x="0.000000" y="-60.000000">
   <element name="body" layername="0" frame="0" z_index="10" m_a="1.000000" m_b="0.000000" m_c="0.000000" m_d="1.000000" m_tx="0.000000" m_ty="0.000000"/>
  </frame>
  <frame idx="25" w="223" h="296" x="1.602913" y="-65.332741">
   <element name="body" layername="0" frame="0" z_index="10" m_a="0.999869" m_b="-0.016160" m_c="0.016160" m_d="0.999869" m_tx="0.000000" m_ty="-3.703704"/>
  </frame>
  <frame idx="50" w="225" h="306" x="3.179306" y="-70.691162">
   <element name="body" layername="0" frame="0" z_index="10" m_a="0.999478" m_b="-0.032315" m_c="0.032315" m_d="0.999478" m_tx="0.000000" m_ty="-7.407407"/>
  </frame>
  <frame idx="75" w="226" h="315" x="4.728737" y="-76.074852">
   <element name="body" layername="0" frame="0" z_index="10" m_a="0.998825" m_b="-0.048462" m_c="0.048462" m_d="0.998825" m_tx="0.000000" m_ty="-11.111112"/>
  </frame>
  <frame idx="100" w="228" h="324" x="6.250824" y="-81.483353">
   <element name="body" layername="0" frame="0" z_index="10" m_a="0.997911" m_b="-0.064597" m_c="0.064597" m_d="0.997911" m_tx="0.000000" m_ty="-14.814815"/>
  </frame>
  <frame idx="125" w="229" h="334" x="7.745163" y="-86.916245">
   <element name="body" layername="0" frame="0" z_index="10" m_a="0.996737" m_b="-0.080714" m_c="0.080714" m_d="0.996737" m_tx="0.000000" m_ty="-18.518518"/>
  </frame>
  <frame idx="150" w="228" h="332" x="6.551926" y="-87.012436">
   <element name="body" layername="0" frame="0" z_index="10" m_a="0.997697" m_b="-0.067822" m_c="0.067822" m_d="0.997697" m_tx="0.000000" m_ty="-20.000000"/>
  </frame>
  <frame idx="175" w="225" h="321" x="3.491356" y="-83.617744">
   <element name="body" layername="0" frame="0" z_index="10" m_a="0.999368" m_b="-0.035546" m_c="0.035546" m_d="0.999368" m_tx="0.000000" m_ty="-20.000000"/>
  </frame>
  <frame idx="200" w="222" h="310" x="0.322678" y="-80.323738">
   <element name="body" layername="0" frame="0" z_index="10" m_a="0.999995" m_b="-0.003232" m_c="0.003232" m_d="0.999995" m_tx="0.000000" m_ty="-20.000000"/>
  </frame>
  <frame idx="225" w="230" h="312" x="-2.950783" y="-77.133835">
   <element name="body" layername="0" frame="0" z_index="10" m_a="0.999577" m_b="0.029085" m_c="-0.029085" m_d="0.999577" m_tx="0.000000" m_ty="-20.000000"/>
  </frame>
  <frame idx="250" w="241" h="315" x="-6.325615" y="-74.051384">
   <element name="body" layername="0" frame="0" z_index="10" m_a="0.998115" m_b="0.061371" m_c="-0.061371" m_d="0.998115" m_tx="0.000000" m_ty="-20.000000"/>
  </frame>
  <frame idx="275" w="248" h="317" x="-8.732979" y="-71.201477">
   <element name="body" layername="0" frame="0" z_index="10" m_a="0.996482" m_b="0.083811" m_c="-0.083811" m_d="0.996482" m_tx="0.000000" m_ty="-19.230770"/>
  </frame>
  <frame idx="300" w="242" h="311" x="-6.933037" y="-68.902031">
   <element name="body" layername="0" frame="0" z_index="10" m_a="0.997748" m_b="0.067078" m_c="-0.067078" m_d="0.997748" m_tx="0.000000" m_ty="-15.384615"/>
  </frame>
  <frame idx="325" w="237" h="305" x="-5.159157" y="-66.632713">
   <element name="body" layername="0" frame="0" z_index="10" m_a="0.998733" m_b="0.050324" m_c="-0.050324" m_d="0.998733" m_tx="0.000000" m_ty="-11.538462"/>
  </frame>
  <frame idx="350" w="233" h="299" x="-3.412086" y="-64.392868">
   <element name="body" layername="0" frame="0" z_index="10" m_a="0.999437" m_b="0.033558" m_c="-0.033558" m_d="0.999437" m_tx="0.000000" m_ty="-7.692307"/>
  </frame>
  <frame idx="375" w="227" h="293" x="-1.692162" y="-62.182152">
   <element name="body" layername="0" frame="0" z_index="10" m_a="0.999859" m_b="0.016781" m_c="-0.016781" m_d="0.999859" m_tx="0.000000" m_ty="-3.846153"/>
  </frame>
 </anim>
 <anim name="full" root="zxfarmbowl1" numframes="400" framerate="40">
  <frame idx="0" w="220" h="286" x="0.000000" y="-60.000000">
   <element name="body" layername="0" frame="0" z_index="10" m_a="1.000000" m_b="0.000000" m_c="0.000000" m_d="1.000000" m_tx="0.000000" m_ty="0.000000"/>
   <element name="body" layername="2" frame="2" z_index="9" m_a="1.000000" m_b="0.000000" m_c="0.000000" m_d="1.000000" m_tx="0.000000" m_ty="0.000000"/>
  </frame>
  <frame idx="25" w="220" h="286" x="0.000000" y="-60.000000">
   <element name="body" layername="0" frame="0" z_index="10" m_a="1.000000" m_b="0.000000" m_c="0.000000" m_d="1.000000" m_tx="0.000000" m_ty="0.000000"/>
   <element name="body" layername="2" frame="2" z_index="9" m_a="1.000000" m_b="0.000000" m_c="0.000000" m_d="1.000000" m_tx="0.000000" m_ty="0.000000"/>
  </frame>
  <frame idx="50" w="220" h="286" x="0.000000" y="-60.000000">
   <element name="body" layername="0" frame="0" z_index="10" m_a="1.000000" m_b="0.000000" m_c="0.000000" m_d="1.000000" m_tx="0.000000" m_ty="0.000000"/>
   <element name="body" layername="2" frame="2" z_index="9" m_a="1.000000" m_b="0.000000" m_c="0.000000" m_d="1.000000" m_tx="0.000000" m_ty="0.000000"/>
  </frame>
  <frame idx="75" w="220" h="286" x="0.000000" y="-60.000000">
   <element name="body" layername="0" frame="0" z_index="10" m_a="1.000000" m_b="0.000000" m_c="0.000000" m_d="1.000000" m_tx="0.000000" m_ty="0.000000"/>
   <element name="body" layername="2" frame="2" z_index="9" m_a="1.000000" m_b="0.000000" m_c="0.000000" m_d="1.000000" m_tx="0.000000" m_ty="0.000000"/>
  </frame>
  <frame idx="100" w="220" h="286" x="0.000000" y="-60.000000">
   <element name="body" layername="0" frame="0" z_index="10" m_a="1.000000" m_b="0.000000" m_c="0.000000" m_d="1.000000" m_tx="0.000000" m_ty="0.000000"/>
   <element name="body" layername="2" frame="2" z_index="9" m_a="1.000000" m_b="0.000000" m_c="0.000000" m_d="1.000000" m_tx="0.000000" m_ty="0.000000"/>
  </frame>
  <frame idx="125" w="220" h="286" x="0.000000" y="-60.000000">
   <element name="body" layername="0" frame="0" z_index="10" m_a="1.000000" m_b="0.000000" m_c="0.000000" m_d="1.000000" m_tx="0.000000" m_ty="0.000000"/>
   <element name="body" layername="2" frame="2" z_index="9" m_a="1.000000" m_b="0.000000" m_c="0.000000" m_d="1.000000" m_tx="0.000000" m_ty="0.000000"/>
  </frame>
  <frame idx="150" w="220" h="286" x="0.000000" y="-60.000000">
   <element name="body" layername="0" frame="0" z_index="10" m_a="1.000000" m_b="0.000000" m_c="0.000000" m_d="1.000000" m_tx="0.000000" m_ty="0.000000"/>
   <element name="body" layername="2" frame="2" z_index="9" m_a="1.000000" m_b="0.000000" m_c="0.000000" m_d="1.000000" m_tx="0.000000" m_ty="0.000000"/>
  </frame>
  <frame idx="175" w="220" h="286" x="0.000000" y="-60.000000">
   <element name="body" layername="0" frame="0" z_index="10" m_a="1.000000" m_b="0.000000" m_c="0.000000" m_d="1.000000" m_tx="0.000000" m_ty="0.000000"/>
   <element name="body" layername="2" frame="2" z_index="9" m_a="1.000000" m_b="0.000000" m_c="0.000000" m_d="1.000000" m_tx="0.000000" m_ty="0.000000"/>
  </frame>
  <frame idx="200" w="220" h="286" x="0.000000" y="-60.000000">
   <element name="body" layername="0" frame="0" z_index="10" m_a="1.000000" m_b="0.000000" m_c="0.000000" m_d="1.000000" m_tx="0.000000" m_ty="0.000000"/>
   <element name="body" layername="2" frame="2" z_index="9" m_a="1.000000" m_b="0.000000" m_c="0.000000" m_d="1.000000" m_tx="0.000000" m_ty="0.000000"/>
  </frame>
  <frame idx="225" w="220" h="286" x="0.000000" y="-60.000000">
   <element name="body" layername="0" frame="0" z_index="10" m_a="1.000000" m_b="0.000000" m_c="0.000000" m_d="1.000000" m_tx="0.000000" m_ty="0.000000"/>
   <element name="body" layername="2" frame="2" z_index="9" m_a="1.000000" m_b="0.000000" m_c="0.000000" m_d="1.000000" m_tx="0.000000" m_ty="0.000000"/>
  </frame>
  <frame idx="250" w="220" h="286" x="0.000000" y="-60.000000">
   <element name="body" layername="0" frame="0" z_index="10" m_a="1.000000" m_b="0.000000" m_c="0.000000" m_d="1.000000" m_tx="0.000000" m_ty="0.000000"/>
   <element name="body" layername="2" frame="2" z_index="9" m_a="1.000000" m_b="0.000000" m_c="0.000000" m_d="1.000000" m_tx="0.000000" m_ty="0.000000"/>
  </frame>
  <frame idx="275" w="220" h="286" x="0.000000" y="-60.000000">
   <element name="body" layername="0" frame="0" z_index="10" m_a="1.000000" m_b="0.000000" m_c="0.000000" m_d="1.000000" m_tx="0.000000" m_ty="0.000000"/>
   <element name="body" layername="2" frame="2" z_index="9" m_a="1.000000" m_b="0.000000" m_c="0.000000" m_d="1.000000" m_tx="0.000000" m_ty="0.000000"/>
  </frame>
  <frame idx="300" w="220" h="286" x="0.000000" y="-60.000000">
   <element name="body" layername="0" frame="0" z_index="10" m_a="1.000000" m_b="0.000000" m_c="0.000000" m_d="1.000000" m_tx="0.000000" m_ty="0.000000"/>
   <element name="body" layername="2" frame="2" z_index="9" m_a="1.000000" m_b="0.000000" m_c="0.000000" m_d="1.000000" m_tx="0.000000" m_ty="0.000000"/>
  </frame>
  <frame idx="325" w="220" h="286" x="0.000000" y="-60.000000">
   <element name="body" layername="0" frame="0" z_index="10" m_a="1.000000" m_b="0.000000" m_c="0.000000" m_d="1.000000" m_tx="0.000000" m_ty="0.000000"/>
   <element name="body" layername="2" frame="2" z_index="9" m_a="1.000000" m_b="0.000000" m_c="0.000000" m_d="1.000000" m_tx="0.000000" m_ty="0.000000"/>
  </frame>
  <frame idx="350" w="220" h="286" x="0.000000" y="-60.000000">
   <element name="body" layername="0" frame="0" z_index="10" m_a="1.000000" m_b="0.000000" m_c="0.000000" m_d="1.000000" m_tx="0.000000" m_ty="0.000000"/>
   <element name="body" layername="2" frame="2" z_index="9" m_a="1.000000" m_b="0.000000" m_c="0.000000" m_d="1.000000" m_tx="0.000000" m_ty="0.000000"/>
  </frame>
  <frame idx="375" w="220" h="286" x="0.000000" y="-60.000000">
   <element name="body" layername="0" frame="0" z_index="10" m_a="1.000000" m_b="0.000000" m_c="0.000000" m_d="1.000000" m_tx="0.000000" m_ty="0.000000"/>
   <element name="body" layername="2" frame="2" z_index="9" m_a="1.000000" m_b="0.000000" m_c="0.000000" m_d="1.000000" m_tx="0.000000" m_ty="0.000000"/>
  </frame>
 </anim>
 <anim name="full_onhit" root="zxfarmbowl1" numframes="400" framerate="40">
  <frame idx="0" w="220" h="286" x="0.000000" y="-60.000000">
   <element name="body" layername="0" frame="0" z_index="10" m_a="1.000000" m_b="0.000000" m_c="0.000000" m_d="1.000000" m_tx="0.000000" m_ty="0.000000"/>
   <element name="body" layername="2" frame="2" z_index="9" m_a="1.000000" m_b="0.000000" m_c="0.000000" m_d="1.000000" m_tx="0.000000" m_ty="0.000000"/>
  </frame>
  <frame idx="25" w="223" h="296" x="1.664047" y="-65.538361">
   <element name="body" layername="0" frame="0" z_index="10" m_a="0.999859" m_b="-0.016781" m_c="0.016781" m_d="0.999859" m_tx="0.000000" m_ty="-3.846154"/>
   <element name="body" layername="2" frame="2" z_index="9" m_a="0.999859" m_b="-0.016781" m_c="0.016781" m_d="0.999859" m_tx="0.000000" m_ty="-3.846154"/>
  </frame>
  <frame idx="50" w="225" h="306" x="3.299454" y="-71.104401">
   <element name="body" layername="0" frame="0" z_index="10" m_a="0.999437" m_b="-0.033558" m_c="0.033558" m_d="0.999437" m_tx="0.000000" m_ty="-7.692308"/>
   <element name="body" layername="2" frame="2" z_index="9" m_a="0.999437" m_b="-0.033558" m_c="0.033558" m_d="0.999437" m_tx="0.000000" m_ty="-7.692308"/>
  </frame>
  <frame idx="75" w="226" h="316" x="4.905769" y="-76.697639">
   <element name="body" layername="0" frame="0" z_index="10" m_a="0.998733" m_b="-0.050325" m_c="0.050325" m_d="0.998733" m_tx="0.000000" m_ty="-11.538462"/>
   <element name="body" layername="2" frame="2" z_index="9" m_a="0.998733" m_b="-0.050325" m_c="0.050325" m_d="0.998733" m_tx="0.000000" m_ty="-11.538462"/>
  </frame>
  <frame idx="100" w="228" h="326" x="6.482544" y="-82.317596">
   <element name="body" layername="0" frame="0" z_index="10" m_a="0.997748" m_b="-0.067078" m_c="0.067078" m_d="0.997748" m_tx="0.000000" m_ty="-15.384616"/>
   <element name="body" layername="2" frame="2" z_index="9" m_a="0.997748" m_b="-0.067078" m_c="0.067078" m_d="0.997748" m_tx="0.000000" m_ty="-15.384616"/>
  </frame>
  <frame idx="125" w="230" h="336" x="8.029327" y="-87.963776">
   <element name="body" layername="0" frame="0" z_index="10" m_a="0.996482" m_b="-0.083812" m_c="0.083812" m_d="0.996482" m_tx="0.000000" m_ty="-19.230768"/>
   <element name="body" layername="2" frame="2" z_index="9" m_a="0.996482" m_b="-0.083812" m_c="0.083812" m_d="0.996482" m_tx="0.000000" m_ty="-19.230768"/>
  </frame>
  <frame idx="150" w="228" h="329" x="6.035080" y="-86.423492">
   <element name="body" layername="0" frame="0" z_index="10" m_a="0.998058" m_b="-0.062293" m_c="0.062293" m_d="0.998058" m_tx="0.000000" m_ty="-20.000000"/>
   <element name="body" layername="2" frame="2" z_index="9" m_a="0.998058" m_b="-0.062293" m_c="0.062293" m_d="0.998058" m_tx="0.000000" m_ty="-20.000000"/>
  </frame>
  <frame idx="175" w="225" h="319" x="3.067581" y="-83.164726">
   <element name="body" layername="0" frame="0" z_index="10" m_a="0.999514" m_b="-0.031162" m_c="0.031162" m_d="0.999514" m_tx="0.000000" m_ty="-20.000000"/>
   <element name="body" layername="2" frame="2" z_index="9" m_a="0.999514" m_b="-0.031162" m_c="0.031162" m_d="0.999514" m_tx="0.000000" m_ty="-20.000000"/>
  </frame>
  <frame idx="200" w="220" h="308" x="0.000000" y="-80.000000">
   <element name="body" layername="0" frame="0" z_index="10" m_a="1.000000" m_b="0.000000" m_c="0.000000" m_d="1.000000" m_tx="0.000000" m_ty="-20.000000"/>
   <element name="body" layername="2" frame="2" z_index="9" m_a="1.000000" m_b="0.000000" m_c="0.000000" m_d="1.000000" m_tx="0.000000" m_ty="-20.000000"/>
  </frame>
  <frame idx="225" w="231" h="313" x="-3.164726" y="-76.932411">
   <element name="body" layername="0" frame="0" z_index="10" m_a="0.999514" m_b="0.031162" m_c="-0.031162" m_d="0.999514" m_tx="0.000000" m_ty="-20.000000"/>
   <element name="body" layername="2" frame="2" z_index="9" m_a="0.999514" m_b="0.031162" m_c="-0.031162" m_d="0.999514" m_tx="0.000000" m_ty="-20.000000"/>
  </frame>
  <frame idx="250" w="241" h="316" x="-6.423485" y="-73.964920">
   <element name="body" layername="0" frame="0" z_index="10" m_a="0.998058" m_b="0.062293" m_c="-0.062293" m_d="0.998058" m_tx="0.000000" m_ty="-20.000000"/>
   <element name="body" layername="2" frame="2" z_index="9" m_a="0.998058" m_b="0.062293" m_c="-0.062293" m_d="0.998058" m_tx="0.000000" m_ty="-20.000000"/>
  </frame>
  <frame idx="275" w="248" h="317" x="-8.732979" y="-71.201477">
   <element name="body" layername="0" frame="0" z_index="10" m_a="0.996482" m_b="0.083811" m_c="-0.083811" m_d="0.996482" m_tx="0.000000" m_ty="-19.230770"/>
   <element name="body" layername="2" frame="2" z_index="9" m_a="0.996482" m_b="0.083811" m_c="-0.083811" m_d="0.996482" m_tx="0.000000" m_ty="-19.230770"/>
  </frame>
  <frame idx="300" w="242" h="311" x="-6.933037" y="-68.902031">
   <element name="body" layername="0" frame="0" z_index="10" m_a="0.997748" m_b="0.067078" m_c="-0.067078" m_d="0.997748" m_tx="0.000000" m_ty="-15.384615"/>
   <element name="body" layername="2" frame="2" z_index="9" m_a="0.997748" m_b="0.067078" m_c="-0.067078" m_d="0.997748" m_tx="0.000000" m_ty="-15.384615"/>
  </frame>
  <frame idx="325" w="237" h="305" x="-5.159157" y="-66.632713">
   <element name="body" layername="0" frame="0" z_index="10" m_a="0.998733" m_b="0.050324" m_c="-0.050324" m_d="0.998733" m_tx="0.000000" m_ty="-11.538462"/>
   <element name="body" layername="2" frame="2" z_index="9" m_a="0.998733" m_b="0.050324" m_c="-0.050324" m_d="0.998733" m_tx="0.000000" m_ty="-11.538462"/>
  </frame>
  <frame idx="350" w="233" h="299" x="-3.412086" y="-64.392868">
   <element name="body" layername="0" frame="0" z_index="10" m_a="0.999437" m_b="0.033558" m_c="-0.033558" m_d="0.999437" m_tx="0.000000" m_ty="-7.692307"/>
   <element name="body" layername="2" frame="2" z_index="9" m_a="0.999437" m_b="0.033558" m_c="-0.033558" m_d="0.999437" m_tx="0.000000" m_ty="-7.692307"/>
  </frame>
  <frame idx="375" w="227" h="293" x="-1.692162" y="-62.182152">
   <element name="body" layername="0" frame="0" z_index="10" m_a="0.999859" m_b="0.016781" m_c="-0.016781" m_d="0.999859" m_tx="0.000000" m_ty="-3.846153"/>
   <element name="body" layername="2" frame="2" z_index="9" m_a="0.999859" m_b="0.016781" m_c="-0.016781" m_d="0.999859" m_tx="0.000000" m_ty="-3.846153"/>
  </frame>
 </anim>
 <anim name="half" root="zxfarmbowl1" numframes="400" framerate="40">
  <frame idx="0" w="220" h="286" x="0.000000" y="-60.000000">
   <element name="body" layername="0" frame="0" z_index="10" m_a="1.000000" m_b="0.000000" m_c="0.000000" m_d="1.000000" m_tx="0.000000" m_ty="0.000000"/>
   <element name="body" layername="1" frame="1" z_index="9" m_a="1.000000" m_b="0.000000" m_c="0.000000" m_d="1.000000" m_tx="0.000000" m_ty="0.000000"/>
  </frame>
  <frame idx="25" w="220" h="286" x="0.000000" y="-60.000000">
   <element name="body" layername="0" frame="0" z_index="10" m_a="1.000000" m_b="0.000000" m_c="0.000000" m_d="1.000000" m_tx="0.000000" m_ty="0.000000"/>
   <element name="body" layername="1" frame="1" z_index="9" m_a="1.000000" m_b="0.000000" m_c="0.000000" m_d="1.000000" m_tx="0.000000" m_ty="0.000000"/>
  </frame>
  <frame idx="50" w="220" h="286" x="0.000000" y="-60.000000">
   <element name="body" layername="0" frame="0" z_index="10" m_a="1.000000" m_b="0.000000" m_c="0.000000" m_d="1.000000" m_tx="0.000000" m_ty="0.000000"/>
   <element name="body" layername="1" frame="1" z_index="9" m_a="1.000000" m_b="0.000000" m_c="0.000000" m_d="1.000000" m_tx="0.000000" m_ty="0.000000"/>
  </frame>
  <frame idx="75" w="220" h="286" x="0.000000" y="-60.000000">
   <element name="body" layername="0" frame="0" z_index="10" m_a="1.000000" m_b="0.000000" m_c="0.000000" m_d="1.000000" m_tx="0.000000" m_ty="0.000000"/>
   <element name="body" layername="1" frame="1" z_index="9" m_a="1.000000" m_b="0.000000" m_c="0.000000" m_d="1.000000" m_tx="0.000000" m_ty="0.000000"/>
  </frame>
  <frame idx="100" w="220" h="286" x="0.000000" y="-60.000000">
   <element name="body" layername="0" frame="0" z_index="10" m_a="1.000000" m_b="0.000000" m_c="0.000000" m_d="1.000000" m_tx="0.000000" m_ty="0.000000"/>
   <element name="body" layername="1" frame="1" z_index="9" m_a="1.000000" m_b="0.000000" m_c="0.000000" m_d="1.000000" m_tx="0.000000" m_ty="0.000000"/>
  </frame>
  <frame idx="125" w="220" h="286" x="0.000000" y="-60.000000">
   <element name="body" layername="0" frame="0" z_index="10" m_a="1.000000" m_b="0.000000" m_c="0.000000" m_d="1.000000" m_tx="0.000000" m_ty="0.000000"/>
   <element name="body" layername="1" frame="1" z_index="9" m_a="1.000000" m_b="0.000000" m_c="0.000000" m_d="1.000000" m_tx="0.000000" m_ty="0.000000"/>
  </frame>
  <frame idx="150" w="220" h="286" x="0.000000" y="-60.000000">
   <element name="body" layername="0" frame="0" z_index="10" m_a="1.000000" m_b="0.000000" m_c="0.000000" m_d="1.000000" m_tx="0.000000" m_ty="0.000000"/>
   <element name="body" layername="1" frame="1" z_index="9" m_a="1.000000" m_b="0.000000" m_c="0.000000" m_d="1.000000" m_tx="0.000000" m_ty="0.000000"/>
  </frame>
  <frame idx="175" w="220" h="286" x="0.000000" y="-60.000000">
   <element name="body" layername="0" frame="0" z_index="10" m_a="1.000000" m_b="0.000000" m_c="0.000000" m_d="1.000000" m_tx="0.000000" m_ty="0.000000"/>
   <element name="body" layername="1" frame="1" z_index="9" m_a="1.000000" m_b="0.000000" m_c="0.000000" m_d="1.000000" m_tx="0.000000" m_ty="0.000000"/>
  </frame>
  <frame idx="200" w="220" h="286" x="0.000000" y="-60.000000">
   <element name="body" layername="0" frame="0" z_index="10" m_a="1.000000" m_b="0.000000" m_c="0.000000" m_d="1.000000" m_tx="0.000000" m_ty="0.000000"/>
   <element name="body" layername="1" frame="1" z_index="9" m_a="1.000000" m_b="0.000000" m_c="0.000000" m_d="1.000000" m_tx="0.000000" m_ty="0.000000"/>
  </frame>
  <frame idx="225" w="220" h="286" x="0.000000" y="-60.000000">
   <element name="body" layername="0" frame="0" z_index="10" m_a="1.000000" m_b="0.000000" m_c="0.000000" m_d="1.000000" m_tx="0.000000" m_ty="0.000000"/>
   <element name="body" layername="1" frame="1" z_index="9" m_a="1.000000" m_b="0.000000" m_c="0.000000" m_d="1.000000" m_tx="0.000000" m_ty="0.000000"/>
  </frame>
  <frame idx="250" w="220" h="286" x="0.000000" y="-60.000000">
   <element name="body" layername="0" frame="0" z_index="10" m_a="1.000000" m_b="0.000000" m_c="0.000000" m_d="1.000000" m_tx="0.000000" m_ty="0.000000"/>
   <element name="body" layername="1" frame="1" z_index="9" m_a="1.000000" m_b="0.000000" m_c="0.000000" m_d="1.000000" m_tx="0.000000" m_ty="0.000000"/>
  </frame>
  <frame idx="275" w="220" h="286" x="0.000000" y="-60.000000">
   <element name="body" layername="0" frame="0" z_index="10" m_a="1.000000" m_b="0.000000" m_c="0.000000" m_d="1.000000" m_tx="0.000000" m_ty="0.000000"/>
   <element name="body" layername="1" frame="1" z_index="9" m_a="1.000000" m_b="0.000000" m_c="0.000000" m_d="1.000000" m_tx="0.000000" m_ty="0.000000"/>
  </frame>
  <frame idx="300" w="220" h="286" x="0.000000" y="-60.000000">
   <element name="body" layername="0" frame="0" z_index="10" m_a="1.000000" m_b="0.000000" m_c="0.000000" m_d="1.000000" m_tx="0.000000" m_ty="0.000000"/>
   <element name="body" layername="1" frame="1" z_index="9" m_a="1.000000" m_b="0.000000" m_c="0.000000" m_d="1.000000" m_tx="0.000000" m_ty="0.000000"/>
  </frame>
  <frame idx="325" w="220" h="286" x="0.000000" y="-60.000000">
   <element name="body" layername="0" frame="0" z_index="10" m_a="1.000000" m_b="0.000000" m_c="0.000000" m_d="1.000000" m_tx="0.000000" m_ty="0.000000"/>
   <element name="body" layername="1" frame="1" z_index="9" m_a="1.000000" m_b="0.000000" m_c="0.000000" m_d="1.000000" m_tx="0.000000" m_ty="0.000000"/>
  </frame>
  <frame idx="350" w="220" h="286" x="0.000000" y="-60.000000">
   <element name="body" layername="0" frame="0" z_index="10" m_a="1.000000" m_b="0.000000" m_c="0.000000" m_d="1.000000" m_tx="0.000000" m_ty="0.000000"/>
   <element name="body" layername="1" frame="1" z_index="9" m_a="1.000000" m_b="0.000000" m_c="0.000000" m_d="1.000000" m_tx="0.000000" m_ty="0.000000"/>
  </frame>
  <frame idx="375" w="220" h="286" x="0.000000" y="-60.000000">
   <element name="body" layername="0" frame="0" z_index="10" m_a="1.000000" m_b="0.000000" m_c="0.000000" m_d="1.000000" m_tx="0.000000" m_ty="0.000000"/>
   <element name="body" layername="1" frame="1" z_index="9" m_a="1.000000" m_b="0.000000" m_c="0.000000" m_d="1.000000" m_tx="0.000000" m_ty="0.000000"/>
  </frame>
 </anim>
 <anim name="half_onhit" root="zxfarmbowl1" numframes="400" framerate="40">
  <frame idx="0" w="220" h="286" x="0.000000" y="-60.000000">
   <element name="body" layername="0" frame="0" z_index="10" m_a="1.000000" m_b="0.000000" m_c="0.000000" m_d="1.000000" m_tx="0.000000" m_ty="0.000000"/>
   <element name="body" layername="1" frame="1" z_index="9" m_a="1.000000" m_b="0.000000" m_c="0.000000" m_d="1.000000" m_tx="0.000000" m_ty="0.000000"/>
  </frame>
  <frame idx="25" w="223" h="296" x="1.602913" y="-65.332741">
   <element name="body" layername="0" frame="0" z_index="10" m_a="0.999869" m_b="-0.016160" m_c="0.016160" m_d="0.999869" m_tx="0.000000" m_ty="-3.703704"/>
   <element name="body" layername="1" frame="1" z_index="9" m_a="0.999869" m_b="-0.016160" m_c="0.016160" m_d="0.999869" m_tx="0.000000" m_ty="-3.703704"/>
  </frame>
  <frame idx="50" w="225" h="306" x="3.179306" y="-70.691162">
   <element name="body" layername="0" frame="0" z_index="10" m_a="0.999478" m_b="-0.032315" m_c="0.032315" m_d="0.999478" m_tx="0.000000" m_ty="-7.407407"/>
   <element name="body" layername="1" frame="1" z_index="9" m_a="0.999478" m_b="-0.032315" m_c="0.032315" m_d="0.999478" m_tx="0.000000" m_ty="-7.407407"/>
  </frame>
  <frame idx="75" w="226" h="315" x="4.728737" y="-76.074852">
   <element name="body" layername="0" frame="0" z_index="10" m_a="0.998825" m_b="-0.048462" m_c="0.048462" m_d="0.998825" m_tx="0.000000" m_ty="-11.111112"/>
   <element name="body" layername="1" frame="1" z_index="9" m_a="0.998825" m_b="-0.048462" m_c="0.048462" m_d="0.998825" m_tx="0.000000" m_ty="-11.111112"/>
  </frame>
  <frame idx="100" w="228" h="324" x="6.250824" y="-81.483353">
   <element name="body" layername="0" frame="0" z_index="10" m_a="0.997911" m_b="-0.064597" m_c="0.064597" m_d="0.997911" m_tx="0.000000" m_ty="-14.814815"/>
   <element name="body" layername="1" frame="1" z_index="9" m_a="0.997911" m_b="-0.064597" m_c="0.064597" m_d="0.997911" m_tx="0.000000" m_ty="-14.814815"/>
  </frame>
  <frame idx="125" w="229" h="334" x="7.745163" y="-86.916245">
   <element name="body" layername="0" frame="0" z_index="10" m_a="0.996737" m_b="-0.080714" m_c="0.080714" m_d="0.996737" m_tx="0.000000" m_ty="-18.518518"/>
   <element name="body" layername="1" frame="1" z_index="9" m_a="0.996737" m_b="-0.080714" m_c="0.080714" m_d="0.996737" m_tx="0.000000" m_ty="-18.518518"/>
  </frame>
  <frame idx="150" w="228" h="332" x="6.551926" y="-87.012436">
   <element name="body" layername="0" frame="0" z_index="10" m_a="0.997697" m_b="-0.067822" m_c="0.067822" m_d="0.997697" m_tx="0.000000" m_ty="-20.000000"/>
   <element name="body" layername="1" frame="1" z_index="9" m_a="0.997697" m_b="-0.067822" m_c="0.067822" m_d="0.997697" m_tx="0.000000" m_ty="-20.000000"/>
  </frame>
  <frame idx="175" w="225" h="321" x="3.491356" y="-83.617744">
   <element name="body" layername="0" frame="0" z_index="10" m_a="0.999368" m_b="-0.035546" m_c="0.035546" m_d="0.999368" m_tx="0.000000" m_ty="-20.000000"/>
   <element name="body" layername="1" frame="1" z_index="9" m_a="0.999368" m_b="-0.035546" m_c="0.035546" m_d="0.999368" m_tx="0.000000" m_ty="-20.000000"/>
  </frame>
  <frame idx="200" w="222" h="310" x="0.322678" y="-80.323738">
   <element name="body" layername="0" frame="0" z_index="10" m_a="0.999995" m_b="-0.003232" m_c="0.003232" m_d="0.999995" m_tx="0.000000" m_ty="-20.000000"/>
   <element name="body" layername="1" frame="1" z_index="9" m_a="0.999995" m_b="-0.003232" m_c="0.003232" m_d="0.999995" m_tx="0.000000" m_ty="-20.000000"/>
  </frame>
  <frame idx="225" w="230" h="312" x="-2.950783" y="-77.133835">
   <element name="body" layername="0" frame="0" z_index="10" m_a="0.999577" m_b="0.029085" m_c="-0.029085" m_d="0.999577" m_tx="0.000000" m_ty="-20.000000"/>
   <element name="body" layername="1" frame="1" z_index="9" m_a="0.999577" m_b="0.029085" m_c="-0.029085" m_d="0.999577" m_tx="0.000000" m_ty="-20.000000"/>
  </frame>
  <frame idx="250" w="241" h="315" x="-6.325615" y="-74.051384">
   <element name="body" layername="0" frame="0" z_index="10" m_a="0.998115" m_b="0.061371" m_c="-0.061371" m_d="0.998115" m_tx="0.000000" m_ty="-20.000000"/>
   <element name="body" layername="1" frame="1" z_index="9" m_a="0.998115" m_b="0.061371" m_c="-0.061371" m_d="0.998115" m_tx="0.000000" m_ty="-20.000000"/>
  </frame>
  <frame idx="275" w="248" h="317" x="-8.732979" y="-71.201477">
   <element name="body" layername="0" frame="0" z_index="10" m_a="0.996482" m_b="0.083811" m_c="-0.083811" m_d="0.996482" m_tx="0.000000" m_ty="-19.230770"/>
   <element name="body" layername="1" frame="1" z_index="9" m_a="0.996482" m_b="0.083811" m_c="-0.083811" m_d="0.996482" m_tx="0.000000" m_ty="-19.230770"/>
  </frame>
  <frame idx="300" w="242" h="311" x="-6.933037" y="-68.902031">
   <element name="body" layername="0" frame="0" z_index="10" m_a="0.997748" m_b="0.067078" m_c="-0.067078" m_d="0.997748" m_tx="0.000000" m_ty="-15.384615"/>
   <element name="body" layername="1" frame="1" z_index="9" m_a="0.997748" m_b="0.067078" m_c="-0.067078" m_d="0.997748" m_tx="0.000000" m_ty="-15.384615"/>
  </frame>
  <frame idx="325" w="237" h="305" x="-5.159157" y="-66.632713">
   <element name="body" layername="0" frame="0" z_index="10" m_a="0.998733" m_b="0.050324" m_c="-0.050324" m_d="0.998733" m_tx="0.000000" m_ty="-11.538462"/>
   <element name="body" layername="1" frame="1" z_index="9" m_a="0.998733" m_b="0.050324" m_c="-0.050324" m_d="0.998733" m_tx="0.000000" m_ty="-11.538462"/>
  </frame>
  <frame idx="350" w="233" h="299" x="-3.412086" y="-64.392868">
   <element name="body" layername="0" frame="0" z_index="10" m_a="0.999437" m_b="0.033558" m_c="-0.033558" m_d="0.999437" m_tx="0.000000" m_ty="-7.692307"/>
   <element name="body" layername="1" frame="1" z_index="9" m_a="0.999437" m_b="0.033558" m_c="-0.033558" m_d="0.999437" m_tx="0.000000" m_ty="-7.692307"/>
  </frame>
  <frame idx="375" w="227" h="293" x="-1.692162" y="-62.182152">
   <element name="body" layername="0" frame="0" z_index="10" m_a="0.999859" m_b="0.016781" m_c="-0.016781" m_d="0.999859" m_tx="0.000000" m_ty="-3.846153"/>
   <element name="body" layername="1" frame="1" z_index="9" m_a="0.999859" m_b="0.016781" m_c="-0.016781" m_d="0.999859" m_tx="0.000000" m_ty="-3.846153"/>
  </frame>
 </anim>
</Anims>
