<Anims>
 <anim name="idle" root="zxfarmhatch1" numframes="400" framerate="40">
  <frame idx="0" w="495" h="770" x="50.000000" y="-200.000000">
   <element name="body" layername="7" frame="0" z_index="9" m_a="1.000000" m_b="0.000000" m_c="0.000000" m_d="1.000000" m_tx="0.000000" m_ty="0.000000"/>
   <element name="body" layername="3" frame="4" z_index="10" m_a="1.000000" m_b="0.000000" m_c="0.000000" m_d="1.000000" m_tx="0.000000" m_ty="0.000000"/>
   <element name="body" layername="6" frame="1" z_index="8" m_a="1.000000" m_b="0.000000" m_c="0.000000" m_d="1.000000" m_tx="0.000000" m_ty="0.000000"/>
   <element name="body" layername="5" frame="2" z_index="7" m_a="1.000000" m_b="0.000000" m_c="0.000000" m_d="1.000000" m_tx="0.000000" m_ty="0.000000"/>
  </frame>
  <frame idx="25" w="495" h="770" x="50.000000" y="-200.000000">
   <element name="body" layername="7" frame="0" z_index="9" m_a="1.000000" m_b="0.000000" m_c="0.000000" m_d="1.000000" m_tx="0.000000" m_ty="0.000000"/>
   <element name="body" layername="3" frame="4" z_index="10" m_a="1.000000" m_b="0.000000" m_c="0.000000" m_d="1.000000" m_tx="0.000000" m_ty="0.000000"/>
   <element name="body" layername="6" frame="1" z_index="8" m_a="1.000000" m_b="0.000000" m_c="0.000000" m_d="1.000000" m_tx="0.000000" m_ty="0.000000"/>
   <element name="body" layername="5" frame="2" z_index="7" m_a="1.000000" m_b="0.000000" m_c="0.000000" m_d="1.000000" m_tx="0.000000" m_ty="0.000000"/>
  </frame>
  <frame idx="50" w="495" h="770" x="50.000000" y="-200.000000">
   <element name="body" layername="7" frame="0" z_index="9" m_a="1.000000" m_b="0.000000" m_c="0.000000" m_d="1.000000" m_tx="0.000000" m_ty="0.000000"/>
   <element name="body" layername="3" frame="4" z_index="10" m_a="1.000000" m_b="0.000000" m_c="0.000000" m_d="1.000000" m_tx="0.000000" m_ty="0.000000"/>
   <element name="body" layername="6" frame="1" z_index="8" m_a="1.000000" m_b="0.000000" m_c="0.000000" m_d="1.000000" m_tx="0.000000" m_ty="0.000000"/>
   <element name="body" layername="5" frame="2" z_index="7" m_a="1.000000" m_b="0.000000" m_c="0.000000" m_d="1.000000" m_tx="0.000000" m_ty="0.000000"/>
  </frame>
  <frame idx="75" w="495" h="770" x="50.000000" y="-200.000000">
   <element name="body" layername="7" frame="0" z_index="9" m_a="1.000000" m_b="0.000000" m_c="0.000000" m_d="1.000000" m_tx="0.000000" m_ty="0.000000"/>
   <element name="body" layername="3" frame="4" z_index="10" m_a="1.000000" m_b="0.000000" m_c="0.000000" m_d="1.000000" m_tx="0.000000" m_ty="0.000000"/>
   <element name="body" layername="6" frame="1" z_index="8" m_a="1.000000" m_b="0.000000" m_c="0.000000" m_d="1.000000" m_tx="0.000000" m_ty="0.000000"/>
   <element name="body" layername="5" frame="2" z_index="7" m_a="1.000000" m_b="0.000000" m_c="0.000000" m_d="1.000000" m_tx="0.000000" m_ty="0.000000"/>
  </frame>
  <frame idx="100" w="495" h="770" x="50.000000" y="-200.000000">
   <element name="body" layername="7" frame="0" z_index="9" m_a="1.000000" m_b="0.000000" m_c="0.000000" m_d="1.000000" m_tx="0.000000" m_ty="0.000000"/>
   <element name="body" layername="3" frame="4" z_index="10" m_a="1.000000" m_b="0.000000" m_c="0.000000" m_d="1.000000" m_tx="0.000000" m_ty="0.000000"/>
   <element name="body" layername="6" frame="1" z_index="8" m_a="1.000000" m_b="0.000000" m_c="0.000000" m_d="1.000000" m_tx="0.000000" m_ty="0.000000"/>
   <element name="body" layername="5" frame="2" z_index="7" m_a="1.000000" m_b="0.000000" m_c="0.000000" m_d="1.000000" m_tx="0.000000" m_ty="0.000000"/>
  </frame>
  <frame idx="125" w="495" h="770" x="50.000000" y="-200.000000">
   <element name="body" layername="7" frame="0" z_index="9" m_a="1.000000" m_b="0.000000" m_c="0.000000" m_d="1.000000" m_tx="0.000000" m_ty="0.000000"/>
   <element name="body" layername="3" frame="4" z_index="10" m_a="1.000000" m_b="0.000000" m_c="0.000000" m_d="1.000000" m_tx="0.000000" m_ty="0.000000"/>
   <element name="body" layername="6" frame="1" z_index="8" m_a="1.000000" m_b="0.000000" m_c="0.000000" m_d="1.000000" m_tx="0.000000" m_ty="0.000000"/>
   <element name="body" layername="5" frame="2" z_index="7" m_a="1.000000" m_b="0.000000" m_c="0.000000" m_d="1.000000" m_tx="0.000000" m_ty="0.000000"/>
  </frame>
  <frame idx="150" w="495" h="770" x="50.000000" y="-200.000000">
   <element name="body" layername="7" frame="0" z_index="9" m_a="1.000000" m_b="0.000000" m_c="0.000000" m_d="1.000000" m_tx="0.000000" m_ty="0.000000"/>
   <element name="body" layername="3" frame="4" z_index="10" m_a="1.000000" m_b="0.000000" m_c="0.000000" m_d="1.000000" m_tx="0.000000" m_ty="0.000000"/>
   <element name="body" layername="6" frame="1" z_index="8" m_a="1.000000" m_b="0.000000" m_c="0.000000" m_d="1.000000" m_tx="0.000000" m_ty="0.000000"/>
   <element name="body" layername="5" frame="2" z_index="7" m_a="1.000000" m_b="0.000000" m_c="0.000000" m_d="1.000000" m_tx="0.000000" m_ty="0.000000"/>
  </frame>
  <frame idx="175" w="495" h="770" x="50.000000" y="-200.000000">
   <element name="body" layername="7" frame="0" z_index="9" m_a="1.000000" m_b="0.000000" m_c="0.000000" m_d="1.000000" m_tx="0.000000" m_ty="0.000000"/>
   <element name="body" layername="3" frame="4" z_index="10" m_a="1.000000" m_b="0.000000" m_c="0.000000" m_d="1.000000" m_tx="0.000000" m_ty="0.000000"/>
   <element name="body" layername="6" frame="1" z_index="8" m_a="1.000000" m_b="0.000000" m_c="0.000000" m_d="1.000000" m_tx="0.000000" m_ty="0.000000"/>
   <element name="body" layername="5" frame="2" z_index="7" m_a="1.000000" m_b="0.000000" m_c="0.000000" m_d="1.000000" m_tx="0.000000" m_ty="0.000000"/>
  </frame>
  <frame idx="200" w="495" h="770" x="50.000000" y="-200.000000">
   <element name="body" layername="7" frame="0" z_index="9" m_a="1.000000" m_b="0.000000" m_c="0.000000" m_d="1.000000" m_tx="0.000000" m_ty="0.000000"/>
   <element name="body" layername="3" frame="4" z_index="10" m_a="1.000000" m_b="0.000000" m_c="0.000000" m_d="1.000000" m_tx="0.000000" m_ty="0.000000"/>
   <element name="body" layername="6" frame="1" z_index="8" m_a="1.000000" m_b="0.000000" m_c="0.000000" m_d="1.000000" m_tx="0.000000" m_ty="0.000000"/>
   <element name="body" layername="5" frame="2" z_index="7" m_a="1.000000" m_b="0.000000" m_c="0.000000" m_d="1.000000" m_tx="0.000000" m_ty="0.000000"/>
  </frame>
  <frame idx="225" w="495" h="770" x="50.000000" y="-200.000000">
   <element name="body" layername="7" frame="0" z_index="9" m_a="1.000000" m_b="0.000000" m_c="0.000000" m_d="1.000000" m_tx="0.000000" m_ty="0.000000"/>
   <element name="body" layername="3" frame="4" z_index="10" m_a="1.000000" m_b="0.000000" m_c="0.000000" m_d="1.000000" m_tx="0.000000" m_ty="0.000000"/>
   <element name="body" layername="6" frame="1" z_index="8" m_a="1.000000" m_b="0.000000" m_c="0.000000" m_d="1.000000" m_tx="0.000000" m_ty="0.000000"/>
   <element name="body" layername="5" frame="2" z_index="7" m_a="1.000000" m_b="0.000000" m_c="0.000000" m_d="1.000000" m_tx="0.000000" m_ty="0.000000"/>
  </frame>
  <frame idx="250" w="495" h="770" x="50.000000" y="-200.000000">
   <element name="body" layername="7" frame="0" z_index="9" m_a="1.000000" m_b="0.000000" m_c="0.000000" m_d="1.000000" m_tx="0.000000" m_ty="0.000000"/>
   <element name="body" layername="3" frame="4" z_index="10" m_a="1.000000" m_b="0.000000" m_c="0.000000" m_d="1.000000" m_tx="0.000000" m_ty="0.000000"/>
   <element name="body" layername="6" frame="1" z_index="8" m_a="1.000000" m_b="0.000000" m_c="0.000000" m_d="1.000000" m_tx="0.000000" m_ty="0.000000"/>
   <element name="body" layername="5" frame="2" z_index="7" m_a="1.000000" m_b="0.000000" m_c="0.000000" m_d="1.000000" m_tx="0.000000" m_ty="0.000000"/>
  </frame>
  <frame idx="275" w="495" h="770" x="50.000000" y="-200.000000">
   <element name="body" layername="7" frame="0" z_index="9" m_a="1.000000" m_b="0.000000" m_c="0.000000" m_d="1.000000" m_tx="0.000000" m_ty="0.000000"/>
   <element name="body" layername="3" frame="4" z_index="10" m_a="1.000000" m_b="0.000000" m_c="0.000000" m_d="1.000000" m_tx="0.000000" m_ty="0.000000"/>
   <element name="body" layername="6" frame="1" z_index="8" m_a="1.000000" m_b="0.000000" m_c="0.000000" m_d="1.000000" m_tx="0.000000" m_ty="0.000000"/>
   <element name="body" layername="5" frame="2" z_index="7" m_a="1.000000" m_b="0.000000" m_c="0.000000" m_d="1.000000" m_tx="0.000000" m_ty="0.000000"/>
  </frame>
  <frame idx="300" w="495" h="770" x="50.000000" y="-200.000000">
   <element name="body" layername="7" frame="0" z_index="9" m_a="1.000000" m_b="0.000000" m_c="0.000000" m_d="1.000000" m_tx="0.000000" m_ty="0.000000"/>
   <element name="body" layername="3" frame="4" z_index="10" m_a="1.000000" m_b="0.000000" m_c="0.000000" m_d="1.000000" m_tx="0.000000" m_ty="0.000000"/>
   <element name="body" layername="6" frame="1" z_index="8" m_a="1.000000" m_b="0.000000" m_c="0.000000" m_d="1.000000" m_tx="0.000000" m_ty="0.000000"/>
   <element name="body" layername="5" frame="2" z_index="7" m_a="1.000000" m_b="0.000000" m_c="0.000000" m_d="1.000000" m_tx="0.000000" m_ty="0.000000"/>
  </frame>
  <frame idx="325" w="495" h="770" x="50.000000" y="-200.000000">
   <element name="body" layername="7" frame="0" z_index="9" m_a="1.000000" m_b="0.000000" m_c="0.000000" m_d="1.000000" m_tx="0.000000" m_ty="0.000000"/>
   <element name="body" layername="3" frame="4" z_index="10" m_a="1.000000" m_b="0.000000" m_c="0.000000" m_d="1.000000" m_tx="0.000000" m_ty="0.000000"/>
   <element name="body" layername="6" frame="1" z_index="8" m_a="1.000000" m_b="0.000000" m_c="0.000000" m_d="1.000000" m_tx="0.000000" m_ty="0.000000"/>
   <element name="body" layername="5" frame="2" z_index="7" m_a="1.000000" m_b="0.000000" m_c="0.000000" m_d="1.000000" m_tx="0.000000" m_ty="0.000000"/>
  </frame>
  <frame idx="350" w="495" h="770" x="50.000000" y="-200.000000">
   <element name="body" layername="7" frame="0" z_index="9" m_a="1.000000" m_b="0.000000" m_c="0.000000" m_d="1.000000" m_tx="0.000000" m_ty="0.000000"/>
   <element name="body" layername="3" frame="4" z_index="10" m_a="1.000000" m_b="0.000000" m_c="0.000000" m_d="1.000000" m_tx="0.000000" m_ty="0.000000"/>
   <element name="body" layername="6" frame="1" z_index="8" m_a="1.000000" m_b="0.000000" m_c="0.000000" m_d="1.000000" m_tx="0.000000" m_ty="0.000000"/>
   <element name="body" layername="5" frame="2" z_index="7" m_a="1.000000" m_b="0.000000" m_c="0.000000" m_d="1.000000" m_tx="0.000000" m_ty="0.000000"/>
  </frame>
  <frame idx="375" w="495" h="770" x="50.000000" y="-200.000000">
   <element name="body" layername="7" frame="0" z_index="9" m_a="1.000000" m_b="0.000000" m_c="0.000000" m_d="1.000000" m_tx="0.000000" m_ty="0.000000"/>
   <element name="body" layername="3" frame="4" z_index="10" m_a="1.000000" m_b="0.000000" m_c="0.000000" m_d="1.000000" m_tx="0.000000" m_ty="0.000000"/>
   <element name="body" layername="6" frame="1" z_index="8" m_a="1.000000" m_b="0.000000" m_c="0.000000" m_d="1.000000" m_tx="0.000000" m_ty="0.000000"/>
   <element name="body" layername="5" frame="2" z_index="7" m_a="1.000000" m_b="0.000000" m_c="0.000000" m_d="1.000000" m_tx="0.000000" m_ty="0.000000"/>
  </frame>
 </anim>
 <anim name="working" root="zxfarmhatch1" numframes="400" framerate="40">
  <frame idx="0" w="503" h="792" x="56.458557" y="-206.544220">
   <element name="body" layername="7" frame="0" z_index="9" m_a="1.000000" m_b="0.000000" m_c="0.000000" m_d="1.000000" m_tx="0.000000" m_ty="0.000000"/>
   <element name="body" layername="3" frame="4" z_index="10" m_a="0.999657" m_b="-0.026177" m_c="0.026177" m_d="0.999657" m_tx="0.000000" m_ty="0.000000"/>
   <element name="body" layername="1" frame="6" z_index="8" m_a="0.999657" m_b="-0.026177" m_c="0.026177" m_d="0.999657" m_tx="0.000000" m_ty="0.000000"/>
   <element name="body" layername="2" frame="5" z_index="6" m_a="0.999657" m_b="-0.026177" m_c="0.026177" m_d="0.999657" m_tx="0.000000" m_ty="0.000000"/>
   <element name="body" layername="4" frame="3" z_index="5" m_a="0.999657" m_b="-0.026177" m_c="0.026177" m_d="0.999657" m_tx="0.000000" m_ty="0.000000"/>
   <element name="swap_soul" layername="soul" frame="0" z_index="7" m_a="1.499486" m_b="-0.039265" m_c="0.039265" m_d="1.499486" m_tx="-20.000000" m_ty="-243.000000"/>
  </frame>
  <frame idx="25" w="503" h="787" x="53.394730" y="-204.281250">
   <element name="body" layername="7" frame="0" z_index="9" m_a="1.000000" m_b="0.000000" m_c="0.000000" m_d="1.000000" m_tx="0.000000" m_ty="0.000000"/>
   <element name="body" layername="3" frame="4" z_index="10" m_a="0.999807" m_b="-0.019634" m_c="0.019634" m_d="0.999807" m_tx="-1.465501" m_ty="0.675357"/>
   <element name="body" layername="1" frame="6" z_index="8" m_a="0.999807" m_b="-0.019634" m_c="0.019634" m_d="0.999807" m_tx="-1.465501" m_ty="0.675357"/>
   <element name="body" layername="2" frame="5" z_index="6" m_a="0.999807" m_b="-0.019634" m_c="0.019634" m_d="0.999807" m_tx="-1.465501" m_ty="0.675357"/>
   <element name="body" layername="4" frame="3" z_index="5" m_a="0.999807" m_b="-0.019634" m_c="0.019634" m_d="0.999807" m_tx="-1.465501" m_ty="0.675357"/>
   <element name="swap_soul" layername="soul" frame="0" z_index="7" m_a="1.499711" m_b="-0.029451" m_c="0.029451" m_d="1.499711" m_tx="-20.000000" m_ty="-243.000000"/>
  </frame>
  <frame idx="50" w="503" h="780" x="50.319992" y="-201.943100">
   <element name="body" layername="7" frame="0" z_index="9" m_a="1.000000" m_b="0.000000" m_c="0.000000" m_d="1.000000" m_tx="0.000000" m_ty="0.000000"/>
   <element name="body" layername="3" frame="4" z_index="10" m_a="0.999914" m_b="-0.013090" m_c="0.013090" m_d="0.999914" m_tx="-2.931002" m_ty="1.350713"/>
   <element name="body" layername="1" frame="6" z_index="8" m_a="0.999914" m_b="-0.013090" m_c="0.013090" m_d="0.999914" m_tx="-2.931002" m_ty="1.350713"/>
   <element name="body" layername="2" frame="5" z_index="6" m_a="0.999914" m_b="-0.013090" m_c="0.013090" m_d="0.999914" m_tx="-2.931002" m_ty="1.350713"/>
   <element name="body" layername="4" frame="3" z_index="5" m_a="0.999914" m_b="-0.013090" m_c="0.013090" m_d="0.999914" m_tx="-2.931002" m_ty="1.350713"/>
   <element name="swap_soul" layername="soul" frame="0" z_index="7" m_a="1.499871" m_b="-0.019634" m_c="0.019634" m_d="1.499871" m_tx="-20.000000" m_ty="-243.000000"/>
  </frame>
  <frame idx="75" w="503" h="774" x="47.801743" y="-199.615524">
   <element name="body" layername="7" frame="0" z_index="9" m_a="1.000000" m_b="0.000000" m_c="0.000000" m_d="1.000000" m_tx="0.000000" m_ty="0.000000"/>
   <element name="body" layername="3" frame="4" z_index="10" m_a="0.999979" m_b="-0.006545" m_c="0.006545" m_d="0.999979" m_tx="-4.396503" m_ty="2.026070"/>
   <element name="body" layername="1" frame="6" z_index="8" m_a="0.999979" m_b="-0.006545" m_c="0.006545" m_d="0.999979" m_tx="-4.396503" m_ty="2.026070"/>
   <element name="body" layername="2" frame="5" z_index="6" m_a="0.999979" m_b="-0.006545" m_c="0.006545" m_d="0.999979" m_tx="-4.396503" m_ty="2.026070"/>
   <element name="body" layername="4" frame="3" z_index="5" m_a="0.999979" m_b="-0.006545" m_c="0.006545" m_d="0.999979" m_tx="-4.396503" m_ty="2.026070"/>
   <element name="swap_soul" layername="soul" frame="0" z_index="7" m_a="1.499968" m_b="-0.009817" m_c="0.009817" m_d="1.499968" m_tx="-20.000000" m_ty="-243.000000"/>
  </frame>
  <frame idx="100" w="505" h="773" x="47.069000" y="-198.649292">
   <element name="body" layername="7" frame="0" z_index="9" m_a="1.000000" m_b="0.000000" m_c="0.000000" m_d="1.000000" m_tx="0.000000" m_ty="0.000000"/>
   <element name="body" layername="3" frame="4" z_index="10" m_a="1.000000" m_b="0.000000" m_c="0.000000" m_d="1.000000" m_tx="-5.862004" m_ty="2.701427"/>
   <element name="body" layername="1" frame="6" z_index="8" m_a="1.000000" m_b="0.000000" m_c="0.000000" m_d="1.000000" m_tx="-5.862004" m_ty="2.701427"/>
   <element name="body" layername="2" frame="5" z_index="6" m_a="1.000000" m_b="0.000000" m_c="0.000000" m_d="1.000000" m_tx="-5.862004" m_ty="2.701427"/>
   <element name="body" layername="4" frame="3" z_index="5" m_a="1.000000" m_b="0.000000" m_c="0.000000" m_d="1.000000" m_tx="-5.862004" m_ty="2.701427"/>
   <element name="swap_soul" layername="soul" frame="0" z_index="7" m_a="1.500000" m_b="0.000000" m_c="0.000000" m_d="1.500000" m_tx="-20.000000" m_ty="-243.000000"/>
  </frame>
  <frame idx="125" w="513" h="775" x="44.699997" y="-196.680740">
   <element name="body" layername="7" frame="0" z_index="9" m_a="1.000000" m_b="0.000000" m_c="0.000000" m_d="1.000000" m_tx="0.000000" m_ty="0.000000"/>
   <element name="body" layername="3" frame="4" z_index="10" m_a="0.999979" m_b="0.006545" m_c="-0.006545" m_d="0.999979" m_tx="-7.327505" m_ty="3.376783"/>
   <element name="body" layername="1" frame="6" z_index="8" m_a="0.999979" m_b="0.006545" m_c="-0.006545" m_d="0.999979" m_tx="-7.327505" m_ty="3.376783"/>
   <element name="body" layername="2" frame="5" z_index="6" m_a="0.999979" m_b="0.006545" m_c="-0.006545" m_d="0.999979" m_tx="-7.327505" m_ty="3.376783"/>
   <element name="body" layername="4" frame="3" z_index="5" m_a="0.999979" m_b="0.006545" m_c="-0.006545" m_d="0.999979" m_tx="-7.327505" m_ty="3.376783"/>
   <element name="swap_soul" layername="soul" frame="0" z_index="7" m_a="1.499968" m_b="0.009817" m_c="-0.009817" m_d="1.499968" m_tx="-20.000000" m_ty="-243.000000"/>
  </frame>
  <frame idx="150" w="522" h="777" x="42.331085" y="-194.722946">
   <element name="body" layername="7" frame="0" z_index="9" m_a="1.000000" m_b="0.000000" m_c="0.000000" m_d="1.000000" m_tx="0.000000" m_ty="0.000000"/>
   <element name="body" layername="3" frame="4" z_index="10" m_a="0.999914" m_b="0.013090" m_c="-0.013090" m_d="0.999914" m_tx="-8.793007" m_ty="4.052140"/>
   <element name="body" layername="1" frame="6" z_index="8" m_a="0.999914" m_b="0.013090" m_c="-0.013090" m_d="0.999914" m_tx="-8.793007" m_ty="4.052140"/>
   <element name="body" layername="2" frame="5" z_index="6" m_a="0.999914" m_b="0.013090" m_c="-0.013090" m_d="0.999914" m_tx="-8.793007" m_ty="4.052140"/>
   <element name="body" layername="4" frame="3" z_index="5" m_a="0.999914" m_b="0.013090" m_c="-0.013090" m_d="0.999914" m_tx="-8.793007" m_ty="4.052140"/>
   <element name="swap_soul" layername="soul" frame="0" z_index="7" m_a="1.499871" m_b="0.019634" m_c="-0.019634" m_d="1.499871" m_tx="-20.000000" m_ty="-243.000000"/>
  </frame>
  <frame idx="175" w="530" h="779" x="39.962326" y="-192.776031">
   <element name="body" layername="7" frame="0" z_index="9" m_a="1.000000" m_b="0.000000" m_c="0.000000" m_d="1.000000" m_tx="0.000000" m_ty="0.000000"/>
   <element name="body" layername="3" frame="4" z_index="10" m_a="0.999807" m_b="0.019634" m_c="-0.019634" m_d="0.999807" m_tx="-10.258508" m_ty="4.727496"/>
   <element name="body" layername="1" frame="6" z_index="8" m_a="0.999807" m_b="0.019634" m_c="-0.019634" m_d="0.999807" m_tx="-10.258508" m_ty="4.727496"/>
   <element name="body" layername="2" frame="5" z_index="6" m_a="0.999807" m_b="0.019634" m_c="-0.019634" m_d="0.999807" m_tx="-10.258508" m_ty="4.727496"/>
   <element name="body" layername="4" frame="3" z_index="5" m_a="0.999807" m_b="0.019634" m_c="-0.019634" m_d="0.999807" m_tx="-10.258508" m_ty="4.727496"/>
   <element name="swap_soul" layername="soul" frame="0" z_index="7" m_a="1.499711" m_b="0.029451" m_c="-0.029451" m_d="1.499711" m_tx="-20.000000" m_ty="-243.000000"/>
  </frame>
  <frame idx="200" w="537" h="781" x="37.593842" y="-190.840088">
   <element name="body" layername="7" frame="0" z_index="9" m_a="1.000000" m_b="0.000000" m_c="0.000000" m_d="1.000000" m_tx="0.000000" m_ty="0.000000"/>
   <element name="body" layername="3" frame="4" z_index="10" m_a="0.999657" m_b="0.026177" m_c="-0.026177" m_d="0.999657" m_tx="-11.724009" m_ty="5.402853"/>
   <element name="body" layername="1" frame="6" z_index="8" m_a="0.999657" m_b="0.026177" m_c="-0.026177" m_d="0.999657" m_tx="-11.724009" m_ty="5.402853"/>
   <element name="body" layername="2" frame="5" z_index="6" m_a="0.999657" m_b="0.026177" m_c="-0.026177" m_d="0.999657" m_tx="-11.724009" m_ty="5.402853"/>
   <element name="body" layername="4" frame="3" z_index="5" m_a="0.999657" m_b="0.026177" m_c="-0.026177" m_d="0.999657" m_tx="-11.724009" m_ty="5.402853"/>
   <element name="swap_soul" layername="soul" frame="0" z_index="7" m_a="1.499486" m_b="0.039265" m_c="-0.039265" m_d="1.499486" m_tx="-20.000000" m_ty="-243.000000"/>
  </frame>
  <frame idx="225" w="530" h="779" x="39.962296" y="-192.776001">
   <element name="body" layername="7" frame="0" z_index="9" m_a="1.000000" m_b="0.000000" m_c="0.000000" m_d="1.000000" m_tx="0.000000" m_ty="0.000000"/>
   <element name="body" layername="3" frame="4" z_index="10" m_a="0.999807" m_b="0.019634" m_c="-0.019634" m_d="0.999807" m_tx="-10.258508" m_ty="4.727496"/>
   <element name="body" layername="1" frame="6" z_index="8" m_a="0.999807" m_b="0.019634" m_c="-0.019634" m_d="0.999807" m_tx="-10.258508" m_ty="4.727496"/>
   <element name="body" layername="2" frame="5" z_index="6" m_a="0.999807" m_b="0.019634" m_c="-0.019634" m_d="0.999807" m_tx="-10.258508" m_ty="4.727496"/>
   <element name="body" layername="4" frame="3" z_index="5" m_a="0.999807" m_b="0.019634" m_c="-0.019634" m_d="0.999807" m_tx="-10.258508" m_ty="4.727496"/>
   <element name="swap_soul" layername="soul" frame="0" z_index="7" m_a="1.499711" m_b="0.029451" m_c="-0.029451" m_d="1.499711" m_tx="-20.000000" m_ty="-243.000000"/>
  </frame>
  <frame idx="250" w="522" h="777" x="42.331085" y="-194.722946">
   <element name="body" layername="7" frame="0" z_index="9" m_a="1.000000" m_b="0.000000" m_c="0.000000" m_d="1.000000" m_tx="0.000000" m_ty="0.000000"/>
   <element name="body" layername="3" frame="4" z_index="10" m_a="0.999914" m_b="0.013090" m_c="-0.013090" m_d="0.999914" m_tx="-8.793007" m_ty="4.052140"/>
   <element name="body" layername="1" frame="6" z_index="8" m_a="0.999914" m_b="0.013090" m_c="-0.013090" m_d="0.999914" m_tx="-8.793007" m_ty="4.052140"/>
   <element name="body" layername="2" frame="5" z_index="6" m_a="0.999914" m_b="0.013090" m_c="-0.013090" m_d="0.999914" m_tx="-8.793007" m_ty="4.052140"/>
   <element name="body" layername="4" frame="3" z_index="5" m_a="0.999914" m_b="0.013090" m_c="-0.013090" m_d="0.999914" m_tx="-8.793007" m_ty="4.052140"/>
   <element name="swap_soul" layername="soul" frame="0" z_index="7" m_a="1.499871" m_b="0.019634" m_c="-0.019634" m_d="1.499871" m_tx="-20.000000" m_ty="-243.000000"/>
  </frame>
  <frame idx="275" w="513" h="775" x="44.700027" y="-196.680756">
   <element name="body" layername="7" frame="0" z_index="9" m_a="1.000000" m_b="0.000000" m_c="0.000000" m_d="1.000000" m_tx="0.000000" m_ty="0.000000"/>
   <element name="body" layername="3" frame="4" z_index="10" m_a="0.999979" m_b="0.006545" m_c="-0.006545" m_d="0.999979" m_tx="-7.327505" m_ty="3.376783"/>
   <element name="body" layername="1" frame="6" z_index="8" m_a="0.999979" m_b="0.006545" m_c="-0.006545" m_d="0.999979" m_tx="-7.327505" m_ty="3.376783"/>
   <element name="body" layername="2" frame="5" z_index="6" m_a="0.999979" m_b="0.006545" m_c="-0.006545" m_d="0.999979" m_tx="-7.327505" m_ty="3.376783"/>
   <element name="body" layername="4" frame="3" z_index="5" m_a="0.999979" m_b="0.006545" m_c="-0.006545" m_d="0.999979" m_tx="-7.327505" m_ty="3.376783"/>
   <element name="swap_soul" layername="soul" frame="0" z_index="7" m_a="1.499968" m_b="0.009817" m_c="-0.009817" m_d="1.499968" m_tx="-20.000000" m_ty="-243.000000"/>
  </frame>
  <frame idx="300" w="505" h="773" x="47.069000" y="-198.649292">
   <element name="body" layername="7" frame="0" z_index="9" m_a="1.000000" m_b="0.000000" m_c="0.000000" m_d="1.000000" m_tx="0.000000" m_ty="0.000000"/>
   <element name="body" layername="3" frame="4" z_index="10" m_a="1.000000" m_b="-0.000000" m_c="0.000000" m_d="1.000000" m_tx="-5.862004" m_ty="2.701427"/>
   <element name="body" layername="1" frame="6" z_index="8" m_a="1.000000" m_b="-0.000000" m_c="0.000000" m_d="1.000000" m_tx="-5.862004" m_ty="2.701427"/>
   <element name="body" layername="2" frame="5" z_index="6" m_a="1.000000" m_b="-0.000000" m_c="0.000000" m_d="1.000000" m_tx="-5.862004" m_ty="2.701427"/>
   <element name="body" layername="4" frame="3" z_index="5" m_a="1.000000" m_b="-0.000000" m_c="0.000000" m_d="1.000000" m_tx="-5.862004" m_ty="2.701427"/>
   <element name="swap_soul" layername="soul" frame="0" z_index="7" m_a="1.500000" m_b="-0.000000" m_c="0.000000" m_d="1.500000" m_tx="-20.000000" m_ty="-243.000000"/>
  </frame>
  <frame idx="325" w="503" h="774" x="47.801743" y="-199.615585">
   <element name="body" layername="7" frame="0" z_index="9" m_a="1.000000" m_b="0.000000" m_c="0.000000" m_d="1.000000" m_tx="0.000000" m_ty="0.000000"/>
   <element name="body" layername="3" frame="4" z_index="10" m_a="0.999979" m_b="-0.006545" m_c="0.006545" m_d="0.999979" m_tx="-4.396503" m_ty="2.026070"/>
   <element name="body" layername="1" frame="6" z_index="8" m_a="0.999979" m_b="-0.006545" m_c="0.006545" m_d="0.999979" m_tx="-4.396503" m_ty="2.026070"/>
   <element name="body" layername="2" frame="5" z_index="6" m_a="0.999979" m_b="-0.006545" m_c="0.006545" m_d="0.999979" m_tx="-4.396503" m_ty="2.026070"/>
   <element name="body" layername="4" frame="3" z_index="5" m_a="0.999979" m_b="-0.006545" m_c="0.006545" m_d="0.999979" m_tx="-4.396503" m_ty="2.026070"/>
   <element name="swap_soul" layername="soul" frame="0" z_index="7" m_a="1.499968" m_b="-0.009818" m_c="0.009818" m_d="1.499968" m_tx="-20.000000" m_ty="-243.000000"/>
  </frame>
  <frame idx="350" w="503" h="780" x="50.320068" y="-201.943176">
   <element name="body" layername="7" frame="0" z_index="9" m_a="1.000000" m_b="0.000000" m_c="0.000000" m_d="1.000000" m_tx="0.000000" m_ty="0.000000"/>
   <element name="body" layername="3" frame="4" z_index="10" m_a="0.999914" m_b="-0.013090" m_c="0.013090" m_d="0.999914" m_tx="-2.931002" m_ty="1.350713"/>
   <element name="body" layername="1" frame="6" z_index="8" m_a="0.999914" m_b="-0.013090" m_c="0.013090" m_d="0.999914" m_tx="-2.931002" m_ty="1.350713"/>
   <element name="body" layername="2" frame="5" z_index="6" m_a="0.999914" m_b="-0.013090" m_c="0.013090" m_d="0.999914" m_tx="-2.931002" m_ty="1.350713"/>
   <element name="body" layername="4" frame="3" z_index="5" m_a="0.999914" m_b="-0.013090" m_c="0.013090" m_d="0.999914" m_tx="-2.931002" m_ty="1.350713"/>
   <element name="swap_soul" layername="soul" frame="0" z_index="7" m_a="1.499871" m_b="-0.019635" m_c="0.019635" m_d="1.499871" m_tx="-20.000000" m_ty="-243.000000"/>
  </frame>
  <frame idx="375" w="503" h="787" x="53.394821" y="-204.281357">
   <element name="body" layername="7" frame="0" z_index="9" m_a="1.000000" m_b="0.000000" m_c="0.000000" m_d="1.000000" m_tx="0.000000" m_ty="0.000000"/>
   <element name="body" layername="3" frame="4" z_index="10" m_a="0.999807" m_b="-0.019634" m_c="0.019634" m_d="0.999807" m_tx="-1.465501" m_ty="0.675357"/>
   <element name="body" layername="1" frame="6" z_index="8" m_a="0.999807" m_b="-0.019634" m_c="0.019634" m_d="0.999807" m_tx="-1.465501" m_ty="0.675357"/>
   <element name="body" layername="2" frame="5" z_index="6" m_a="0.999807" m_b="-0.019634" m_c="0.019634" m_d="0.999807" m_tx="-1.465501" m_ty="0.675357"/>
   <element name="body" layername="4" frame="3" z_index="5" m_a="0.999807" m_b="-0.019634" m_c="0.019634" m_d="0.999807" m_tx="-1.465501" m_ty="0.675357"/>
   <element name="swap_soul" layername="soul" frame="0" z_index="7" m_a="1.499711" m_b="-0.029451" m_c="0.029451" m_d="1.499711" m_tx="-20.000000" m_ty="-243.000000"/>
  </frame>
 </anim>
</Anims>
