<Anims>
 <anim name="zx_flower_1" root="zx_flower" numframes="1000" framerate="40">
  <frame idx="0" w="444" h="550" x="-2.985199" y="-99.502380">
   <element name="images" layername="zx_flower" frame="0" z_index="3" m_a="1.000000" m_b="0.000000" m_c="0.000000" m_d="1.000000" m_tx="0.000000" m_ty="0.000000"/>
  </frame>
  <frame idx="25" w="444" h="550" x="-2.985199" y="-99.502380">
   <element name="images" layername="zx_flower" frame="0" z_index="3" m_a="1.000000" m_b="0.000000" m_c="0.000000" m_d="1.000000" m_tx="0.000000" m_ty="0.000000"/>
  </frame>
  <frame idx="50" w="444" h="550" x="-2.985199" y="-99.502380">
   <element name="images" layername="zx_flower" frame="0" z_index="3" m_a="1.000000" m_b="0.000000" m_c="0.000000" m_d="1.000000" m_tx="0.000000" m_ty="0.000000"/>
  </frame>
  <frame idx="75" w="444" h="550" x="-2.985199" y="-99.502380">
   <element name="images" layername="zx_flower" frame="0" z_index="3" m_a="1.000000" m_b="0.000000" m_c="0.000000" m_d="1.000000" m_tx="0.000000" m_ty="0.000000"/>
  </frame>
  <frame idx="100" w="444" h="550" x="-2.985199" y="-99.502380">
   <element name="images" layername="zx_flower" frame="0" z_index="3" m_a="1.000000" m_b="0.000000" m_c="0.000000" m_d="1.000000" m_tx="0.000000" m_ty="0.000000"/>
  </frame>
  <frame idx="125" w="444" h="550" x="-2.985199" y="-99.502380">
   <element name="images" layername="zx_flower" frame="0" z_index="3" m_a="1.000000" m_b="0.000000" m_c="0.000000" m_d="1.000000" m_tx="0.000000" m_ty="0.000000"/>
  </frame>
  <frame idx="150" w="444" h="550" x="-2.985199" y="-99.502380">
   <element name="images" layername="zx_flower" frame="0" z_index="3" m_a="1.000000" m_b="0.000000" m_c="0.000000" m_d="1.000000" m_tx="0.000000" m_ty="0.000000"/>
  </frame>
  <frame idx="175" w="444" h="550" x="-2.985199" y="-99.502380">
   <element name="images" layername="zx_flower" frame="0" z_index="3" m_a="1.000000" m_b="0.000000" m_c="0.000000" m_d="1.000000" m_tx="0.000000" m_ty="0.000000"/>
  </frame>
  <frame idx="200" w="444" h="550" x="-2.985199" y="-99.502380">
   <element name="images" layername="zx_flower" frame="0" z_index="3" m_a="1.000000" m_b="0.000000" m_c="0.000000" m_d="1.000000" m_tx="0.000000" m_ty="0.000000"/>
  </frame>
  <frame idx="225" w="444" h="550" x="-2.985199" y="-99.502380">
   <element name="images" layername="zx_flower" frame="0" z_index="3" m_a="1.000000" m_b="0.000000" m_c="0.000000" m_d="1.000000" m_tx="0.000000" m_ty="0.000000"/>
  </frame>
  <frame idx="250" w="444" h="550" x="-2.985199" y="-99.502380">
   <element name="images" layername="zx_flower" frame="0" z_index="3" m_a="1.000000" m_b="0.000000" m_c="0.000000" m_d="1.000000" m_tx="0.000000" m_ty="0.000000"/>
  </frame>
  <frame idx="275" w="444" h="550" x="-2.985199" y="-99.502380">
   <element name="images" layername="zx_flower" frame="0" z_index="3" m_a="1.000000" m_b="0.000000" m_c="0.000000" m_d="1.000000" m_tx="0.000000" m_ty="0.000000"/>
  </frame>
  <frame idx="300" w="444" h="550" x="-2.985199" y="-99.502380">
   <element name="images" layername="zx_flower" frame="0" z_index="3" m_a="1.000000" m_b="0.000000" m_c="0.000000" m_d="1.000000" m_tx="0.000000" m_ty="0.000000"/>
  </frame>
  <frame idx="325" w="444" h="550" x="-2.985199" y="-99.502380">
   <element name="images" layername="zx_flower" frame="0" z_index="3" m_a="1.000000" m_b="0.000000" m_c="0.000000" m_d="1.000000" m_tx="0.000000" m_ty="0.000000"/>
  </frame>
  <frame idx="350" w="444" h="550" x="-2.985199" y="-99.502380">
   <element name="images" layername="zx_flower" frame="0" z_index="3" m_a="1.000000" m_b="0.000000" m_c="0.000000" m_d="1.000000" m_tx="0.000000" m_ty="0.000000"/>
  </frame>
  <frame idx="375" w="444" h="550" x="-2.985199" y="-99.502380">
   <element name="images" layername="zx_flower" frame="0" z_index="3" m_a="1.000000" m_b="0.000000" m_c="0.000000" m_d="1.000000" m_tx="0.000000" m_ty="0.000000"/>
  </frame>
  <frame idx="400" w="444" h="550" x="-2.985199" y="-99.502380">
   <element name="images" layername="zx_flower" frame="0" z_index="3" m_a="1.000000" m_b="0.000000" m_c="0.000000" m_d="1.000000" m_tx="0.000000" m_ty="0.000000"/>
  </frame>
  <frame idx="425" w="444" h="550" x="-2.985199" y="-99.502380">
   <element name="images" layername="zx_flower" frame="0" z_index="3" m_a="1.000000" m_b="0.000000" m_c="0.000000" m_d="1.000000" m_tx="0.000000" m_ty="0.000000"/>
  </frame>
  <frame idx="450" w="444" h="550" x="-2.985199" y="-99.502380">
   <element name="images" layername="zx_flower" frame="0" z_index="3" m_a="1.000000" m_b="0.000000" m_c="0.000000" m_d="1.000000" m_tx="0.000000" m_ty="0.000000"/>
  </frame>
  <frame idx="475" w="444" h="550" x="-2.985199" y="-99.502380">
   <element name="images" layername="zx_flower" frame="0" z_index="3" m_a="1.000000" m_b="0.000000" m_c="0.000000" m_d="1.000000" m_tx="0.000000" m_ty="0.000000"/>
  </frame>
  <frame idx="500" w="444" h="550" x="-2.985199" y="-99.502380">
   <element name="images" layername="zx_flower" frame="0" z_index="3" m_a="1.000000" m_b="0.000000" m_c="0.000000" m_d="1.000000" m_tx="0.000000" m_ty="0.000000"/>
  </frame>
  <frame idx="525" w="444" h="550" x="-2.985199" y="-99.502380">
   <element name="images" layername="zx_flower" frame="0" z_index="3" m_a="1.000000" m_b="0.000000" m_c="0.000000" m_d="1.000000" m_tx="0.000000" m_ty="0.000000"/>
  </frame>
  <frame idx="550" w="444" h="550" x="-2.985199" y="-99.502380">
   <element name="images" layername="zx_flower" frame="0" z_index="3" m_a="1.000000" m_b="0.000000" m_c="0.000000" m_d="1.000000" m_tx="0.000000" m_ty="0.000000"/>
  </frame>
  <frame idx="575" w="444" h="550" x="-2.985199" y="-99.502380">
   <element name="images" layername="zx_flower" frame="0" z_index="3" m_a="1.000000" m_b="0.000000" m_c="0.000000" m_d="1.000000" m_tx="0.000000" m_ty="0.000000"/>
  </frame>
  <frame idx="600" w="444" h="550" x="-2.985199" y="-99.502380">
   <element name="images" layername="zx_flower" frame="0" z_index="3" m_a="1.000000" m_b="0.000000" m_c="0.000000" m_d="1.000000" m_tx="0.000000" m_ty="0.000000"/>
  </frame>
  <frame idx="625" w="444" h="550" x="-2.985199" y="-99.502380">
   <element name="images" layername="zx_flower" frame="0" z_index="3" m_a="1.000000" m_b="0.000000" m_c="0.000000" m_d="1.000000" m_tx="0.000000" m_ty="0.000000"/>
  </frame>
  <frame idx="650" w="444" h="550" x="-2.985199" y="-99.502380">
   <element name="images" layername="zx_flower" frame="0" z_index="3" m_a="1.000000" m_b="0.000000" m_c="0.000000" m_d="1.000000" m_tx="0.000000" m_ty="0.000000"/>
  </frame>
  <frame idx="675" w="444" h="550" x="-2.985199" y="-99.502380">
   <element name="images" layername="zx_flower" frame="0" z_index="3" m_a="1.000000" m_b="0.000000" m_c="0.000000" m_d="1.000000" m_tx="0.000000" m_ty="0.000000"/>
  </frame>
  <frame idx="700" w="444" h="550" x="-2.985199" y="-99.502380">
   <element name="images" layername="zx_flower" frame="0" z_index="3" m_a="1.000000" m_b="0.000000" m_c="0.000000" m_d="1.000000" m_tx="0.000000" m_ty="0.000000"/>
  </frame>
  <frame idx="725" w="444" h="550" x="-2.985199" y="-99.502380">
   <element name="images" layername="zx_flower" frame="0" z_index="3" m_a="1.000000" m_b="0.000000" m_c="0.000000" m_d="1.000000" m_tx="0.000000" m_ty="0.000000"/>
  </frame>
  <frame idx="750" w="444" h="550" x="-2.985199" y="-99.502380">
   <element name="images" layername="zx_flower" frame="0" z_index="3" m_a="1.000000" m_b="0.000000" m_c="0.000000" m_d="1.000000" m_tx="0.000000" m_ty="0.000000"/>
  </frame>
  <frame idx="775" w="444" h="550" x="-2.985199" y="-99.502380">
   <element name="images" layername="zx_flower" frame="0" z_index="3" m_a="1.000000" m_b="0.000000" m_c="0.000000" m_d="1.000000" m_tx="0.000000" m_ty="0.000000"/>
  </frame>
  <frame idx="800" w="444" h="550" x="-2.985199" y="-99.502380">
   <element name="images" layername="zx_flower" frame="0" z_index="3" m_a="1.000000" m_b="0.000000" m_c="0.000000" m_d="1.000000" m_tx="0.000000" m_ty="0.000000"/>
  </frame>
  <frame idx="825" w="444" h="550" x="-2.985199" y="-99.502380">
   <element name="images" layername="zx_flower" frame="0" z_index="3" m_a="1.000000" m_b="0.000000" m_c="0.000000" m_d="1.000000" m_tx="0.000000" m_ty="0.000000"/>
  </frame>
  <frame idx="850" w="444" h="550" x="-2.985199" y="-99.502380">
   <element name="images" layername="zx_flower" frame="0" z_index="3" m_a="1.000000" m_b="0.000000" m_c="0.000000" m_d="1.000000" m_tx="0.000000" m_ty="0.000000"/>
  </frame>
  <frame idx="875" w="444" h="550" x="-2.985199" y="-99.502380">
   <element name="images" layername="zx_flower" frame="0" z_index="3" m_a="1.000000" m_b="0.000000" m_c="0.000000" m_d="1.000000" m_tx="0.000000" m_ty="0.000000"/>
  </frame>
  <frame idx="900" w="444" h="550" x="-2.985199" y="-99.502380">
   <element name="images" layername="zx_flower" frame="0" z_index="3" m_a="1.000000" m_b="0.000000" m_c="0.000000" m_d="1.000000" m_tx="0.000000" m_ty="0.000000"/>
  </frame>
  <frame idx="925" w="444" h="550" x="-2.985199" y="-99.502380">
   <element name="images" layername="zx_flower" frame="0" z_index="3" m_a="1.000000" m_b="0.000000" m_c="0.000000" m_d="1.000000" m_tx="0.000000" m_ty="0.000000"/>
  </frame>
  <frame idx="950" w="444" h="550" x="-2.985199" y="-99.502380">
   <element name="images" layername="zx_flower" frame="0" z_index="3" m_a="1.000000" m_b="0.000000" m_c="0.000000" m_d="1.000000" m_tx="0.000000" m_ty="0.000000"/>
  </frame>
  <frame idx="975" w="444" h="550" x="-2.985199" y="-99.502380">
   <element name="images" layername="zx_flower" frame="0" z_index="3" m_a="1.000000" m_b="0.000000" m_c="0.000000" m_d="1.000000" m_tx="0.000000" m_ty="0.000000"/>
  </frame>
 </anim>
 <anim name="zx_flower_2" root="zx_flower" numframes="1000" framerate="40">
  <frame idx="0" w="444" h="509" x="-2.985199" y="-61.691589">
   <element name="images" layername="zx_flower_2" frame="1" z_index="3" m_a="1.000000" m_b="0.000000" m_c="0.000000" m_d="1.000000" m_tx="0.000000" m_ty="0.000000"/>
  </frame>
  <frame idx="25" w="444" h="509" x="-2.985199" y="-61.691589">
   <element name="images" layername="zx_flower_2" frame="1" z_index="3" m_a="1.000000" m_b="0.000000" m_c="0.000000" m_d="1.000000" m_tx="0.000000" m_ty="0.000000"/>
  </frame>
  <frame idx="50" w="444" h="509" x="-2.985199" y="-61.691589">
   <element name="images" layername="zx_flower_2" frame="1" z_index="3" m_a="1.000000" m_b="0.000000" m_c="0.000000" m_d="1.000000" m_tx="0.000000" m_ty="0.000000"/>
  </frame>
  <frame idx="75" w="444" h="509" x="-2.985199" y="-61.691589">
   <element name="images" layername="zx_flower_2" frame="1" z_index="3" m_a="1.000000" m_b="0.000000" m_c="0.000000" m_d="1.000000" m_tx="0.000000" m_ty="0.000000"/>
  </frame>
  <frame idx="100" w="444" h="509" x="-2.985199" y="-61.691589">
   <element name="images" layername="zx_flower_2" frame="1" z_index="3" m_a="1.000000" m_b="0.000000" m_c="0.000000" m_d="1.000000" m_tx="0.000000" m_ty="0.000000"/>
  </frame>
  <frame idx="125" w="444" h="509" x="-2.985199" y="-61.691589">
   <element name="images" layername="zx_flower_2" frame="1" z_index="3" m_a="1.000000" m_b="0.000000" m_c="0.000000" m_d="1.000000" m_tx="0.000000" m_ty="0.000000"/>
  </frame>
  <frame idx="150" w="444" h="509" x="-2.985199" y="-61.691589">
   <element name="images" layername="zx_flower_2" frame="1" z_index="3" m_a="1.000000" m_b="0.000000" m_c="0.000000" m_d="1.000000" m_tx="0.000000" m_ty="0.000000"/>
  </frame>
  <frame idx="175" w="444" h="509" x="-2.985199" y="-61.691589">
   <element name="images" layername="zx_flower_2" frame="1" z_index="3" m_a="1.000000" m_b="0.000000" m_c="0.000000" m_d="1.000000" m_tx="0.000000" m_ty="0.000000"/>
  </frame>
  <frame idx="200" w="444" h="509" x="-2.985199" y="-61.691589">
   <element name="images" layername="zx_flower_2" frame="1" z_index="3" m_a="1.000000" m_b="0.000000" m_c="0.000000" m_d="1.000000" m_tx="0.000000" m_ty="0.000000"/>
  </frame>
  <frame idx="225" w="444" h="509" x="-2.985199" y="-61.691589">
   <element name="images" layername="zx_flower_2" frame="1" z_index="3" m_a="1.000000" m_b="0.000000" m_c="0.000000" m_d="1.000000" m_tx="0.000000" m_ty="0.000000"/>
  </frame>
  <frame idx="250" w="444" h="509" x="-2.985199" y="-61.691589">
   <element name="images" layername="zx_flower_2" frame="1" z_index="3" m_a="1.000000" m_b="0.000000" m_c="0.000000" m_d="1.000000" m_tx="0.000000" m_ty="0.000000"/>
  </frame>
  <frame idx="275" w="444" h="509" x="-2.985199" y="-61.691589">
   <element name="images" layername="zx_flower_2" frame="1" z_index="3" m_a="1.000000" m_b="0.000000" m_c="0.000000" m_d="1.000000" m_tx="0.000000" m_ty="0.000000"/>
  </frame>
  <frame idx="300" w="444" h="509" x="-2.985199" y="-61.691589">
   <element name="images" layername="zx_flower_2" frame="1" z_index="3" m_a="1.000000" m_b="0.000000" m_c="0.000000" m_d="1.000000" m_tx="0.000000" m_ty="0.000000"/>
  </frame>
  <frame idx="325" w="444" h="509" x="-2.985199" y="-61.691589">
   <element name="images" layername="zx_flower_2" frame="1" z_index="3" m_a="1.000000" m_b="0.000000" m_c="0.000000" m_d="1.000000" m_tx="0.000000" m_ty="0.000000"/>
  </frame>
  <frame idx="350" w="444" h="509" x="-2.985199" y="-61.691589">
   <element name="images" layername="zx_flower_2" frame="1" z_index="3" m_a="1.000000" m_b="0.000000" m_c="0.000000" m_d="1.000000" m_tx="0.000000" m_ty="0.000000"/>
  </frame>
  <frame idx="375" w="444" h="509" x="-2.985199" y="-61.691589">
   <element name="images" layername="zx_flower_2" frame="1" z_index="3" m_a="1.000000" m_b="0.000000" m_c="0.000000" m_d="1.000000" m_tx="0.000000" m_ty="0.000000"/>
  </frame>
  <frame idx="400" w="444" h="509" x="-2.985199" y="-61.691589">
   <element name="images" layername="zx_flower_2" frame="1" z_index="3" m_a="1.000000" m_b="0.000000" m_c="0.000000" m_d="1.000000" m_tx="0.000000" m_ty="0.000000"/>
  </frame>
  <frame idx="425" w="444" h="509" x="-2.985199" y="-61.691589">
   <element name="images" layername="zx_flower_2" frame="1" z_index="3" m_a="1.000000" m_b="0.000000" m_c="0.000000" m_d="1.000000" m_tx="0.000000" m_ty="0.000000"/>
  </frame>
  <frame idx="450" w="444" h="509" x="-2.985199" y="-61.691589">
   <element name="images" layername="zx_flower_2" frame="1" z_index="3" m_a="1.000000" m_b="0.000000" m_c="0.000000" m_d="1.000000" m_tx="0.000000" m_ty="0.000000"/>
  </frame>
  <frame idx="475" w="444" h="509" x="-2.985199" y="-61.691589">
   <element name="images" layername="zx_flower_2" frame="1" z_index="3" m_a="1.000000" m_b="0.000000" m_c="0.000000" m_d="1.000000" m_tx="0.000000" m_ty="0.000000"/>
  </frame>
  <frame idx="500" w="444" h="509" x="-2.985199" y="-61.691589">
   <element name="images" layername="zx_flower_2" frame="1" z_index="3" m_a="1.000000" m_b="0.000000" m_c="0.000000" m_d="1.000000" m_tx="0.000000" m_ty="0.000000"/>
  </frame>
  <frame idx="525" w="444" h="509" x="-2.985199" y="-61.691589">
   <element name="images" layername="zx_flower_2" frame="1" z_index="3" m_a="1.000000" m_b="0.000000" m_c="0.000000" m_d="1.000000" m_tx="0.000000" m_ty="0.000000"/>
  </frame>
  <frame idx="550" w="444" h="509" x="-2.985199" y="-61.691589">
   <element name="images" layername="zx_flower_2" frame="1" z_index="3" m_a="1.000000" m_b="0.000000" m_c="0.000000" m_d="1.000000" m_tx="0.000000" m_ty="0.000000"/>
  </frame>
  <frame idx="575" w="444" h="509" x="-2.985199" y="-61.691589">
   <element name="images" layername="zx_flower_2" frame="1" z_index="3" m_a="1.000000" m_b="0.000000" m_c="0.000000" m_d="1.000000" m_tx="0.000000" m_ty="0.000000"/>
  </frame>
  <frame idx="600" w="444" h="509" x="-2.985199" y="-61.691589">
   <element name="images" layername="zx_flower_2" frame="1" z_index="3" m_a="1.000000" m_b="0.000000" m_c="0.000000" m_d="1.000000" m_tx="0.000000" m_ty="0.000000"/>
  </frame>
  <frame idx="625" w="444" h="509" x="-2.985199" y="-61.691589">
   <element name="images" layername="zx_flower_2" frame="1" z_index="3" m_a="1.000000" m_b="0.000000" m_c="0.000000" m_d="1.000000" m_tx="0.000000" m_ty="0.000000"/>
  </frame>
  <frame idx="650" w="444" h="509" x="-2.985199" y="-61.691589">
   <element name="images" layername="zx_flower_2" frame="1" z_index="3" m_a="1.000000" m_b="0.000000" m_c="0.000000" m_d="1.000000" m_tx="0.000000" m_ty="0.000000"/>
  </frame>
  <frame idx="675" w="444" h="509" x="-2.985199" y="-61.691589">
   <element name="images" layername="zx_flower_2" frame="1" z_index="3" m_a="1.000000" m_b="0.000000" m_c="0.000000" m_d="1.000000" m_tx="0.000000" m_ty="0.000000"/>
  </frame>
  <frame idx="700" w="444" h="509" x="-2.985199" y="-61.691589">
   <element name="images" layername="zx_flower_2" frame="1" z_index="3" m_a="1.000000" m_b="0.000000" m_c="0.000000" m_d="1.000000" m_tx="0.000000" m_ty="0.000000"/>
  </frame>
  <frame idx="725" w="444" h="509" x="-2.985199" y="-61.691589">
   <element name="images" layername="zx_flower_2" frame="1" z_index="3" m_a="1.000000" m_b="0.000000" m_c="0.000000" m_d="1.000000" m_tx="0.000000" m_ty="0.000000"/>
  </frame>
  <frame idx="750" w="444" h="509" x="-2.985199" y="-61.691589">
   <element name="images" layername="zx_flower_2" frame="1" z_index="3" m_a="1.000000" m_b="0.000000" m_c="0.000000" m_d="1.000000" m_tx="0.000000" m_ty="0.000000"/>
  </frame>
  <frame idx="775" w="444" h="509" x="-2.985199" y="-61.691589">
   <element name="images" layername="zx_flower_2" frame="1" z_index="3" m_a="1.000000" m_b="0.000000" m_c="0.000000" m_d="1.000000" m_tx="0.000000" m_ty="0.000000"/>
  </frame>
  <frame idx="800" w="444" h="509" x="-2.985199" y="-61.691589">
   <element name="images" layername="zx_flower_2" frame="1" z_index="3" m_a="1.000000" m_b="0.000000" m_c="0.000000" m_d="1.000000" m_tx="0.000000" m_ty="0.000000"/>
  </frame>
  <frame idx="825" w="444" h="509" x="-2.985199" y="-61.691589">
   <element name="images" layername="zx_flower_2" frame="1" z_index="3" m_a="1.000000" m_b="0.000000" m_c="0.000000" m_d="1.000000" m_tx="0.000000" m_ty="0.000000"/>
  </frame>
  <frame idx="850" w="444" h="509" x="-2.985199" y="-61.691589">
   <element name="images" layername="zx_flower_2" frame="1" z_index="3" m_a="1.000000" m_b="0.000000" m_c="0.000000" m_d="1.000000" m_tx="0.000000" m_ty="0.000000"/>
  </frame>
  <frame idx="875" w="444" h="509" x="-2.985199" y="-61.691589">
   <element name="images" layername="zx_flower_2" frame="1" z_index="3" m_a="1.000000" m_b="0.000000" m_c="0.000000" m_d="1.000000" m_tx="0.000000" m_ty="0.000000"/>
  </frame>
  <frame idx="900" w="444" h="509" x="-2.985199" y="-61.691589">
   <element name="images" layername="zx_flower_2" frame="1" z_index="3" m_a="1.000000" m_b="0.000000" m_c="0.000000" m_d="1.000000" m_tx="0.000000" m_ty="0.000000"/>
  </frame>
  <frame idx="925" w="444" h="509" x="-2.985199" y="-61.691589">
   <element name="images" layername="zx_flower_2" frame="1" z_index="3" m_a="1.000000" m_b="0.000000" m_c="0.000000" m_d="1.000000" m_tx="0.000000" m_ty="0.000000"/>
  </frame>
  <frame idx="950" w="444" h="509" x="-2.985199" y="-61.691589">
   <element name="images" layername="zx_flower_2" frame="1" z_index="3" m_a="1.000000" m_b="0.000000" m_c="0.000000" m_d="1.000000" m_tx="0.000000" m_ty="0.000000"/>
  </frame>
  <frame idx="975" w="444" h="509" x="-2.985199" y="-61.691589">
   <element name="images" layername="zx_flower_2" frame="1" z_index="3" m_a="1.000000" m_b="0.000000" m_c="0.000000" m_d="1.000000" m_tx="0.000000" m_ty="0.000000"/>
  </frame>
 </anim>
 <anim name="zx_flower_3" root="zx_flower" numframes="1000" framerate="40">
  <frame idx="0" w="451" h="458" x="-9.950394" y="-15.920395">
   <element name="images" layername="zx_flower_3" frame="2" z_index="3" m_a="1.000000" m_b="0.000000" m_c="0.000000" m_d="1.000000" m_tx="0.000000" m_ty="0.000000"/>
  </frame>
  <frame idx="25" w="451" h="458" x="-9.950394" y="-15.920395">
   <element name="images" layername="zx_flower_3" frame="2" z_index="3" m_a="1.000000" m_b="0.000000" m_c="0.000000" m_d="1.000000" m_tx="0.000000" m_ty="0.000000"/>
  </frame>
  <frame idx="50" w="451" h="458" x="-9.950394" y="-15.920395">
   <element name="images" layername="zx_flower_3" frame="2" z_index="3" m_a="1.000000" m_b="0.000000" m_c="0.000000" m_d="1.000000" m_tx="0.000000" m_ty="0.000000"/>
  </frame>
  <frame idx="75" w="451" h="458" x="-9.950394" y="-15.920395">
   <element name="images" layername="zx_flower_3" frame="2" z_index="3" m_a="1.000000" m_b="0.000000" m_c="0.000000" m_d="1.000000" m_tx="0.000000" m_ty="0.000000"/>
  </frame>
  <frame idx="100" w="451" h="458" x="-9.950394" y="-15.920395">
   <element name="images" layername="zx_flower_3" frame="2" z_index="3" m_a="1.000000" m_b="0.000000" m_c="0.000000" m_d="1.000000" m_tx="0.000000" m_ty="0.000000"/>
  </frame>
  <frame idx="125" w="451" h="458" x="-9.950394" y="-15.920395">
   <element name="images" layername="zx_flower_3" frame="2" z_index="3" m_a="1.000000" m_b="0.000000" m_c="0.000000" m_d="1.000000" m_tx="0.000000" m_ty="0.000000"/>
  </frame>
  <frame idx="150" w="451" h="458" x="-9.950394" y="-15.920395">
   <element name="images" layername="zx_flower_3" frame="2" z_index="3" m_a="1.000000" m_b="0.000000" m_c="0.000000" m_d="1.000000" m_tx="0.000000" m_ty="0.000000"/>
  </frame>
  <frame idx="175" w="451" h="458" x="-9.950394" y="-15.920395">
   <element name="images" layername="zx_flower_3" frame="2" z_index="3" m_a="1.000000" m_b="0.000000" m_c="0.000000" m_d="1.000000" m_tx="0.000000" m_ty="0.000000"/>
  </frame>
  <frame idx="200" w="451" h="458" x="-9.950394" y="-15.920395">
   <element name="images" layername="zx_flower_3" frame="2" z_index="3" m_a="1.000000" m_b="0.000000" m_c="0.000000" m_d="1.000000" m_tx="0.000000" m_ty="0.000000"/>
  </frame>
  <frame idx="225" w="451" h="458" x="-9.950394" y="-15.920395">
   <element name="images" layername="zx_flower_3" frame="2" z_index="3" m_a="1.000000" m_b="0.000000" m_c="0.000000" m_d="1.000000" m_tx="0.000000" m_ty="0.000000"/>
  </frame>
  <frame idx="250" w="451" h="458" x="-9.950394" y="-15.920395">
   <element name="images" layername="zx_flower_3" frame="2" z_index="3" m_a="1.000000" m_b="0.000000" m_c="0.000000" m_d="1.000000" m_tx="0.000000" m_ty="0.000000"/>
  </frame>
  <frame idx="275" w="451" h="458" x="-9.950394" y="-15.920395">
   <element name="images" layername="zx_flower_3" frame="2" z_index="3" m_a="1.000000" m_b="0.000000" m_c="0.000000" m_d="1.000000" m_tx="0.000000" m_ty="0.000000"/>
  </frame>
  <frame idx="300" w="451" h="458" x="-9.950394" y="-15.920395">
   <element name="images" layername="zx_flower_3" frame="2" z_index="3" m_a="1.000000" m_b="0.000000" m_c="0.000000" m_d="1.000000" m_tx="0.000000" m_ty="0.000000"/>
  </frame>
  <frame idx="325" w="451" h="458" x="-9.950394" y="-15.920395">
   <element name="images" layername="zx_flower_3" frame="2" z_index="3" m_a="1.000000" m_b="0.000000" m_c="0.000000" m_d="1.000000" m_tx="0.000000" m_ty="0.000000"/>
  </frame>
  <frame idx="350" w="451" h="458" x="-9.950394" y="-15.920395">
   <element name="images" layername="zx_flower_3" frame="2" z_index="3" m_a="1.000000" m_b="0.000000" m_c="0.000000" m_d="1.000000" m_tx="0.000000" m_ty="0.000000"/>
  </frame>
  <frame idx="375" w="451" h="458" x="-9.950394" y="-15.920395">
   <element name="images" layername="zx_flower_3" frame="2" z_index="3" m_a="1.000000" m_b="0.000000" m_c="0.000000" m_d="1.000000" m_tx="0.000000" m_ty="0.000000"/>
  </frame>
  <frame idx="400" w="451" h="458" x="-9.950394" y="-15.920395">
   <element name="images" layername="zx_flower_3" frame="2" z_index="3" m_a="1.000000" m_b="0.000000" m_c="0.000000" m_d="1.000000" m_tx="0.000000" m_ty="0.000000"/>
  </frame>
  <frame idx="425" w="451" h="458" x="-9.950394" y="-15.920395">
   <element name="images" layername="zx_flower_3" frame="2" z_index="3" m_a="1.000000" m_b="0.000000" m_c="0.000000" m_d="1.000000" m_tx="0.000000" m_ty="0.000000"/>
  </frame>
  <frame idx="450" w="451" h="458" x="-9.950394" y="-15.920395">
   <element name="images" layername="zx_flower_3" frame="2" z_index="3" m_a="1.000000" m_b="0.000000" m_c="0.000000" m_d="1.000000" m_tx="0.000000" m_ty="0.000000"/>
  </frame>
  <frame idx="475" w="451" h="458" x="-9.950394" y="-15.920395">
   <element name="images" layername="zx_flower_3" frame="2" z_index="3" m_a="1.000000" m_b="0.000000" m_c="0.000000" m_d="1.000000" m_tx="0.000000" m_ty="0.000000"/>
  </frame>
  <frame idx="500" w="451" h="458" x="-9.950394" y="-15.920395">
   <element name="images" layername="zx_flower_3" frame="2" z_index="3" m_a="1.000000" m_b="0.000000" m_c="0.000000" m_d="1.000000" m_tx="0.000000" m_ty="0.000000"/>
  </frame>
  <frame idx="525" w="451" h="458" x="-9.950394" y="-15.920395">
   <element name="images" layername="zx_flower_3" frame="2" z_index="3" m_a="1.000000" m_b="0.000000" m_c="0.000000" m_d="1.000000" m_tx="0.000000" m_ty="0.000000"/>
  </frame>
  <frame idx="550" w="451" h="458" x="-9.950394" y="-15.920395">
   <element name="images" layername="zx_flower_3" frame="2" z_index="3" m_a="1.000000" m_b="0.000000" m_c="0.000000" m_d="1.000000" m_tx="0.000000" m_ty="0.000000"/>
  </frame>
  <frame idx="575" w="451" h="458" x="-9.950394" y="-15.920395">
   <element name="images" layername="zx_flower_3" frame="2" z_index="3" m_a="1.000000" m_b="0.000000" m_c="0.000000" m_d="1.000000" m_tx="0.000000" m_ty="0.000000"/>
  </frame>
  <frame idx="600" w="451" h="458" x="-9.950394" y="-15.920395">
   <element name="images" layername="zx_flower_3" frame="2" z_index="3" m_a="1.000000" m_b="0.000000" m_c="0.000000" m_d="1.000000" m_tx="0.000000" m_ty="0.000000"/>
  </frame>
  <frame idx="625" w="451" h="458" x="-9.950394" y="-15.920395">
   <element name="images" layername="zx_flower_3" frame="2" z_index="3" m_a="1.000000" m_b="0.000000" m_c="0.000000" m_d="1.000000" m_tx="0.000000" m_ty="0.000000"/>
  </frame>
  <frame idx="650" w="451" h="458" x="-9.950394" y="-15.920395">
   <element name="images" layername="zx_flower_3" frame="2" z_index="3" m_a="1.000000" m_b="0.000000" m_c="0.000000" m_d="1.000000" m_tx="0.000000" m_ty="0.000000"/>
  </frame>
  <frame idx="675" w="451" h="458" x="-9.950394" y="-15.920395">
   <element name="images" layername="zx_flower_3" frame="2" z_index="3" m_a="1.000000" m_b="0.000000" m_c="0.000000" m_d="1.000000" m_tx="0.000000" m_ty="0.000000"/>
  </frame>
  <frame idx="700" w="451" h="458" x="-9.950394" y="-15.920395">
   <element name="images" layername="zx_flower_3" frame="2" z_index="3" m_a="1.000000" m_b="0.000000" m_c="0.000000" m_d="1.000000" m_tx="0.000000" m_ty="0.000000"/>
  </frame>
  <frame idx="725" w="451" h="458" x="-9.950394" y="-15.920395">
   <element name="images" layername="zx_flower_3" frame="2" z_index="3" m_a="1.000000" m_b="0.000000" m_c="0.000000" m_d="1.000000" m_tx="0.000000" m_ty="0.000000"/>
  </frame>
  <frame idx="750" w="451" h="458" x="-9.950394" y="-15.920395">
   <element name="images" layername="zx_flower_3" frame="2" z_index="3" m_a="1.000000" m_b="0.000000" m_c="0.000000" m_d="1.000000" m_tx="0.000000" m_ty="0.000000"/>
  </frame>
  <frame idx="775" w="451" h="458" x="-9.950394" y="-15.920395">
   <element name="images" layername="zx_flower_3" frame="2" z_index="3" m_a="1.000000" m_b="0.000000" m_c="0.000000" m_d="1.000000" m_tx="0.000000" m_ty="0.000000"/>
  </frame>
  <frame idx="800" w="451" h="458" x="-9.950394" y="-15.920395">
   <element name="images" layername="zx_flower_3" frame="2" z_index="3" m_a="1.000000" m_b="0.000000" m_c="0.000000" m_d="1.000000" m_tx="0.000000" m_ty="0.000000"/>
  </frame>
  <frame idx="825" w="451" h="458" x="-9.950394" y="-15.920395">
   <element name="images" layername="zx_flower_3" frame="2" z_index="3" m_a="1.000000" m_b="0.000000" m_c="0.000000" m_d="1.000000" m_tx="0.000000" m_ty="0.000000"/>
  </frame>
  <frame idx="850" w="451" h="458" x="-9.950394" y="-15.920395">
   <element name="images" layername="zx_flower_3" frame="2" z_index="3" m_a="1.000000" m_b="0.000000" m_c="0.000000" m_d="1.000000" m_tx="0.000000" m_ty="0.000000"/>
  </frame>
  <frame idx="875" w="451" h="458" x="-9.950394" y="-15.920395">
   <element name="images" layername="zx_flower_3" frame="2" z_index="3" m_a="1.000000" m_b="0.000000" m_c="0.000000" m_d="1.000000" m_tx="0.000000" m_ty="0.000000"/>
  </frame>
  <frame idx="900" w="451" h="458" x="-9.950394" y="-15.920395">
   <element name="images" layername="zx_flower_3" frame="2" z_index="3" m_a="1.000000" m_b="0.000000" m_c="0.000000" m_d="1.000000" m_tx="0.000000" m_ty="0.000000"/>
  </frame>
  <frame idx="925" w="451" h="458" x="-9.950394" y="-15.920395">
   <element name="images" layername="zx_flower_3" frame="2" z_index="3" m_a="1.000000" m_b="0.000000" m_c="0.000000" m_d="1.000000" m_tx="0.000000" m_ty="0.000000"/>
  </frame>
  <frame idx="950" w="451" h="458" x="-9.950394" y="-15.920395">
   <element name="images" layername="zx_flower_3" frame="2" z_index="3" m_a="1.000000" m_b="0.000000" m_c="0.000000" m_d="1.000000" m_tx="0.000000" m_ty="0.000000"/>
  </frame>
  <frame idx="975" w="451" h="458" x="-9.950394" y="-15.920395">
   <element name="images" layername="zx_flower_3" frame="2" z_index="3" m_a="1.000000" m_b="0.000000" m_c="0.000000" m_d="1.000000" m_tx="0.000000" m_ty="0.000000"/>
  </frame>
 </anim>
</Anims>
