<Anims>
 <anim name="idle" root="zxwell1" numframes="400" framerate="40">
  <frame idx="0" w="726" h="891" x="-60.000000" y="-210.000000">
   <element name="body" layername="body" frame="0" z_index="2" m_a="1.000000" m_b="0.000000" m_c="0.000000" m_d="1.000000" m_tx="0.000000" m_ty="0.000000"/>
  </frame>
  <frame idx="25" w="726" h="891" x="-60.000000" y="-210.000000">
   <element name="body" layername="body" frame="0" z_index="2" m_a="1.000000" m_b="0.000000" m_c="0.000000" m_d="1.000000" m_tx="0.000000" m_ty="0.000000"/>
  </frame>
  <frame idx="50" w="726" h="891" x="-60.000000" y="-210.000000">
   <element name="body" layername="body" frame="0" z_index="2" m_a="1.000000" m_b="0.000000" m_c="0.000000" m_d="1.000000" m_tx="0.000000" m_ty="0.000000"/>
  </frame>
  <frame idx="75" w="726" h="891" x="-60.000000" y="-210.000000">
   <element name="body" layername="body" frame="0" z_index="2" m_a="1.000000" m_b="0.000000" m_c="0.000000" m_d="1.000000" m_tx="0.000000" m_ty="0.000000"/>
  </frame>
  <frame idx="100" w="726" h="891" x="-60.000000" y="-210.000000">
   <element name="body" layername="body" frame="0" z_index="2" m_a="1.000000" m_b="0.000000" m_c="0.000000" m_d="1.000000" m_tx="0.000000" m_ty="0.000000"/>
  </frame>
  <frame idx="125" w="726" h="891" x="-60.000000" y="-210.000000">
   <element name="body" layername="body" frame="0" z_index="2" m_a="1.000000" m_b="0.000000" m_c="0.000000" m_d="1.000000" m_tx="0.000000" m_ty="0.000000"/>
  </frame>
  <frame idx="150" w="726" h="891" x="-60.000000" y="-210.000000">
   <element name="body" layername="body" frame="0" z_index="2" m_a="1.000000" m_b="0.000000" m_c="0.000000" m_d="1.000000" m_tx="0.000000" m_ty="0.000000"/>
  </frame>
  <frame idx="175" w="726" h="891" x="-60.000000" y="-210.000000">
   <element name="body" layername="body" frame="0" z_index="2" m_a="1.000000" m_b="0.000000" m_c="0.000000" m_d="1.000000" m_tx="0.000000" m_ty="0.000000"/>
  </frame>
  <frame idx="200" w="726" h="891" x="-60.000000" y="-210.000000">
   <element name="body" layername="body" frame="0" z_index="2" m_a="1.000000" m_b="0.000000" m_c="0.000000" m_d="1.000000" m_tx="0.000000" m_ty="0.000000"/>
  </frame>
  <frame idx="225" w="726" h="891" x="-60.000000" y="-210.000000">
   <element name="body" layername="body" frame="0" z_index="2" m_a="1.000000" m_b="0.000000" m_c="0.000000" m_d="1.000000" m_tx="0.000000" m_ty="0.000000"/>
  </frame>
  <frame idx="250" w="726" h="891" x="-60.000000" y="-210.000000">
   <element name="body" layername="body" frame="0" z_index="2" m_a="1.000000" m_b="0.000000" m_c="0.000000" m_d="1.000000" m_tx="0.000000" m_ty="0.000000"/>
  </frame>
  <frame idx="275" w="726" h="891" x="-60.000000" y="-210.000000">
   <element name="body" layername="body" frame="0" z_index="2" m_a="1.000000" m_b="0.000000" m_c="0.000000" m_d="1.000000" m_tx="0.000000" m_ty="0.000000"/>
  </frame>
  <frame idx="300" w="726" h="891" x="-60.000000" y="-210.000000">
   <element name="body" layername="body" frame="0" z_index="2" m_a="1.000000" m_b="0.000000" m_c="0.000000" m_d="1.000000" m_tx="0.000000" m_ty="0.000000"/>
  </frame>
  <frame idx="325" w="726" h="891" x="-60.000000" y="-210.000000">
   <element name="body" layername="body" frame="0" z_index="2" m_a="1.000000" m_b="0.000000" m_c="0.000000" m_d="1.000000" m_tx="0.000000" m_ty="0.000000"/>
  </frame>
  <frame idx="350" w="726" h="891" x="-60.000000" y="-210.000000">
   <element name="body" layername="body" frame="0" z_index="2" m_a="1.000000" m_b="0.000000" m_c="0.000000" m_d="1.000000" m_tx="0.000000" m_ty="0.000000"/>
  </frame>
  <frame idx="375" w="726" h="891" x="-60.000000" y="-210.000000">
   <element name="body" layername="body" frame="0" z_index="2" m_a="1.000000" m_b="0.000000" m_c="0.000000" m_d="1.000000" m_tx="0.000000" m_ty="0.000000"/>
  </frame>
 </anim>
 <anim name="onhit" root="zxwell1" numframes="400" framerate="40">
  <frame idx="0" w="726" h="891" x="-60.000000" y="-210.000000">
   <element name="body" layername="body" frame="0" z_index="2" m_a="1.000000" m_b="0.000000" m_c="0.000000" m_d="1.000000" m_tx="0.000000" m_ty="0.000000"/>
  </frame>
  <frame idx="25" w="732" h="915" x="-55.155670" y="-220.520905">
   <element name="body" layername="body" frame="0" z_index="2" m_a="0.999867" m_b="-0.016280" m_c="0.016280" m_d="0.999867" m_tx="0.000000" m_ty="-5.597015"/>
  </frame>
  <frame idx="50" w="737" h="937" x="-50.392120" y="-231.119965">
   <element name="body" layername="body" frame="0" z_index="2" m_a="0.999470" m_b="-0.032556" m_c="0.032556" m_d="0.999470" m_tx="0.000000" m_ty="-11.194030"/>
  </frame>
  <frame idx="75" w="743" h="959" x="-45.710632" y="-241.795898">
   <element name="body" layername="body" frame="0" z_index="2" m_a="0.998807" m_b="-0.048824" m_c="0.048824" m_d="0.998807" m_tx="0.000000" m_ty="-16.791044"/>
  </frame>
  <frame idx="100" w="747" h="981" x="-41.112488" y="-252.547485">
   <element name="body" layername="body" frame="0" z_index="2" m_a="0.997880" m_b="-0.065078" m_c="0.065078" m_d="0.997880" m_tx="0.000000" m_ty="-22.388060"/>
  </frame>
  <frame idx="125" w="753" h="1003" x="-36.598846" y="-263.373199">
   <element name="body" layername="body" frame="0" z_index="2" m_a="0.996688" m_b="-0.081315" m_c="0.081315" m_d="0.996688" m_tx="0.000000" m_ty="-27.985075"/>
  </frame>
  <frame idx="150" w="748" h="990" x="-40.498840" y="-260.860229">
   <element name="body" layername="body" frame="0" z_index="2" m_a="0.997735" m_b="-0.067269" m_c="0.067269" m_d="0.997735" m_tx="0.000000" m_ty="-30.000000"/>
  </frame>
  <frame idx="175" w="739" h="961" x="-49.352417" y="-251.039673">
   <element name="body" layername="body" frame="0" z_index="2" m_a="0.999347" m_b="-0.036145" m_c="0.036145" m_d="0.999347" m_tx="0.000000" m_ty="-30.000000"/>
  </frame>
  <frame idx="200" w="729" h="930" x="-58.507751" y="-241.499725">
   <element name="body" layername="body" frame="0" z_index="2" m_a="0.999988" m_b="-0.004987" m_c="0.004987" m_d="0.999988" m_tx="0.000000" m_ty="-30.000000"/>
  </frame>
  <frame idx="225" w="753" h="933" x="-67.955902" y="-232.249725">
   <element name="body" layername="body" frame="0" z_index="2" m_a="0.999657" m_b="0.026177" m_c="-0.026177" m_d="0.999657" m_tx="0.000000" m_ty="-30.000000"/>
  </frame>
  <frame idx="250" w="784" h="943" x="-77.687714" y="-223.298645">
   <element name="body" layername="body" frame="0" z_index="2" m_a="0.998356" m_b="0.057315" m_c="-0.057315" m_d="0.998356" m_tx="0.000000" m_ty="-30.000000"/>
  </frame>
  <frame idx="275" w="811" h="952" x="-87.063324" y="-214.945740">
   <element name="body" layername="body" frame="0" z_index="2" m_a="0.996255" m_b="0.086466" m_c="-0.086466" m_d="0.996255" m_tx="0.000000" m_ty="-29.761906"/>
  </frame>
  <frame idx="300" w="795" h="940" x="-81.480316" y="-213.767639">
   <element name="body" layername="body" frame="0" z_index="2" m_a="0.997603" m_b="0.069204" m_c="-0.069204" m_d="0.997603" m_tx="0.000000" m_ty="-23.809525"/>
  </frame>
  <frame idx="325" w="778" h="929" x="-75.980865" y="-212.685608">
   <element name="body" layername="body" frame="0" z_index="2" m_a="0.998651" m_b="0.051921" m_c="-0.051921" m_d="0.998651" m_tx="0.000000" m_ty="-17.857143"/>
  </frame>
  <frame idx="350" w="761" h="917" x="-70.566498" y="-211.697937">
   <element name="body" layername="body" frame="0" z_index="2" m_a="0.999400" m_b="0.034622" m_c="-0.034622" m_d="0.999400" m_tx="0.000000" m_ty="-11.904760"/>
  </frame>
  <frame idx="375" w="744" h="905" x="-65.239166" y="-210.803223">
   <element name="body" layername="body" frame="0" z_index="2" m_a="0.999850" m_b="0.017314" m_c="-0.017314" m_d="0.999850" m_tx="0.000000" m_ty="-5.952381"/>
  </frame>
 </anim>
</Anims>
