<Anims>
 <anim name="idle" root="zxwell1" numframes="400" framerate="40">
  <frame idx="0" w="594" h="759" x="60.000000" y="-90.000000">
   <element name="body" layername="body" frame="0" z_index="2" m_a="1.000000" m_b="0.000000" m_c="0.000000" m_d="1.000000" m_tx="0.000000" m_ty="0.000000"/>
  </frame>
  <frame idx="25" w="594" h="759" x="60.000000" y="-90.000000">
   <element name="body" layername="body" frame="0" z_index="2" m_a="1.000000" m_b="0.000000" m_c="0.000000" m_d="1.000000" m_tx="0.000000" m_ty="0.000000"/>
  </frame>
  <frame idx="50" w="594" h="759" x="60.000000" y="-90.000000">
   <element name="body" layername="body" frame="0" z_index="2" m_a="1.000000" m_b="0.000000" m_c="0.000000" m_d="1.000000" m_tx="0.000000" m_ty="0.000000"/>
  </frame>
  <frame idx="75" w="594" h="759" x="60.000000" y="-90.000000">
   <element name="body" layername="body" frame="0" z_index="2" m_a="1.000000" m_b="0.000000" m_c="0.000000" m_d="1.000000" m_tx="0.000000" m_ty="0.000000"/>
  </frame>
  <frame idx="100" w="594" h="759" x="60.000000" y="-90.000000">
   <element name="body" layername="body" frame="0" z_index="2" m_a="1.000000" m_b="0.000000" m_c="0.000000" m_d="1.000000" m_tx="0.000000" m_ty="0.000000"/>
  </frame>
  <frame idx="125" w="594" h="759" x="60.000000" y="-90.000000">
   <element name="body" layername="body" frame="0" z_index="2" m_a="1.000000" m_b="0.000000" m_c="0.000000" m_d="1.000000" m_tx="0.000000" m_ty="0.000000"/>
  </frame>
  <frame idx="150" w="594" h="759" x="60.000000" y="-90.000000">
   <element name="body" layername="body" frame="0" z_index="2" m_a="1.000000" m_b="0.000000" m_c="0.000000" m_d="1.000000" m_tx="0.000000" m_ty="0.000000"/>
  </frame>
  <frame idx="175" w="594" h="759" x="60.000000" y="-90.000000">
   <element name="body" layername="body" frame="0" z_index="2" m_a="1.000000" m_b="0.000000" m_c="0.000000" m_d="1.000000" m_tx="0.000000" m_ty="0.000000"/>
  </frame>
  <frame idx="200" w="594" h="759" x="60.000000" y="-90.000000">
   <element name="body" layername="body" frame="0" z_index="2" m_a="1.000000" m_b="0.000000" m_c="0.000000" m_d="1.000000" m_tx="0.000000" m_ty="0.000000"/>
  </frame>
  <frame idx="225" w="594" h="759" x="60.000000" y="-90.000000">
   <element name="body" layername="body" frame="0" z_index="2" m_a="1.000000" m_b="0.000000" m_c="0.000000" m_d="1.000000" m_tx="0.000000" m_ty="0.000000"/>
  </frame>
  <frame idx="250" w="594" h="759" x="60.000000" y="-90.000000">
   <element name="body" layername="body" frame="0" z_index="2" m_a="1.000000" m_b="0.000000" m_c="0.000000" m_d="1.000000" m_tx="0.000000" m_ty="0.000000"/>
  </frame>
  <frame idx="275" w="594" h="759" x="60.000000" y="-90.000000">
   <element name="body" layername="body" frame="0" z_index="2" m_a="1.000000" m_b="0.000000" m_c="0.000000" m_d="1.000000" m_tx="0.000000" m_ty="0.000000"/>
  </frame>
  <frame idx="300" w="594" h="759" x="60.000000" y="-90.000000">
   <element name="body" layername="body" frame="0" z_index="2" m_a="1.000000" m_b="0.000000" m_c="0.000000" m_d="1.000000" m_tx="0.000000" m_ty="0.000000"/>
  </frame>
  <frame idx="325" w="594" h="759" x="60.000000" y="-90.000000">
   <element name="body" layername="body" frame="0" z_index="2" m_a="1.000000" m_b="0.000000" m_c="0.000000" m_d="1.000000" m_tx="0.000000" m_ty="0.000000"/>
  </frame>
  <frame idx="350" w="594" h="759" x="60.000000" y="-90.000000">
   <element name="body" layername="body" frame="0" z_index="2" m_a="1.000000" m_b="0.000000" m_c="0.000000" m_d="1.000000" m_tx="0.000000" m_ty="0.000000"/>
  </frame>
  <frame idx="375" w="594" h="759" x="60.000000" y="-90.000000">
   <element name="body" layername="body" frame="0" z_index="2" m_a="1.000000" m_b="0.000000" m_c="0.000000" m_d="1.000000" m_tx="0.000000" m_ty="0.000000"/>
  </frame>
 </anim>
 <anim name="onhit" root="zxwell1" numframes="400" framerate="40">
  <frame idx="0" w="594" h="759" x="60.000000" y="-90.000000">
   <element name="body" layername="body" frame="0" z_index="2" m_a="1.000000" m_b="0.000000" m_c="0.000000" m_d="1.000000" m_tx="0.000000" m_ty="0.000000"/>
  </frame>
  <frame idx="25" w="600" h="783" x="64.992126" y="-100.845825">
   <element name="body" layername="body" frame="0" z_index="2" m_a="0.999859" m_b="-0.016781" m_c="0.016781" m_d="0.999859" m_tx="0.000000" m_ty="-5.769231"/>
  </frame>
  <frame idx="50" w="605" h="806" x="69.898346" y="-111.774750">
   <element name="body" layername="body" frame="0" z_index="2" m_a="0.999437" m_b="-0.033558" m_c="0.033558" m_d="0.999437" m_tx="0.000000" m_ty="-11.538462"/>
  </frame>
  <frame idx="75" w="611" h="829" x="74.717285" y="-122.785248">
   <element name="body" layername="body" frame="0" z_index="2" m_a="0.998733" m_b="-0.050325" m_c="0.050325" m_d="0.998733" m_tx="0.000000" m_ty="-17.307692"/>
  </frame>
  <frame idx="100" w="616" h="851" x="79.447632" y="-133.875885">
   <element name="body" layername="body" frame="0" z_index="2" m_a="0.997748" m_b="-0.067078" m_c="0.067078" m_d="0.997748" m_tx="0.000000" m_ty="-23.076923"/>
  </frame>
  <frame idx="125" w="622" h="874" x="84.087982" y="-145.045166">
   <element name="body" layername="body" frame="0" z_index="2" m_a="0.996482" m_b="-0.083812" m_c="0.083812" m_d="0.996482" m_tx="0.000000" m_ty="-28.846153"/>
  </frame>
  <frame idx="150" w="615" h="854" x="78.105225" y="-139.270477">
   <element name="body" layername="body" frame="0" z_index="2" m_a="0.998058" m_b="-0.062293" m_c="0.062293" m_d="0.998058" m_tx="0.000000" m_ty="-30.000000"/>
  </frame>
  <frame idx="175" w="605" h="823" x="69.202759" y="-129.494171">
   <element name="body" layername="body" frame="0" z_index="2" m_a="0.999514" m_b="-0.031162" m_c="0.031162" m_d="0.999514" m_tx="0.000000" m_ty="-30.000000"/>
  </frame>
  <frame idx="200" w="594" h="792" x="60.000000" y="-120.000000">
   <element name="body" layername="body" frame="0" z_index="2" m_a="1.000000" m_b="0.000000" m_c="0.000000" m_d="1.000000" m_tx="0.000000" m_ty="-30.000000"/>
  </frame>
  <frame idx="225" w="625" h="803" x="50.505829" y="-110.797241">
   <element name="body" layername="body" frame="0" z_index="2" m_a="0.999514" m_b="0.031162" m_c="-0.031162" m_d="0.999514" m_tx="0.000000" m_ty="-30.000000"/>
  </frame>
  <frame idx="250" w="656" h="813" x="40.729523" y="-101.894775">
   <element name="body" layername="body" frame="0" z_index="2" m_a="0.998058" m_b="0.062293" m_c="-0.062293" m_d="0.998058" m_tx="0.000000" m_ty="-30.000000"/>
  </frame>
  <frame idx="275" w="677" h="818" x="33.801056" y="-94.758270">
   <element name="body" layername="body" frame="0" z_index="2" m_a="0.996482" m_b="0.083811" m_c="-0.083811" m_d="0.996482" m_tx="0.000000" m_ty="-28.846153"/>
  </frame>
  <frame idx="300" w="660" h="807" x="39.200897" y="-93.629181">
   <element name="body" layername="body" frame="0" z_index="2" m_a="0.997748" m_b="0.067078" m_c="-0.067078" m_d="0.997748" m_tx="0.000000" m_ty="-23.076923"/>
  </frame>
  <frame idx="325" w="644" h="796" x="44.522552" y="-92.590454">
   <element name="body" layername="body" frame="0" z_index="2" m_a="0.998733" m_b="0.050324" m_c="-0.050324" m_d="0.998733" m_tx="0.000000" m_ty="-17.307693"/>
  </frame>
  <frame idx="350" w="629" h="784" x="49.763733" y="-91.640137">
   <element name="body" layername="body" frame="0" z_index="2" m_a="0.999437" m_b="0.033558" m_c="-0.033558" m_d="0.999437" m_tx="0.000000" m_ty="-11.538462"/>
  </frame>
  <frame idx="375" w="612" h="772" x="54.923492" y="-90.777222">
   <element name="body" layername="body" frame="0" z_index="2" m_a="0.999859" m_b="0.016781" m_c="-0.016781" m_d="0.999859" m_tx="0.000000" m_ty="-5.769232"/>
  </frame>
 </anim>
</Anims>
