<Anims>
 <anim name="working" root="zxfarmhatch" numframes="4000" framerate="40">
  <frame idx="0" w="440" h="616" x="0.000000" y="-160.000000">
   <element name="body" layername="main" frame="0" z_index="3" m_a="1.000000" m_b="0.000000" m_c="0.000000" m_d="1.000000" m_tx="0.000000" m_ty="0.000000"/>
   <element name="body" layername="ball" frame="1" z_index="1" m_a="1.000000" m_b="0.000000" m_c="0.000000" m_d="1.000000" m_tx="0.000000" m_ty="0.000000"/>
   <element name="swap_soul" layername="soul" frame="0" z_index="2" m_a="1.000000" m_b="0.000000" m_c="0.000000" m_d="1.000000" m_tx="15.000000" m_ty="-190.000000"/>
  </frame>
  <frame idx="25" w="440" h="618" x="0.000000" y="-160.125000">
   <element name="body" layername="main" frame="0" z_index="3" m_a="1.000000" m_b="0.000000" m_c="0.000000" m_d="1.000000" m_tx="0.000000" m_ty="0.000000"/>
   <element name="body" layername="ball" frame="1" z_index="1" m_a="1.000000" m_b="0.000000" m_c="0.000000" m_d="1.000000" m_tx="0.000000" m_ty="-0.250000"/>
   <element name="swap_soul" layername="soul" frame="0" z_index="2" m_a="1.000000" m_b="0.000000" m_c="0.000000" m_d="1.000000" m_tx="15.000000" m_ty="-190.250000"/>
  </frame>
  <frame idx="50" w="440" h="618" x="0.000000" y="-160.250000">
   <element name="body" layername="main" frame="0" z_index="3" m_a="1.000000" m_b="0.000000" m_c="0.000000" m_d="1.000000" m_tx="0.000000" m_ty="0.000000"/>
   <element name="body" layername="ball" frame="1" z_index="1" m_a="1.000000" m_b="0.000000" m_c="0.000000" m_d="1.000000" m_tx="0.000000" m_ty="-0.500000"/>
   <element name="swap_soul" layername="soul" frame="0" z_index="2" m_a="1.000000" m_b="0.000000" m_c="0.000000" m_d="1.000000" m_tx="15.000000" m_ty="-190.500000"/>
  </frame>
  <frame idx="75" w="440" h="619" x="0.000000" y="-160.375000">
   <element name="body" layername="main" frame="0" z_index="3" m_a="1.000000" m_b="0.000000" m_c="0.000000" m_d="1.000000" m_tx="0.000000" m_ty="0.000000"/>
   <element name="body" layername="ball" frame="1" z_index="1" m_a="1.000000" m_b="0.000000" m_c="0.000000" m_d="1.000000" m_tx="0.000000" m_ty="-0.750000"/>
   <element name="swap_soul" layername="soul" frame="0" z_index="2" m_a="1.000000" m_b="0.000000" m_c="0.000000" m_d="1.000000" m_tx="15.000000" m_ty="-190.750000"/>
  </frame>
  <frame idx="100" w="440" h="619" x="0.000000" y="-160.500000">
   <element name="body" layername="main" frame="0" z_index="3" m_a="1.000000" m_b="0.000000" m_c="0.000000" m_d="1.000000" m_tx="0.000000" m_ty="0.000000"/>
   <element name="body" layername="ball" frame="1" z_index="1" m_a="1.000000" m_b="0.000000" m_c="0.000000" m_d="1.000000" m_tx="0.000000" m_ty="-1.000000"/>
   <element name="swap_soul" layername="soul" frame="0" z_index="2" m_a="1.000000" m_b="0.000000" m_c="0.000000" m_d="1.000000" m_tx="15.000000" m_ty="-191.000000"/>
  </frame>
  <frame idx="125" w="440" h="619" x="0.000000" y="-160.625000">
   <element name="body" layername="main" frame="0" z_index="3" m_a="1.000000" m_b="0.000000" m_c="0.000000" m_d="1.000000" m_tx="0.000000" m_ty="0.000000"/>
   <element name="body" layername="ball" frame="1" z_index="1" m_a="1.000000" m_b="0.000000" m_c="0.000000" m_d="1.000000" m_tx="0.000000" m_ty="-1.250000"/>
   <element name="swap_soul" layername="soul" frame="0" z_index="2" m_a="1.000000" m_b="0.000000" m_c="0.000000" m_d="1.000000" m_tx="15.000000" m_ty="-191.250000"/>
  </frame>
  <frame idx="150" w="440" h="620" x="0.000000" y="-160.750000">
   <element name="body" layername="main" frame="0" z_index="3" m_a="1.000000" m_b="0.000000" m_c="0.000000" m_d="1.000000" m_tx="0.000000" m_ty="0.000000"/>
   <element name="body" layername="ball" frame="1" z_index="1" m_a="1.000000" m_b="0.000000" m_c="0.000000" m_d="1.000000" m_tx="0.000000" m_ty="-1.500000"/>
   <element name="swap_soul" layername="soul" frame="0" z_index="2" m_a="1.000000" m_b="0.000000" m_c="0.000000" m_d="1.000000" m_tx="15.000000" m_ty="-191.500000"/>
  </frame>
  <frame idx="175" w="440" h="620" x="0.000000" y="-160.875000">
   <element name="body" layername="main" frame="0" z_index="3" m_a="1.000000" m_b="0.000000" m_c="0.000000" m_d="1.000000" m_tx="0.000000" m_ty="0.000000"/>
   <element name="body" layername="ball" frame="1" z_index="1" m_a="1.000000" m_b="0.000000" m_c="0.000000" m_d="1.000000" m_tx="0.000000" m_ty="-1.750000"/>
   <element name="swap_soul" layername="soul" frame="0" z_index="2" m_a="1.000000" m_b="0.000000" m_c="0.000000" m_d="1.000000" m_tx="15.000000" m_ty="-191.750000"/>
  </frame>
  <frame idx="200" w="440" h="620" x="0.000000" y="-161.000000">
   <element name="body" layername="main" frame="0" z_index="3" m_a="1.000000" m_b="0.000000" m_c="0.000000" m_d="1.000000" m_tx="0.000000" m_ty="0.000000"/>
   <element name="body" layername="ball" frame="1" z_index="1" m_a="1.000000" m_b="0.000000" m_c="0.000000" m_d="1.000000" m_tx="0.000000" m_ty="-2.000000"/>
   <element name="swap_soul" layername="soul" frame="0" z_index="2" m_a="1.000000" m_b="0.000000" m_c="0.000000" m_d="1.000000" m_tx="15.000000" m_ty="-192.000000"/>
  </frame>
  <frame idx="225" w="440" h="621" x="0.000000" y="-161.125000">
   <element name="body" layername="main" frame="0" z_index="3" m_a="1.000000" m_b="0.000000" m_c="0.000000" m_d="1.000000" m_tx="0.000000" m_ty="0.000000"/>
   <element name="body" layername="ball" frame="1" z_index="1" m_a="1.000000" m_b="0.000000" m_c="0.000000" m_d="1.000000" m_tx="0.000000" m_ty="-2.250000"/>
   <element name="swap_soul" layername="soul" frame="0" z_index="2" m_a="1.000000" m_b="0.000000" m_c="0.000000" m_d="1.000000" m_tx="15.000000" m_ty="-192.250000"/>
  </frame>
  <frame idx="250" w="440" h="621" x="0.000000" y="-161.250000">
   <element name="body" layername="main" frame="0" z_index="3" m_a="1.000000" m_b="0.000000" m_c="0.000000" m_d="1.000000" m_tx="0.000000" m_ty="0.000000"/>
   <element name="body" layername="ball" frame="1" z_index="1" m_a="1.000000" m_b="0.000000" m_c="0.000000" m_d="1.000000" m_tx="0.000000" m_ty="-2.500000"/>
   <element name="swap_soul" layername="soul" frame="0" z_index="2" m_a="1.000000" m_b="0.000000" m_c="0.000000" m_d="1.000000" m_tx="15.000000" m_ty="-192.500000"/>
  </frame>
  <frame idx="275" w="440" h="622" x="0.000000" y="-161.375000">
   <element name="body" layername="main" frame="0" z_index="3" m_a="1.000000" m_b="0.000000" m_c="0.000000" m_d="1.000000" m_tx="0.000000" m_ty="0.000000"/>
   <element name="body" layername="ball" frame="1" z_index="1" m_a="1.000000" m_b="0.000000" m_c="0.000000" m_d="1.000000" m_tx="0.000000" m_ty="-2.750000"/>
   <element name="swap_soul" layername="soul" frame="0" z_index="2" m_a="1.000000" m_b="0.000000" m_c="0.000000" m_d="1.000000" m_tx="15.000000" m_ty="-192.750000"/>
  </frame>
  <frame idx="300" w="440" h="622" x="0.000000" y="-161.500000">
   <element name="body" layername="main" frame="0" z_index="3" m_a="1.000000" m_b="0.000000" m_c="0.000000" m_d="1.000000" m_tx="0.000000" m_ty="0.000000"/>
   <element name="body" layername="ball" frame="1" z_index="1" m_a="1.000000" m_b="0.000000" m_c="0.000000" m_d="1.000000" m_tx="0.000000" m_ty="-3.000000"/>
   <element name="swap_soul" layername="soul" frame="0" z_index="2" m_a="1.000000" m_b="0.000000" m_c="0.000000" m_d="1.000000" m_tx="15.000000" m_ty="-193.000000"/>
  </frame>
  <frame idx="325" w="440" h="622" x="0.000000" y="-161.625000">
   <element name="body" layername="main" frame="0" z_index="3" m_a="1.000000" m_b="0.000000" m_c="0.000000" m_d="1.000000" m_tx="0.000000" m_ty="0.000000"/>
   <element name="body" layername="ball" frame="1" z_index="1" m_a="1.000000" m_b="0.000000" m_c="0.000000" m_d="1.000000" m_tx="0.000000" m_ty="-3.250000"/>
   <element name="swap_soul" layername="soul" frame="0" z_index="2" m_a="1.000000" m_b="0.000000" m_c="0.000000" m_d="1.000000" m_tx="15.000000" m_ty="-193.250000"/>
  </frame>
  <frame idx="350" w="440" h="623" x="0.000000" y="-161.750000">
   <element name="body" layername="main" frame="0" z_index="3" m_a="1.000000" m_b="0.000000" m_c="0.000000" m_d="1.000000" m_tx="0.000000" m_ty="0.000000"/>
   <element name="body" layername="ball" frame="1" z_index="1" m_a="1.000000" m_b="0.000000" m_c="0.000000" m_d="1.000000" m_tx="0.000000" m_ty="-3.500000"/>
   <element name="swap_soul" layername="soul" frame="0" z_index="2" m_a="1.000000" m_b="0.000000" m_c="0.000000" m_d="1.000000" m_tx="15.000000" m_ty="-193.500000"/>
  </frame>
  <frame idx="375" w="440" h="623" x="0.000000" y="-161.875000">
   <element name="body" layername="main" frame="0" z_index="3" m_a="1.000000" m_b="0.000000" m_c="0.000000" m_d="1.000000" m_tx="0.000000" m_ty="0.000000"/>
   <element name="body" layername="ball" frame="1" z_index="1" m_a="1.000000" m_b="0.000000" m_c="0.000000" m_d="1.000000" m_tx="0.000000" m_ty="-3.750000"/>
   <element name="swap_soul" layername="soul" frame="0" z_index="2" m_a="1.000000" m_b="0.000000" m_c="0.000000" m_d="1.000000" m_tx="15.000000" m_ty="-193.750000"/>
  </frame>
  <frame idx="400" w="440" h="623" x="0.000000" y="-162.000000">
   <element name="body" layername="main" frame="0" z_index="3" m_a="1.000000" m_b="0.000000" m_c="0.000000" m_d="1.000000" m_tx="0.000000" m_ty="0.000000"/>
   <element name="body" layername="ball" frame="1" z_index="1" m_a="1.000000" m_b="0.000000" m_c="0.000000" m_d="1.000000" m_tx="0.000000" m_ty="-4.000000"/>
   <element name="swap_soul" layername="soul" frame="0" z_index="2" m_a="1.000000" m_b="0.000000" m_c="0.000000" m_d="1.000000" m_tx="15.000000" m_ty="-194.000000"/>
  </frame>
  <frame idx="425" w="440" h="624" x="0.000000" y="-162.125000">
   <element name="body" layername="main" frame="0" z_index="3" m_a="1.000000" m_b="0.000000" m_c="0.000000" m_d="1.000000" m_tx="0.000000" m_ty="0.000000"/>
   <element name="body" layername="ball" frame="1" z_index="1" m_a="1.000000" m_b="0.000000" m_c="0.000000" m_d="1.000000" m_tx="0.000000" m_ty="-4.250000"/>
   <element name="swap_soul" layername="soul" frame="0" z_index="2" m_a="1.000000" m_b="0.000000" m_c="0.000000" m_d="1.000000" m_tx="15.000000" m_ty="-194.250000"/>
  </frame>
  <frame idx="450" w="440" h="624" x="0.000000" y="-162.250000">
   <element name="body" layername="main" frame="0" z_index="3" m_a="1.000000" m_b="0.000000" m_c="0.000000" m_d="1.000000" m_tx="0.000000" m_ty="0.000000"/>
   <element name="body" layername="ball" frame="1" z_index="1" m_a="1.000000" m_b="0.000000" m_c="0.000000" m_d="1.000000" m_tx="0.000000" m_ty="-4.500000"/>
   <element name="swap_soul" layername="soul" frame="0" z_index="2" m_a="1.000000" m_b="0.000000" m_c="0.000000" m_d="1.000000" m_tx="15.000000" m_ty="-194.500000"/>
  </frame>
  <frame idx="475" w="440" h="625" x="0.000000" y="-162.375000">
   <element name="body" layername="main" frame="0" z_index="3" m_a="1.000000" m_b="0.000000" m_c="0.000000" m_d="1.000000" m_tx="0.000000" m_ty="0.000000"/>
   <element name="body" layername="ball" frame="1" z_index="1" m_a="1.000000" m_b="0.000000" m_c="0.000000" m_d="1.000000" m_tx="0.000000" m_ty="-4.750000"/>
   <element name="swap_soul" layername="soul" frame="0" z_index="2" m_a="1.000000" m_b="0.000000" m_c="0.000000" m_d="1.000000" m_tx="15.000000" m_ty="-194.750000"/>
  </frame>
  <frame idx="500" w="440" h="625" x="0.000000" y="-162.500000">
   <element name="body" layername="main" frame="0" z_index="3" m_a="1.000000" m_b="0.000000" m_c="0.000000" m_d="1.000000" m_tx="0.000000" m_ty="0.000000"/>
   <element name="body" layername="ball" frame="1" z_index="1" m_a="1.000000" m_b="0.000000" m_c="0.000000" m_d="1.000000" m_tx="0.000000" m_ty="-5.000000"/>
   <element name="swap_soul" layername="soul" frame="0" z_index="2" m_a="1.000000" m_b="0.000000" m_c="0.000000" m_d="1.000000" m_tx="15.000000" m_ty="-195.000000"/>
  </frame>
  <frame idx="525" w="440" h="625" x="0.000000" y="-162.625000">
   <element name="body" layername="main" frame="0" z_index="3" m_a="1.000000" m_b="0.000000" m_c="0.000000" m_d="1.000000" m_tx="0.000000" m_ty="0.000000"/>
   <element name="body" layername="ball" frame="1" z_index="1" m_a="1.000000" m_b="0.000000" m_c="0.000000" m_d="1.000000" m_tx="0.000000" m_ty="-5.250000"/>
   <element name="swap_soul" layername="soul" frame="0" z_index="2" m_a="1.000000" m_b="0.000000" m_c="0.000000" m_d="1.000000" m_tx="15.000000" m_ty="-195.250000"/>
  </frame>
  <frame idx="550" w="440" h="626" x="0.000000" y="-162.750000">
   <element name="body" layername="main" frame="0" z_index="3" m_a="1.000000" m_b="0.000000" m_c="0.000000" m_d="1.000000" m_tx="0.000000" m_ty="0.000000"/>
   <element name="body" layername="ball" frame="1" z_index="1" m_a="1.000000" m_b="0.000000" m_c="0.000000" m_d="1.000000" m_tx="0.000000" m_ty="-5.500000"/>
   <element name="swap_soul" layername="soul" frame="0" z_index="2" m_a="1.000000" m_b="0.000000" m_c="0.000000" m_d="1.000000" m_tx="15.000000" m_ty="-195.500000"/>
  </frame>
  <frame idx="575" w="440" h="626" x="0.000000" y="-162.875000">
   <element name="body" layername="main" frame="0" z_index="3" m_a="1.000000" m_b="0.000000" m_c="0.000000" m_d="1.000000" m_tx="0.000000" m_ty="0.000000"/>
   <element name="body" layername="ball" frame="1" z_index="1" m_a="1.000000" m_b="0.000000" m_c="0.000000" m_d="1.000000" m_tx="0.000000" m_ty="-5.750000"/>
   <element name="swap_soul" layername="soul" frame="0" z_index="2" m_a="1.000000" m_b="0.000000" m_c="0.000000" m_d="1.000000" m_tx="15.000000" m_ty="-195.750000"/>
  </frame>
  <frame idx="600" w="440" h="626" x="0.000000" y="-163.000000">
   <element name="body" layername="main" frame="0" z_index="3" m_a="1.000000" m_b="0.000000" m_c="0.000000" m_d="1.000000" m_tx="0.000000" m_ty="0.000000"/>
   <element name="body" layername="ball" frame="1" z_index="1" m_a="1.000000" m_b="0.000000" m_c="0.000000" m_d="1.000000" m_tx="0.000000" m_ty="-6.000000"/>
   <element name="swap_soul" layername="soul" frame="0" z_index="2" m_a="1.000000" m_b="0.000000" m_c="0.000000" m_d="1.000000" m_tx="15.000000" m_ty="-196.000000"/>
  </frame>
  <frame idx="625" w="440" h="627" x="0.000000" y="-163.125000">
   <element name="body" layername="main" frame="0" z_index="3" m_a="1.000000" m_b="0.000000" m_c="0.000000" m_d="1.000000" m_tx="0.000000" m_ty="0.000000"/>
   <element name="body" layername="ball" frame="1" z_index="1" m_a="1.000000" m_b="0.000000" m_c="0.000000" m_d="1.000000" m_tx="0.000000" m_ty="-6.250000"/>
   <element name="swap_soul" layername="soul" frame="0" z_index="2" m_a="1.000000" m_b="0.000000" m_c="0.000000" m_d="1.000000" m_tx="15.000000" m_ty="-196.250000"/>
  </frame>
  <frame idx="650" w="440" h="627" x="0.000000" y="-163.250000">
   <element name="body" layername="main" frame="0" z_index="3" m_a="1.000000" m_b="0.000000" m_c="0.000000" m_d="1.000000" m_tx="0.000000" m_ty="0.000000"/>
   <element name="body" layername="ball" frame="1" z_index="1" m_a="1.000000" m_b="0.000000" m_c="0.000000" m_d="1.000000" m_tx="0.000000" m_ty="-6.500000"/>
   <element name="swap_soul" layername="soul" frame="0" z_index="2" m_a="1.000000" m_b="0.000000" m_c="0.000000" m_d="1.000000" m_tx="15.000000" m_ty="-196.500000"/>
  </frame>
  <frame idx="675" w="440" h="629" x="0.000000" y="-163.375000">
   <element name="body" layername="main" frame="0" z_index="3" m_a="1.000000" m_b="0.000000" m_c="0.000000" m_d="1.000000" m_tx="0.000000" m_ty="0.000000"/>
   <element name="body" layername="ball" frame="1" z_index="1" m_a="1.000000" m_b="0.000000" m_c="0.000000" m_d="1.000000" m_tx="0.000000" m_ty="-6.750000"/>
   <element name="swap_soul" layername="soul" frame="0" z_index="2" m_a="1.000000" m_b="0.000000" m_c="0.000000" m_d="1.000000" m_tx="15.000000" m_ty="-196.750000"/>
  </frame>
  <frame idx="700" w="440" h="629" x="0.000000" y="-163.500000">
   <element name="body" layername="main" frame="0" z_index="3" m_a="1.000000" m_b="0.000000" m_c="0.000000" m_d="1.000000" m_tx="0.000000" m_ty="0.000000"/>
   <element name="body" layername="ball" frame="1" z_index="1" m_a="1.000000" m_b="0.000000" m_c="0.000000" m_d="1.000000" m_tx="0.000000" m_ty="-7.000000"/>
   <element name="swap_soul" layername="soul" frame="0" z_index="2" m_a="1.000000" m_b="0.000000" m_c="0.000000" m_d="1.000000" m_tx="15.000000" m_ty="-197.000000"/>
  </frame>
  <frame idx="725" w="440" h="629" x="0.000000" y="-163.625000">
   <element name="body" layername="main" frame="0" z_index="3" m_a="1.000000" m_b="0.000000" m_c="0.000000" m_d="1.000000" m_tx="0.000000" m_ty="0.000000"/>
   <element name="body" layername="ball" frame="1" z_index="1" m_a="1.000000" m_b="0.000000" m_c="0.000000" m_d="1.000000" m_tx="0.000000" m_ty="-7.250000"/>
   <element name="swap_soul" layername="soul" frame="0" z_index="2" m_a="1.000000" m_b="0.000000" m_c="0.000000" m_d="1.000000" m_tx="15.000000" m_ty="-197.250000"/>
  </frame>
  <frame idx="750" w="440" h="630" x="0.000000" y="-163.750000">
   <element name="body" layername="main" frame="0" z_index="3" m_a="1.000000" m_b="0.000000" m_c="0.000000" m_d="1.000000" m_tx="0.000000" m_ty="0.000000"/>
   <element name="body" layername="ball" frame="1" z_index="1" m_a="1.000000" m_b="0.000000" m_c="0.000000" m_d="1.000000" m_tx="0.000000" m_ty="-7.500000"/>
   <element name="swap_soul" layername="soul" frame="0" z_index="2" m_a="1.000000" m_b="0.000000" m_c="0.000000" m_d="1.000000" m_tx="15.000000" m_ty="-197.500000"/>
  </frame>
  <frame idx="775" w="440" h="630" x="0.000000" y="-163.875000">
   <element name="body" layername="main" frame="0" z_index="3" m_a="1.000000" m_b="0.000000" m_c="0.000000" m_d="1.000000" m_tx="0.000000" m_ty="0.000000"/>
   <element name="body" layername="ball" frame="1" z_index="1" m_a="1.000000" m_b="0.000000" m_c="0.000000" m_d="1.000000" m_tx="0.000000" m_ty="-7.750000"/>
   <element name="swap_soul" layername="soul" frame="0" z_index="2" m_a="1.000000" m_b="0.000000" m_c="0.000000" m_d="1.000000" m_tx="15.000000" m_ty="-197.750000"/>
  </frame>
  <frame idx="800" w="440" h="630" x="0.000000" y="-164.000000">
   <element name="body" layername="main" frame="0" z_index="3" m_a="1.000000" m_b="0.000000" m_c="0.000000" m_d="1.000000" m_tx="0.000000" m_ty="0.000000"/>
   <element name="body" layername="ball" frame="1" z_index="1" m_a="1.000000" m_b="0.000000" m_c="0.000000" m_d="1.000000" m_tx="0.000000" m_ty="-8.000000"/>
   <element name="swap_soul" layername="soul" frame="0" z_index="2" m_a="1.000000" m_b="0.000000" m_c="0.000000" m_d="1.000000" m_tx="15.000000" m_ty="-198.000000"/>
  </frame>
  <frame idx="825" w="440" h="631" x="0.000000" y="-164.125000">
   <element name="body" layername="main" frame="0" z_index="3" m_a="1.000000" m_b="0.000000" m_c="0.000000" m_d="1.000000" m_tx="0.000000" m_ty="0.000000"/>
   <element name="body" layername="ball" frame="1" z_index="1" m_a="1.000000" m_b="0.000000" m_c="0.000000" m_d="1.000000" m_tx="0.000000" m_ty="-8.250000"/>
   <element name="swap_soul" layername="soul" frame="0" z_index="2" m_a="1.000000" m_b="0.000000" m_c="0.000000" m_d="1.000000" m_tx="15.000000" m_ty="-198.250000"/>
  </frame>
  <frame idx="850" w="440" h="631" x="0.000000" y="-164.250000">
   <element name="body" layername="main" frame="0" z_index="3" m_a="1.000000" m_b="0.000000" m_c="0.000000" m_d="1.000000" m_tx="0.000000" m_ty="0.000000"/>
   <element name="body" layername="ball" frame="1" z_index="1" m_a="1.000000" m_b="0.000000" m_c="0.000000" m_d="1.000000" m_tx="0.000000" m_ty="-8.500000"/>
   <element name="swap_soul" layername="soul" frame="0" z_index="2" m_a="1.000000" m_b="0.000000" m_c="0.000000" m_d="1.000000" m_tx="15.000000" m_ty="-198.500000"/>
  </frame>
  <frame idx="875" w="440" h="632" x="0.000000" y="-164.375000">
   <element name="body" layername="main" frame="0" z_index="3" m_a="1.000000" m_b="0.000000" m_c="0.000000" m_d="1.000000" m_tx="0.000000" m_ty="0.000000"/>
   <element name="body" layername="ball" frame="1" z_index="1" m_a="1.000000" m_b="0.000000" m_c="0.000000" m_d="1.000000" m_tx="0.000000" m_ty="-8.750000"/>
   <element name="swap_soul" layername="soul" frame="0" z_index="2" m_a="1.000000" m_b="0.000000" m_c="0.000000" m_d="1.000000" m_tx="15.000000" m_ty="-198.750000"/>
  </frame>
  <frame idx="900" w="440" h="632" x="0.000000" y="-164.500000">
   <element name="body" layername="main" frame="0" z_index="3" m_a="1.000000" m_b="0.000000" m_c="0.000000" m_d="1.000000" m_tx="0.000000" m_ty="0.000000"/>
   <element name="body" layername="ball" frame="1" z_index="1" m_a="1.000000" m_b="0.000000" m_c="0.000000" m_d="1.000000" m_tx="0.000000" m_ty="-9.000000"/>
   <element name="swap_soul" layername="soul" frame="0" z_index="2" m_a="1.000000" m_b="0.000000" m_c="0.000000" m_d="1.000000" m_tx="15.000000" m_ty="-199.000000"/>
  </frame>
  <frame idx="925" w="440" h="632" x="0.000000" y="-164.625000">
   <element name="body" layername="main" frame="0" z_index="3" m_a="1.000000" m_b="0.000000" m_c="0.000000" m_d="1.000000" m_tx="0.000000" m_ty="0.000000"/>
   <element name="body" layername="ball" frame="1" z_index="1" m_a="1.000000" m_b="0.000000" m_c="0.000000" m_d="1.000000" m_tx="0.000000" m_ty="-9.250000"/>
   <element name="swap_soul" layername="soul" frame="0" z_index="2" m_a="1.000000" m_b="0.000000" m_c="0.000000" m_d="1.000000" m_tx="15.000000" m_ty="-199.250000"/>
  </frame>
  <frame idx="950" w="440" h="633" x="0.000000" y="-164.750000">
   <element name="body" layername="main" frame="0" z_index="3" m_a="1.000000" m_b="0.000000" m_c="0.000000" m_d="1.000000" m_tx="0.000000" m_ty="0.000000"/>
   <element name="body" layername="ball" frame="1" z_index="1" m_a="1.000000" m_b="0.000000" m_c="0.000000" m_d="1.000000" m_tx="0.000000" m_ty="-9.500000"/>
   <element name="swap_soul" layername="soul" frame="0" z_index="2" m_a="1.000000" m_b="0.000000" m_c="0.000000" m_d="1.000000" m_tx="15.000000" m_ty="-199.500000"/>
  </frame>
  <frame idx="975" w="440" h="633" x="0.000000" y="-164.875000">
   <element name="body" layername="main" frame="0" z_index="3" m_a="1.000000" m_b="0.000000" m_c="0.000000" m_d="1.000000" m_tx="0.000000" m_ty="0.000000"/>
   <element name="body" layername="ball" frame="1" z_index="1" m_a="1.000000" m_b="0.000000" m_c="0.000000" m_d="1.000000" m_tx="0.000000" m_ty="-9.750000"/>
   <element name="swap_soul" layername="soul" frame="0" z_index="2" m_a="1.000000" m_b="0.000000" m_c="0.000000" m_d="1.000000" m_tx="15.000000" m_ty="-199.750000"/>
  </frame>
  <frame idx="1000" w="440" h="633" x="0.000000" y="-165.000000">
   <element name="body" layername="main" frame="0" z_index="3" m_a="1.000000" m_b="0.000000" m_c="0.000000" m_d="1.000000" m_tx="0.000000" m_ty="0.000000"/>
   <element name="body" layername="ball" frame="1" z_index="1" m_a="1.000000" m_b="0.000000" m_c="0.000000" m_d="1.000000" m_tx="0.000000" m_ty="-10.000000"/>
   <element name="swap_soul" layername="soul" frame="0" z_index="2" m_a="1.000000" m_b="0.000000" m_c="0.000000" m_d="1.000000" m_tx="15.000000" m_ty="-200.000000"/>
  </frame>
  <frame idx="1025" w="440" h="633" x="0.000000" y="-164.875000">
   <element name="body" layername="main" frame="0" z_index="3" m_a="1.000000" m_b="0.000000" m_c="0.000000" m_d="1.000000" m_tx="0.000000" m_ty="0.000000"/>
   <element name="body" layername="ball" frame="1" z_index="1" m_a="1.000000" m_b="0.000000" m_c="0.000000" m_d="1.000000" m_tx="0.000000" m_ty="-9.750000"/>
   <element name="swap_soul" layername="soul" frame="0" z_index="2" m_a="1.000000" m_b="0.000000" m_c="0.000000" m_d="1.000000" m_tx="15.000000" m_ty="-199.750000"/>
  </frame>
  <frame idx="1050" w="440" h="633" x="0.000000" y="-164.750000">
   <element name="body" layername="main" frame="0" z_index="3" m_a="1.000000" m_b="0.000000" m_c="0.000000" m_d="1.000000" m_tx="0.000000" m_ty="0.000000"/>
   <element name="body" layername="ball" frame="1" z_index="1" m_a="1.000000" m_b="0.000000" m_c="0.000000" m_d="1.000000" m_tx="0.000000" m_ty="-9.500000"/>
   <element name="swap_soul" layername="soul" frame="0" z_index="2" m_a="1.000000" m_b="0.000000" m_c="0.000000" m_d="1.000000" m_tx="15.000000" m_ty="-199.500000"/>
  </frame>
  <frame idx="1075" w="440" h="632" x="0.000000" y="-164.625000">
   <element name="body" layername="main" frame="0" z_index="3" m_a="1.000000" m_b="0.000000" m_c="0.000000" m_d="1.000000" m_tx="0.000000" m_ty="0.000000"/>
   <element name="body" layername="ball" frame="1" z_index="1" m_a="1.000000" m_b="0.000000" m_c="0.000000" m_d="1.000000" m_tx="0.000000" m_ty="-9.250000"/>
   <element name="swap_soul" layername="soul" frame="0" z_index="2" m_a="1.000000" m_b="0.000000" m_c="0.000000" m_d="1.000000" m_tx="15.000000" m_ty="-199.250000"/>
  </frame>
  <frame idx="1100" w="440" h="632" x="0.000000" y="-164.500000">
   <element name="body" layername="main" frame="0" z_index="3" m_a="1.000000" m_b="0.000000" m_c="0.000000" m_d="1.000000" m_tx="0.000000" m_ty="0.000000"/>
   <element name="body" layername="ball" frame="1" z_index="1" m_a="1.000000" m_b="0.000000" m_c="0.000000" m_d="1.000000" m_tx="0.000000" m_ty="-9.000000"/>
   <element name="swap_soul" layername="soul" frame="0" z_index="2" m_a="1.000000" m_b="0.000000" m_c="0.000000" m_d="1.000000" m_tx="15.000000" m_ty="-199.000000"/>
  </frame>
  <frame idx="1125" w="440" h="632" x="0.000000" y="-164.375000">
   <element name="body" layername="main" frame="0" z_index="3" m_a="1.000000" m_b="0.000000" m_c="0.000000" m_d="1.000000" m_tx="0.000000" m_ty="0.000000"/>
   <element name="body" layername="ball" frame="1" z_index="1" m_a="1.000000" m_b="0.000000" m_c="0.000000" m_d="1.000000" m_tx="0.000000" m_ty="-8.750000"/>
   <element name="swap_soul" layername="soul" frame="0" z_index="2" m_a="1.000000" m_b="0.000000" m_c="0.000000" m_d="1.000000" m_tx="15.000000" m_ty="-198.750000"/>
  </frame>
  <frame idx="1150" w="440" h="631" x="0.000000" y="-164.250000">
   <element name="body" layername="main" frame="0" z_index="3" m_a="1.000000" m_b="0.000000" m_c="0.000000" m_d="1.000000" m_tx="0.000000" m_ty="0.000000"/>
   <element name="body" layername="ball" frame="1" z_index="1" m_a="1.000000" m_b="0.000000" m_c="0.000000" m_d="1.000000" m_tx="0.000000" m_ty="-8.500000"/>
   <element name="swap_soul" layername="soul" frame="0" z_index="2" m_a="1.000000" m_b="0.000000" m_c="0.000000" m_d="1.000000" m_tx="15.000000" m_ty="-198.500000"/>
  </frame>
  <frame idx="1175" w="440" h="631" x="0.000000" y="-164.125000">
   <element name="body" layername="main" frame="0" z_index="3" m_a="1.000000" m_b="0.000000" m_c="0.000000" m_d="1.000000" m_tx="0.000000" m_ty="0.000000"/>
   <element name="body" layername="ball" frame="1" z_index="1" m_a="1.000000" m_b="0.000000" m_c="0.000000" m_d="1.000000" m_tx="0.000000" m_ty="-8.250000"/>
   <element name="swap_soul" layername="soul" frame="0" z_index="2" m_a="1.000000" m_b="0.000000" m_c="0.000000" m_d="1.000000" m_tx="15.000000" m_ty="-198.250000"/>
  </frame>
  <frame idx="1200" w="440" h="630" x="0.000000" y="-164.000000">
   <element name="body" layername="main" frame="0" z_index="3" m_a="1.000000" m_b="0.000000" m_c="0.000000" m_d="1.000000" m_tx="0.000000" m_ty="0.000000"/>
   <element name="body" layername="ball" frame="1" z_index="1" m_a="1.000000" m_b="0.000000" m_c="0.000000" m_d="1.000000" m_tx="0.000000" m_ty="-8.000000"/>
   <element name="swap_soul" layername="soul" frame="0" z_index="2" m_a="1.000000" m_b="0.000000" m_c="0.000000" m_d="1.000000" m_tx="15.000000" m_ty="-198.000000"/>
  </frame>
  <frame idx="1225" w="440" h="630" x="0.000000" y="-163.875000">
   <element name="body" layername="main" frame="0" z_index="3" m_a="1.000000" m_b="0.000000" m_c="0.000000" m_d="1.000000" m_tx="0.000000" m_ty="0.000000"/>
   <element name="body" layername="ball" frame="1" z_index="1" m_a="1.000000" m_b="0.000000" m_c="0.000000" m_d="1.000000" m_tx="0.000000" m_ty="-7.750000"/>
   <element name="swap_soul" layername="soul" frame="0" z_index="2" m_a="1.000000" m_b="0.000000" m_c="0.000000" m_d="1.000000" m_tx="15.000000" m_ty="-197.750000"/>
  </frame>
  <frame idx="1250" w="440" h="630" x="0.000000" y="-163.750000">
   <element name="body" layername="main" frame="0" z_index="3" m_a="1.000000" m_b="0.000000" m_c="0.000000" m_d="1.000000" m_tx="0.000000" m_ty="0.000000"/>
   <element name="body" layername="ball" frame="1" z_index="1" m_a="1.000000" m_b="0.000000" m_c="0.000000" m_d="1.000000" m_tx="0.000000" m_ty="-7.500000"/>
   <element name="swap_soul" layername="soul" frame="0" z_index="2" m_a="1.000000" m_b="0.000000" m_c="0.000000" m_d="1.000000" m_tx="15.000000" m_ty="-197.500000"/>
  </frame>
  <frame idx="1275" w="440" h="629" x="0.000000" y="-163.625000">
   <element name="body" layername="main" frame="0" z_index="3" m_a="1.000000" m_b="0.000000" m_c="0.000000" m_d="1.000000" m_tx="0.000000" m_ty="0.000000"/>
   <element name="body" layername="ball" frame="1" z_index="1" m_a="1.000000" m_b="0.000000" m_c="0.000000" m_d="1.000000" m_tx="0.000000" m_ty="-7.250000"/>
   <element name="swap_soul" layername="soul" frame="0" z_index="2" m_a="1.000000" m_b="0.000000" m_c="0.000000" m_d="1.000000" m_tx="15.000000" m_ty="-197.250000"/>
  </frame>
  <frame idx="1300" w="440" h="629" x="0.000000" y="-163.500000">
   <element name="body" layername="main" frame="0" z_index="3" m_a="1.000000" m_b="0.000000" m_c="0.000000" m_d="1.000000" m_tx="0.000000" m_ty="0.000000"/>
   <element name="body" layername="ball" frame="1" z_index="1" m_a="1.000000" m_b="0.000000" m_c="0.000000" m_d="1.000000" m_tx="0.000000" m_ty="-7.000000"/>
   <element name="swap_soul" layername="soul" frame="0" z_index="2" m_a="1.000000" m_b="0.000000" m_c="0.000000" m_d="1.000000" m_tx="15.000000" m_ty="-197.000000"/>
  </frame>
  <frame idx="1325" w="440" h="629" x="0.000000" y="-163.375000">
   <element name="body" layername="main" frame="0" z_index="3" m_a="1.000000" m_b="0.000000" m_c="0.000000" m_d="1.000000" m_tx="0.000000" m_ty="0.000000"/>
   <element name="body" layername="ball" frame="1" z_index="1" m_a="1.000000" m_b="0.000000" m_c="0.000000" m_d="1.000000" m_tx="0.000000" m_ty="-6.750000"/>
   <element name="swap_soul" layername="soul" frame="0" z_index="2" m_a="1.000000" m_b="0.000000" m_c="0.000000" m_d="1.000000" m_tx="15.000000" m_ty="-196.750000"/>
  </frame>
  <frame idx="1350" w="440" h="627" x="0.000000" y="-163.250000">
   <element name="body" layername="main" frame="0" z_index="3" m_a="1.000000" m_b="0.000000" m_c="0.000000" m_d="1.000000" m_tx="0.000000" m_ty="0.000000"/>
   <element name="body" layername="ball" frame="1" z_index="1" m_a="1.000000" m_b="0.000000" m_c="0.000000" m_d="1.000000" m_tx="0.000000" m_ty="-6.500000"/>
   <element name="swap_soul" layername="soul" frame="0" z_index="2" m_a="1.000000" m_b="0.000000" m_c="0.000000" m_d="1.000000" m_tx="15.000000" m_ty="-196.500000"/>
  </frame>
  <frame idx="1375" w="440" h="627" x="0.000000" y="-163.125000">
   <element name="body" layername="main" frame="0" z_index="3" m_a="1.000000" m_b="0.000000" m_c="0.000000" m_d="1.000000" m_tx="0.000000" m_ty="0.000000"/>
   <element name="body" layername="ball" frame="1" z_index="1" m_a="1.000000" m_b="0.000000" m_c="0.000000" m_d="1.000000" m_tx="0.000000" m_ty="-6.250000"/>
   <element name="swap_soul" layername="soul" frame="0" z_index="2" m_a="1.000000" m_b="0.000000" m_c="0.000000" m_d="1.000000" m_tx="15.000000" m_ty="-196.250000"/>
  </frame>
  <frame idx="1400" w="440" h="626" x="0.000000" y="-163.000000">
   <element name="body" layername="main" frame="0" z_index="3" m_a="1.000000" m_b="0.000000" m_c="0.000000" m_d="1.000000" m_tx="0.000000" m_ty="0.000000"/>
   <element name="body" layername="ball" frame="1" z_index="1" m_a="1.000000" m_b="0.000000" m_c="0.000000" m_d="1.000000" m_tx="0.000000" m_ty="-6.000000"/>
   <element name="swap_soul" layername="soul" frame="0" z_index="2" m_a="1.000000" m_b="0.000000" m_c="0.000000" m_d="1.000000" m_tx="15.000000" m_ty="-196.000000"/>
  </frame>
  <frame idx="1425" w="440" h="626" x="0.000000" y="-162.875000">
   <element name="body" layername="main" frame="0" z_index="3" m_a="1.000000" m_b="0.000000" m_c="0.000000" m_d="1.000000" m_tx="0.000000" m_ty="0.000000"/>
   <element name="body" layername="ball" frame="1" z_index="1" m_a="1.000000" m_b="0.000000" m_c="0.000000" m_d="1.000000" m_tx="0.000000" m_ty="-5.750000"/>
   <element name="swap_soul" layername="soul" frame="0" z_index="2" m_a="1.000000" m_b="0.000000" m_c="0.000000" m_d="1.000000" m_tx="15.000000" m_ty="-195.750000"/>
  </frame>
  <frame idx="1450" w="440" h="626" x="0.000000" y="-162.750000">
   <element name="body" layername="main" frame="0" z_index="3" m_a="1.000000" m_b="0.000000" m_c="0.000000" m_d="1.000000" m_tx="0.000000" m_ty="0.000000"/>
   <element name="body" layername="ball" frame="1" z_index="1" m_a="1.000000" m_b="0.000000" m_c="0.000000" m_d="1.000000" m_tx="0.000000" m_ty="-5.500000"/>
   <element name="swap_soul" layername="soul" frame="0" z_index="2" m_a="1.000000" m_b="0.000000" m_c="0.000000" m_d="1.000000" m_tx="15.000000" m_ty="-195.500000"/>
  </frame>
  <frame idx="1475" w="440" h="625" x="0.000000" y="-162.625000">
   <element name="body" layername="main" frame="0" z_index="3" m_a="1.000000" m_b="0.000000" m_c="0.000000" m_d="1.000000" m_tx="0.000000" m_ty="0.000000"/>
   <element name="body" layername="ball" frame="1" z_index="1" m_a="1.000000" m_b="0.000000" m_c="0.000000" m_d="1.000000" m_tx="0.000000" m_ty="-5.250000"/>
   <element name="swap_soul" layername="soul" frame="0" z_index="2" m_a="1.000000" m_b="0.000000" m_c="0.000000" m_d="1.000000" m_tx="15.000000" m_ty="-195.250000"/>
  </frame>
  <frame idx="1500" w="440" h="625" x="0.000000" y="-162.500000">
   <element name="body" layername="main" frame="0" z_index="3" m_a="1.000000" m_b="0.000000" m_c="0.000000" m_d="1.000000" m_tx="0.000000" m_ty="0.000000"/>
   <element name="body" layername="ball" frame="1" z_index="1" m_a="1.000000" m_b="0.000000" m_c="0.000000" m_d="1.000000" m_tx="0.000000" m_ty="-5.000000"/>
   <element name="swap_soul" layername="soul" frame="0" z_index="2" m_a="1.000000" m_b="0.000000" m_c="0.000000" m_d="1.000000" m_tx="15.000000" m_ty="-195.000000"/>
  </frame>
  <frame idx="1525" w="440" h="625" x="0.000000" y="-162.375000">
   <element name="body" layername="main" frame="0" z_index="3" m_a="1.000000" m_b="0.000000" m_c="0.000000" m_d="1.000000" m_tx="0.000000" m_ty="0.000000"/>
   <element name="body" layername="ball" frame="1" z_index="1" m_a="1.000000" m_b="0.000000" m_c="0.000000" m_d="1.000000" m_tx="0.000000" m_ty="-4.750000"/>
   <element name="swap_soul" layername="soul" frame="0" z_index="2" m_a="1.000000" m_b="0.000000" m_c="0.000000" m_d="1.000000" m_tx="15.000000" m_ty="-194.750000"/>
  </frame>
  <frame idx="1550" w="440" h="624" x="0.000000" y="-162.250000">
   <element name="body" layername="main" frame="0" z_index="3" m_a="1.000000" m_b="0.000000" m_c="0.000000" m_d="1.000000" m_tx="0.000000" m_ty="0.000000"/>
   <element name="body" layername="ball" frame="1" z_index="1" m_a="1.000000" m_b="0.000000" m_c="0.000000" m_d="1.000000" m_tx="0.000000" m_ty="-4.500000"/>
   <element name="swap_soul" layername="soul" frame="0" z_index="2" m_a="1.000000" m_b="0.000000" m_c="0.000000" m_d="1.000000" m_tx="15.000000" m_ty="-194.500000"/>
  </frame>
  <frame idx="1575" w="440" h="624" x="0.000000" y="-162.125000">
   <element name="body" layername="main" frame="0" z_index="3" m_a="1.000000" m_b="0.000000" m_c="0.000000" m_d="1.000000" m_tx="0.000000" m_ty="0.000000"/>
   <element name="body" layername="ball" frame="1" z_index="1" m_a="1.000000" m_b="0.000000" m_c="0.000000" m_d="1.000000" m_tx="0.000000" m_ty="-4.250000"/>
   <element name="swap_soul" layername="soul" frame="0" z_index="2" m_a="1.000000" m_b="0.000000" m_c="0.000000" m_d="1.000000" m_tx="15.000000" m_ty="-194.250000"/>
  </frame>
  <frame idx="1600" w="440" h="623" x="0.000000" y="-162.000000">
   <element name="body" layername="main" frame="0" z_index="3" m_a="1.000000" m_b="0.000000" m_c="0.000000" m_d="1.000000" m_tx="0.000000" m_ty="0.000000"/>
   <element name="body" layername="ball" frame="1" z_index="1" m_a="1.000000" m_b="0.000000" m_c="0.000000" m_d="1.000000" m_tx="0.000000" m_ty="-4.000000"/>
   <element name="swap_soul" layername="soul" frame="0" z_index="2" m_a="1.000000" m_b="0.000000" m_c="0.000000" m_d="1.000000" m_tx="15.000000" m_ty="-194.000000"/>
  </frame>
  <frame idx="1625" w="440" h="623" x="0.000000" y="-161.875000">
   <element name="body" layername="main" frame="0" z_index="3" m_a="1.000000" m_b="0.000000" m_c="0.000000" m_d="1.000000" m_tx="0.000000" m_ty="0.000000"/>
   <element name="body" layername="ball" frame="1" z_index="1" m_a="1.000000" m_b="0.000000" m_c="0.000000" m_d="1.000000" m_tx="0.000000" m_ty="-3.750000"/>
   <element name="swap_soul" layername="soul" frame="0" z_index="2" m_a="1.000000" m_b="0.000000" m_c="0.000000" m_d="1.000000" m_tx="15.000000" m_ty="-193.750000"/>
  </frame>
  <frame idx="1650" w="440" h="623" x="0.000000" y="-161.750000">
   <element name="body" layername="main" frame="0" z_index="3" m_a="1.000000" m_b="0.000000" m_c="0.000000" m_d="1.000000" m_tx="0.000000" m_ty="0.000000"/>
   <element name="body" layername="ball" frame="1" z_index="1" m_a="1.000000" m_b="0.000000" m_c="0.000000" m_d="1.000000" m_tx="0.000000" m_ty="-3.500000"/>
   <element name="swap_soul" layername="soul" frame="0" z_index="2" m_a="1.000000" m_b="0.000000" m_c="0.000000" m_d="1.000000" m_tx="15.000000" m_ty="-193.500000"/>
  </frame>
  <frame idx="1675" w="440" h="622" x="0.000000" y="-161.625000">
   <element name="body" layername="main" frame="0" z_index="3" m_a="1.000000" m_b="0.000000" m_c="0.000000" m_d="1.000000" m_tx="0.000000" m_ty="0.000000"/>
   <element name="body" layername="ball" frame="1" z_index="1" m_a="1.000000" m_b="0.000000" m_c="0.000000" m_d="1.000000" m_tx="0.000000" m_ty="-3.250000"/>
   <element name="swap_soul" layername="soul" frame="0" z_index="2" m_a="1.000000" m_b="0.000000" m_c="0.000000" m_d="1.000000" m_tx="15.000000" m_ty="-193.250000"/>
  </frame>
  <frame idx="1700" w="440" h="622" x="0.000000" y="-161.500000">
   <element name="body" layername="main" frame="0" z_index="3" m_a="1.000000" m_b="0.000000" m_c="0.000000" m_d="1.000000" m_tx="0.000000" m_ty="0.000000"/>
   <element name="body" layername="ball" frame="1" z_index="1" m_a="1.000000" m_b="0.000000" m_c="0.000000" m_d="1.000000" m_tx="0.000000" m_ty="-3.000000"/>
   <element name="swap_soul" layername="soul" frame="0" z_index="2" m_a="1.000000" m_b="0.000000" m_c="0.000000" m_d="1.000000" m_tx="15.000000" m_ty="-193.000000"/>
  </frame>
  <frame idx="1725" w="440" h="622" x="0.000000" y="-161.375000">
   <element name="body" layername="main" frame="0" z_index="3" m_a="1.000000" m_b="0.000000" m_c="0.000000" m_d="1.000000" m_tx="0.000000" m_ty="0.000000"/>
   <element name="body" layername="ball" frame="1" z_index="1" m_a="1.000000" m_b="0.000000" m_c="0.000000" m_d="1.000000" m_tx="0.000000" m_ty="-2.750000"/>
   <element name="swap_soul" layername="soul" frame="0" z_index="2" m_a="1.000000" m_b="0.000000" m_c="0.000000" m_d="1.000000" m_tx="15.000000" m_ty="-192.750000"/>
  </frame>
  <frame idx="1750" w="440" h="621" x="0.000000" y="-161.250000">
   <element name="body" layername="main" frame="0" z_index="3" m_a="1.000000" m_b="0.000000" m_c="0.000000" m_d="1.000000" m_tx="0.000000" m_ty="0.000000"/>
   <element name="body" layername="ball" frame="1" z_index="1" m_a="1.000000" m_b="0.000000" m_c="0.000000" m_d="1.000000" m_tx="0.000000" m_ty="-2.500000"/>
   <element name="swap_soul" layername="soul" frame="0" z_index="2" m_a="1.000000" m_b="0.000000" m_c="0.000000" m_d="1.000000" m_tx="15.000000" m_ty="-192.500000"/>
  </frame>
  <frame idx="1775" w="440" h="621" x="0.000000" y="-161.125000">
   <element name="body" layername="main" frame="0" z_index="3" m_a="1.000000" m_b="0.000000" m_c="0.000000" m_d="1.000000" m_tx="0.000000" m_ty="0.000000"/>
   <element name="body" layername="ball" frame="1" z_index="1" m_a="1.000000" m_b="0.000000" m_c="0.000000" m_d="1.000000" m_tx="0.000000" m_ty="-2.250000"/>
   <element name="swap_soul" layername="soul" frame="0" z_index="2" m_a="1.000000" m_b="0.000000" m_c="0.000000" m_d="1.000000" m_tx="15.000000" m_ty="-192.250000"/>
  </frame>
  <frame idx="1800" w="440" h="620" x="0.000000" y="-161.000000">
   <element name="body" layername="main" frame="0" z_index="3" m_a="1.000000" m_b="0.000000" m_c="0.000000" m_d="1.000000" m_tx="0.000000" m_ty="0.000000"/>
   <element name="body" layername="ball" frame="1" z_index="1" m_a="1.000000" m_b="0.000000" m_c="0.000000" m_d="1.000000" m_tx="0.000000" m_ty="-2.000000"/>
   <element name="swap_soul" layername="soul" frame="0" z_index="2" m_a="1.000000" m_b="0.000000" m_c="0.000000" m_d="1.000000" m_tx="15.000000" m_ty="-192.000000"/>
  </frame>
  <frame idx="1825" w="440" h="620" x="0.000000" y="-160.875000">
   <element name="body" layername="main" frame="0" z_index="3" m_a="1.000000" m_b="0.000000" m_c="0.000000" m_d="1.000000" m_tx="0.000000" m_ty="0.000000"/>
   <element name="body" layername="ball" frame="1" z_index="1" m_a="1.000000" m_b="0.000000" m_c="0.000000" m_d="1.000000" m_tx="0.000000" m_ty="-1.750000"/>
   <element name="swap_soul" layername="soul" frame="0" z_index="2" m_a="1.000000" m_b="0.000000" m_c="0.000000" m_d="1.000000" m_tx="15.000000" m_ty="-191.750000"/>
  </frame>
  <frame idx="1850" w="440" h="620" x="0.000000" y="-160.750000">
   <element name="body" layername="main" frame="0" z_index="3" m_a="1.000000" m_b="0.000000" m_c="0.000000" m_d="1.000000" m_tx="0.000000" m_ty="0.000000"/>
   <element name="body" layername="ball" frame="1" z_index="1" m_a="1.000000" m_b="0.000000" m_c="0.000000" m_d="1.000000" m_tx="0.000000" m_ty="-1.500000"/>
   <element name="swap_soul" layername="soul" frame="0" z_index="2" m_a="1.000000" m_b="0.000000" m_c="0.000000" m_d="1.000000" m_tx="15.000000" m_ty="-191.500000"/>
  </frame>
  <frame idx="1875" w="440" h="619" x="0.000000" y="-160.625000">
   <element name="body" layername="main" frame="0" z_index="3" m_a="1.000000" m_b="0.000000" m_c="0.000000" m_d="1.000000" m_tx="0.000000" m_ty="0.000000"/>
   <element name="body" layername="ball" frame="1" z_index="1" m_a="1.000000" m_b="0.000000" m_c="0.000000" m_d="1.000000" m_tx="0.000000" m_ty="-1.250000"/>
   <element name="swap_soul" layername="soul" frame="0" z_index="2" m_a="1.000000" m_b="0.000000" m_c="0.000000" m_d="1.000000" m_tx="15.000000" m_ty="-191.250000"/>
  </frame>
  <frame idx="1900" w="440" h="619" x="0.000000" y="-160.500000">
   <element name="body" layername="main" frame="0" z_index="3" m_a="1.000000" m_b="0.000000" m_c="0.000000" m_d="1.000000" m_tx="0.000000" m_ty="0.000000"/>
   <element name="body" layername="ball" frame="1" z_index="1" m_a="1.000000" m_b="0.000000" m_c="0.000000" m_d="1.000000" m_tx="0.000000" m_ty="-1.000000"/>
   <element name="swap_soul" layername="soul" frame="0" z_index="2" m_a="1.000000" m_b="0.000000" m_c="0.000000" m_d="1.000000" m_tx="15.000000" m_ty="-191.000000"/>
  </frame>
  <frame idx="1925" w="440" h="619" x="0.000000" y="-160.375000">
   <element name="body" layername="main" frame="0" z_index="3" m_a="1.000000" m_b="0.000000" m_c="0.000000" m_d="1.000000" m_tx="0.000000" m_ty="0.000000"/>
   <element name="body" layername="ball" frame="1" z_index="1" m_a="1.000000" m_b="0.000000" m_c="0.000000" m_d="1.000000" m_tx="0.000000" m_ty="-0.750000"/>
   <element name="swap_soul" layername="soul" frame="0" z_index="2" m_a="1.000000" m_b="0.000000" m_c="0.000000" m_d="1.000000" m_tx="15.000000" m_ty="-190.750000"/>
  </frame>
  <frame idx="1950" w="440" h="618" x="0.000000" y="-160.250000">
   <element name="body" layername="main" frame="0" z_index="3" m_a="1.000000" m_b="0.000000" m_c="0.000000" m_d="1.000000" m_tx="0.000000" m_ty="0.000000"/>
   <element name="body" layername="ball" frame="1" z_index="1" m_a="1.000000" m_b="0.000000" m_c="0.000000" m_d="1.000000" m_tx="0.000000" m_ty="-0.500000"/>
   <element name="swap_soul" layername="soul" frame="0" z_index="2" m_a="1.000000" m_b="0.000000" m_c="0.000000" m_d="1.000000" m_tx="15.000000" m_ty="-190.500000"/>
  </frame>
  <frame idx="1975" w="440" h="618" x="0.000000" y="-160.125000">
   <element name="body" layername="main" frame="0" z_index="3" m_a="1.000000" m_b="0.000000" m_c="0.000000" m_d="1.000000" m_tx="0.000000" m_ty="0.000000"/>
   <element name="body" layername="ball" frame="1" z_index="1" m_a="1.000000" m_b="0.000000" m_c="0.000000" m_d="1.000000" m_tx="0.000000" m_ty="-0.250000"/>
   <element name="swap_soul" layername="soul" frame="0" z_index="2" m_a="1.000000" m_b="0.000000" m_c="0.000000" m_d="1.000000" m_tx="15.000000" m_ty="-190.250000"/>
  </frame>
  <frame idx="2000" w="440" h="616" x="0.000000" y="-160.000000">
   <element name="body" layername="main" frame="0" z_index="3" m_a="1.000000" m_b="0.000000" m_c="0.000000" m_d="1.000000" m_tx="0.000000" m_ty="0.000000"/>
   <element name="body" layername="ball" frame="1" z_index="1" m_a="1.000000" m_b="0.000000" m_c="0.000000" m_d="1.000000" m_tx="0.000000" m_ty="0.000000"/>
   <element name="swap_soul" layername="soul" frame="0" z_index="2" m_a="1.000000" m_b="0.000000" m_c="0.000000" m_d="1.000000" m_tx="15.000000" m_ty="-190.000000"/>
  </frame>
  <frame idx="2025" w="440" h="618" x="0.000000" y="-159.875000">
   <element name="body" layername="main" frame="0" z_index="3" m_a="1.000000" m_b="0.000000" m_c="0.000000" m_d="1.000000" m_tx="0.000000" m_ty="0.000000"/>
   <element name="body" layername="ball" frame="1" z_index="1" m_a="1.000000" m_b="0.000000" m_c="0.000000" m_d="1.000000" m_tx="0.000000" m_ty="0.250000"/>
   <element name="swap_soul" layername="soul" frame="0" z_index="2" m_a="1.000000" m_b="0.000000" m_c="0.000000" m_d="1.000000" m_tx="15.000000" m_ty="-189.750000"/>
  </frame>
  <frame idx="2050" w="440" h="618" x="0.000000" y="-159.750000">
   <element name="body" layername="main" frame="0" z_index="3" m_a="1.000000" m_b="0.000000" m_c="0.000000" m_d="1.000000" m_tx="0.000000" m_ty="0.000000"/>
   <element name="body" layername="ball" frame="1" z_index="1" m_a="1.000000" m_b="0.000000" m_c="0.000000" m_d="1.000000" m_tx="0.000000" m_ty="0.500000"/>
   <element name="swap_soul" layername="soul" frame="0" z_index="2" m_a="1.000000" m_b="0.000000" m_c="0.000000" m_d="1.000000" m_tx="15.000000" m_ty="-189.500000"/>
  </frame>
  <frame idx="2075" w="440" h="618" x="0.000000" y="-159.625000">
   <element name="body" layername="main" frame="0" z_index="3" m_a="1.000000" m_b="0.000000" m_c="0.000000" m_d="1.000000" m_tx="0.000000" m_ty="0.000000"/>
   <element name="body" layername="ball" frame="1" z_index="1" m_a="1.000000" m_b="0.000000" m_c="0.000000" m_d="1.000000" m_tx="0.000000" m_ty="0.750000"/>
   <element name="swap_soul" layername="soul" frame="0" z_index="2" m_a="1.000000" m_b="0.000000" m_c="0.000000" m_d="1.000000" m_tx="15.000000" m_ty="-189.250000"/>
  </frame>
  <frame idx="2100" w="440" h="618" x="0.000000" y="-159.500000">
   <element name="body" layername="main" frame="0" z_index="3" m_a="1.000000" m_b="0.000000" m_c="0.000000" m_d="1.000000" m_tx="0.000000" m_ty="0.000000"/>
   <element name="body" layername="ball" frame="1" z_index="1" m_a="1.000000" m_b="0.000000" m_c="0.000000" m_d="1.000000" m_tx="0.000000" m_ty="1.000000"/>
   <element name="swap_soul" layername="soul" frame="0" z_index="2" m_a="1.000000" m_b="0.000000" m_c="0.000000" m_d="1.000000" m_tx="15.000000" m_ty="-189.000000"/>
  </frame>
  <frame idx="2125" w="440" h="618" x="0.000000" y="-159.375000">
   <element name="body" layername="main" frame="0" z_index="3" m_a="1.000000" m_b="0.000000" m_c="0.000000" m_d="1.000000" m_tx="0.000000" m_ty="0.000000"/>
   <element name="body" layername="ball" frame="1" z_index="1" m_a="1.000000" m_b="0.000000" m_c="0.000000" m_d="1.000000" m_tx="0.000000" m_ty="1.250000"/>
   <element name="swap_soul" layername="soul" frame="0" z_index="2" m_a="1.000000" m_b="0.000000" m_c="0.000000" m_d="1.000000" m_tx="15.000000" m_ty="-188.750000"/>
  </frame>
  <frame idx="2150" w="440" h="618" x="0.000000" y="-159.250000">
   <element name="body" layername="main" frame="0" z_index="3" m_a="1.000000" m_b="0.000000" m_c="0.000000" m_d="1.000000" m_tx="0.000000" m_ty="0.000000"/>
   <element name="body" layername="ball" frame="1" z_index="1" m_a="1.000000" m_b="0.000000" m_c="0.000000" m_d="1.000000" m_tx="0.000000" m_ty="1.500000"/>
   <element name="swap_soul" layername="soul" frame="0" z_index="2" m_a="1.000000" m_b="0.000000" m_c="0.000000" m_d="1.000000" m_tx="15.000000" m_ty="-188.500000"/>
  </frame>
  <frame idx="2175" w="440" h="618" x="0.000000" y="-159.125000">
   <element name="body" layername="main" frame="0" z_index="3" m_a="1.000000" m_b="0.000000" m_c="0.000000" m_d="1.000000" m_tx="0.000000" m_ty="0.000000"/>
   <element name="body" layername="ball" frame="1" z_index="1" m_a="1.000000" m_b="0.000000" m_c="0.000000" m_d="1.000000" m_tx="0.000000" m_ty="1.750000"/>
   <element name="swap_soul" layername="soul" frame="0" z_index="2" m_a="1.000000" m_b="0.000000" m_c="0.000000" m_d="1.000000" m_tx="15.000000" m_ty="-188.250000"/>
  </frame>
  <frame idx="2200" w="440" h="618" x="0.000000" y="-159.000000">
   <element name="body" layername="main" frame="0" z_index="3" m_a="1.000000" m_b="0.000000" m_c="0.000000" m_d="1.000000" m_tx="0.000000" m_ty="0.000000"/>
   <element name="body" layername="ball" frame="1" z_index="1" m_a="1.000000" m_b="0.000000" m_c="0.000000" m_d="1.000000" m_tx="0.000000" m_ty="2.000000"/>
   <element name="swap_soul" layername="soul" frame="0" z_index="2" m_a="1.000000" m_b="0.000000" m_c="0.000000" m_d="1.000000" m_tx="15.000000" m_ty="-188.000000"/>
  </frame>
  <frame idx="2225" w="440" h="619" x="0.000000" y="-158.875000">
   <element name="body" layername="main" frame="0" z_index="3" m_a="1.000000" m_b="0.000000" m_c="0.000000" m_d="1.000000" m_tx="0.000000" m_ty="0.000000"/>
   <element name="body" layername="ball" frame="1" z_index="1" m_a="1.000000" m_b="0.000000" m_c="0.000000" m_d="1.000000" m_tx="0.000000" m_ty="2.250000"/>
   <element name="swap_soul" layername="soul" frame="0" z_index="2" m_a="1.000000" m_b="0.000000" m_c="0.000000" m_d="1.000000" m_tx="15.000000" m_ty="-187.750000"/>
  </frame>
  <frame idx="2250" w="440" h="619" x="0.000000" y="-158.750000">
   <element name="body" layername="main" frame="0" z_index="3" m_a="1.000000" m_b="0.000000" m_c="0.000000" m_d="1.000000" m_tx="0.000000" m_ty="0.000000"/>
   <element name="body" layername="ball" frame="1" z_index="1" m_a="1.000000" m_b="0.000000" m_c="0.000000" m_d="1.000000" m_tx="0.000000" m_ty="2.500000"/>
   <element name="swap_soul" layername="soul" frame="0" z_index="2" m_a="1.000000" m_b="0.000000" m_c="0.000000" m_d="1.000000" m_tx="15.000000" m_ty="-187.500000"/>
  </frame>
  <frame idx="2275" w="440" h="619" x="0.000000" y="-158.625000">
   <element name="body" layername="main" frame="0" z_index="3" m_a="1.000000" m_b="0.000000" m_c="0.000000" m_d="1.000000" m_tx="0.000000" m_ty="0.000000"/>
   <element name="body" layername="ball" frame="1" z_index="1" m_a="1.000000" m_b="0.000000" m_c="0.000000" m_d="1.000000" m_tx="0.000000" m_ty="2.750000"/>
   <element name="swap_soul" layername="soul" frame="0" z_index="2" m_a="1.000000" m_b="0.000000" m_c="0.000000" m_d="1.000000" m_tx="15.000000" m_ty="-187.250000"/>
  </frame>
  <frame idx="2300" w="440" h="619" x="0.000000" y="-158.500000">
   <element name="body" layername="main" frame="0" z_index="3" m_a="1.000000" m_b="0.000000" m_c="0.000000" m_d="1.000000" m_tx="0.000000" m_ty="0.000000"/>
   <element name="body" layername="ball" frame="1" z_index="1" m_a="1.000000" m_b="0.000000" m_c="0.000000" m_d="1.000000" m_tx="0.000000" m_ty="3.000000"/>
   <element name="swap_soul" layername="soul" frame="0" z_index="2" m_a="1.000000" m_b="0.000000" m_c="0.000000" m_d="1.000000" m_tx="15.000000" m_ty="-187.000000"/>
  </frame>
  <frame idx="2325" w="440" h="619" x="0.000000" y="-158.375000">
   <element name="body" layername="main" frame="0" z_index="3" m_a="1.000000" m_b="0.000000" m_c="0.000000" m_d="1.000000" m_tx="0.000000" m_ty="0.000000"/>
   <element name="body" layername="ball" frame="1" z_index="1" m_a="1.000000" m_b="0.000000" m_c="0.000000" m_d="1.000000" m_tx="0.000000" m_ty="3.250000"/>
   <element name="swap_soul" layername="soul" frame="0" z_index="2" m_a="1.000000" m_b="0.000000" m_c="0.000000" m_d="1.000000" m_tx="15.000000" m_ty="-186.750000"/>
  </frame>
  <frame idx="2350" w="440" h="619" x="0.000000" y="-158.250000">
   <element name="body" layername="main" frame="0" z_index="3" m_a="1.000000" m_b="0.000000" m_c="0.000000" m_d="1.000000" m_tx="0.000000" m_ty="0.000000"/>
   <element name="body" layername="ball" frame="1" z_index="1" m_a="1.000000" m_b="0.000000" m_c="0.000000" m_d="1.000000" m_tx="0.000000" m_ty="3.500000"/>
   <element name="swap_soul" layername="soul" frame="0" z_index="2" m_a="1.000000" m_b="0.000000" m_c="0.000000" m_d="1.000000" m_tx="15.000000" m_ty="-186.500000"/>
  </frame>
  <frame idx="2375" w="440" h="619" x="0.000000" y="-158.125000">
   <element name="body" layername="main" frame="0" z_index="3" m_a="1.000000" m_b="0.000000" m_c="0.000000" m_d="1.000000" m_tx="0.000000" m_ty="0.000000"/>
   <element name="body" layername="ball" frame="1" z_index="1" m_a="1.000000" m_b="0.000000" m_c="0.000000" m_d="1.000000" m_tx="0.000000" m_ty="3.750000"/>
   <element name="swap_soul" layername="soul" frame="0" z_index="2" m_a="1.000000" m_b="0.000000" m_c="0.000000" m_d="1.000000" m_tx="15.000000" m_ty="-186.250000"/>
  </frame>
  <frame idx="2400" w="440" h="619" x="0.000000" y="-158.000000">
   <element name="body" layername="main" frame="0" z_index="3" m_a="1.000000" m_b="0.000000" m_c="0.000000" m_d="1.000000" m_tx="0.000000" m_ty="0.000000"/>
   <element name="body" layername="ball" frame="1" z_index="1" m_a="1.000000" m_b="0.000000" m_c="0.000000" m_d="1.000000" m_tx="0.000000" m_ty="4.000000"/>
   <element name="swap_soul" layername="soul" frame="0" z_index="2" m_a="1.000000" m_b="0.000000" m_c="0.000000" m_d="1.000000" m_tx="15.000000" m_ty="-186.000000"/>
  </frame>
  <frame idx="2425" w="440" h="620" x="0.000000" y="-157.875000">
   <element name="body" layername="main" frame="0" z_index="3" m_a="1.000000" m_b="0.000000" m_c="0.000000" m_d="1.000000" m_tx="0.000000" m_ty="0.000000"/>
   <element name="body" layername="ball" frame="1" z_index="1" m_a="1.000000" m_b="0.000000" m_c="0.000000" m_d="1.000000" m_tx="0.000000" m_ty="4.250000"/>
   <element name="swap_soul" layername="soul" frame="0" z_index="2" m_a="1.000000" m_b="0.000000" m_c="0.000000" m_d="1.000000" m_tx="15.000000" m_ty="-185.750000"/>
  </frame>
  <frame idx="2450" w="440" h="620" x="0.000000" y="-157.750000">
   <element name="body" layername="main" frame="0" z_index="3" m_a="1.000000" m_b="0.000000" m_c="0.000000" m_d="1.000000" m_tx="0.000000" m_ty="0.000000"/>
   <element name="body" layername="ball" frame="1" z_index="1" m_a="1.000000" m_b="0.000000" m_c="0.000000" m_d="1.000000" m_tx="0.000000" m_ty="4.500000"/>
   <element name="swap_soul" layername="soul" frame="0" z_index="2" m_a="1.000000" m_b="0.000000" m_c="0.000000" m_d="1.000000" m_tx="15.000000" m_ty="-185.500000"/>
  </frame>
  <frame idx="2475" w="440" h="620" x="0.000000" y="-157.625000">
   <element name="body" layername="main" frame="0" z_index="3" m_a="1.000000" m_b="0.000000" m_c="0.000000" m_d="1.000000" m_tx="0.000000" m_ty="0.000000"/>
   <element name="body" layername="ball" frame="1" z_index="1" m_a="1.000000" m_b="0.000000" m_c="0.000000" m_d="1.000000" m_tx="0.000000" m_ty="4.750000"/>
   <element name="swap_soul" layername="soul" frame="0" z_index="2" m_a="1.000000" m_b="0.000000" m_c="0.000000" m_d="1.000000" m_tx="15.000000" m_ty="-185.250000"/>
  </frame>
  <frame idx="2500" w="440" h="620" x="0.000000" y="-157.500000">
   <element name="body" layername="main" frame="0" z_index="3" m_a="1.000000" m_b="0.000000" m_c="0.000000" m_d="1.000000" m_tx="0.000000" m_ty="0.000000"/>
   <element name="body" layername="ball" frame="1" z_index="1" m_a="1.000000" m_b="0.000000" m_c="0.000000" m_d="1.000000" m_tx="0.000000" m_ty="5.000000"/>
   <element name="swap_soul" layername="soul" frame="0" z_index="2" m_a="1.000000" m_b="0.000000" m_c="0.000000" m_d="1.000000" m_tx="15.000000" m_ty="-185.000000"/>
  </frame>
  <frame idx="2525" w="440" h="620" x="0.000000" y="-157.375000">
   <element name="body" layername="main" frame="0" z_index="3" m_a="1.000000" m_b="0.000000" m_c="0.000000" m_d="1.000000" m_tx="0.000000" m_ty="0.000000"/>
   <element name="body" layername="ball" frame="1" z_index="1" m_a="1.000000" m_b="0.000000" m_c="0.000000" m_d="1.000000" m_tx="0.000000" m_ty="5.250000"/>
   <element name="swap_soul" layername="soul" frame="0" z_index="2" m_a="1.000000" m_b="0.000000" m_c="0.000000" m_d="1.000000" m_tx="15.000000" m_ty="-184.750000"/>
  </frame>
  <frame idx="2550" w="440" h="620" x="0.000000" y="-157.250000">
   <element name="body" layername="main" frame="0" z_index="3" m_a="1.000000" m_b="0.000000" m_c="0.000000" m_d="1.000000" m_tx="0.000000" m_ty="0.000000"/>
   <element name="body" layername="ball" frame="1" z_index="1" m_a="1.000000" m_b="0.000000" m_c="0.000000" m_d="1.000000" m_tx="0.000000" m_ty="5.500000"/>
   <element name="swap_soul" layername="soul" frame="0" z_index="2" m_a="1.000000" m_b="0.000000" m_c="0.000000" m_d="1.000000" m_tx="15.000000" m_ty="-184.500000"/>
  </frame>
  <frame idx="2575" w="440" h="620" x="0.000000" y="-157.125000">
   <element name="body" layername="main" frame="0" z_index="3" m_a="1.000000" m_b="0.000000" m_c="0.000000" m_d="1.000000" m_tx="0.000000" m_ty="0.000000"/>
   <element name="body" layername="ball" frame="1" z_index="1" m_a="1.000000" m_b="0.000000" m_c="0.000000" m_d="1.000000" m_tx="0.000000" m_ty="5.750000"/>
   <element name="swap_soul" layername="soul" frame="0" z_index="2" m_a="1.000000" m_b="0.000000" m_c="0.000000" m_d="1.000000" m_tx="15.000000" m_ty="-184.250000"/>
  </frame>
  <frame idx="2600" w="440" h="620" x="0.000000" y="-157.000000">
   <element name="body" layername="main" frame="0" z_index="3" m_a="1.000000" m_b="0.000000" m_c="0.000000" m_d="1.000000" m_tx="0.000000" m_ty="0.000000"/>
   <element name="body" layername="ball" frame="1" z_index="1" m_a="1.000000" m_b="0.000000" m_c="0.000000" m_d="1.000000" m_tx="0.000000" m_ty="6.000000"/>
   <element name="swap_soul" layername="soul" frame="0" z_index="2" m_a="1.000000" m_b="0.000000" m_c="0.000000" m_d="1.000000" m_tx="15.000000" m_ty="-184.000000"/>
  </frame>
  <frame idx="2625" w="440" h="621" x="0.000000" y="-156.875000">
   <element name="body" layername="main" frame="0" z_index="3" m_a="1.000000" m_b="0.000000" m_c="0.000000" m_d="1.000000" m_tx="0.000000" m_ty="0.000000"/>
   <element name="body" layername="ball" frame="1" z_index="1" m_a="1.000000" m_b="0.000000" m_c="0.000000" m_d="1.000000" m_tx="0.000000" m_ty="6.250000"/>
   <element name="swap_soul" layername="soul" frame="0" z_index="2" m_a="1.000000" m_b="0.000000" m_c="0.000000" m_d="1.000000" m_tx="15.000000" m_ty="-183.750000"/>
  </frame>
  <frame idx="2650" w="440" h="621" x="0.000000" y="-156.750000">
   <element name="body" layername="main" frame="0" z_index="3" m_a="1.000000" m_b="0.000000" m_c="0.000000" m_d="1.000000" m_tx="0.000000" m_ty="0.000000"/>
   <element name="body" layername="ball" frame="1" z_index="1" m_a="1.000000" m_b="0.000000" m_c="0.000000" m_d="1.000000" m_tx="0.000000" m_ty="6.500000"/>
   <element name="swap_soul" layername="soul" frame="0" z_index="2" m_a="1.000000" m_b="0.000000" m_c="0.000000" m_d="1.000000" m_tx="15.000000" m_ty="-183.500000"/>
  </frame>
  <frame idx="2675" w="440" h="621" x="0.000000" y="-156.625000">
   <element name="body" layername="main" frame="0" z_index="3" m_a="1.000000" m_b="0.000000" m_c="0.000000" m_d="1.000000" m_tx="0.000000" m_ty="0.000000"/>
   <element name="body" layername="ball" frame="1" z_index="1" m_a="1.000000" m_b="0.000000" m_c="0.000000" m_d="1.000000" m_tx="0.000000" m_ty="6.750000"/>
   <element name="swap_soul" layername="soul" frame="0" z_index="2" m_a="1.000000" m_b="0.000000" m_c="0.000000" m_d="1.000000" m_tx="15.000000" m_ty="-183.250000"/>
  </frame>
  <frame idx="2700" w="440" h="621" x="0.000000" y="-156.500000">
   <element name="body" layername="main" frame="0" z_index="3" m_a="1.000000" m_b="0.000000" m_c="0.000000" m_d="1.000000" m_tx="0.000000" m_ty="0.000000"/>
   <element name="body" layername="ball" frame="1" z_index="1" m_a="1.000000" m_b="0.000000" m_c="0.000000" m_d="1.000000" m_tx="0.000000" m_ty="7.000000"/>
   <element name="swap_soul" layername="soul" frame="0" z_index="2" m_a="1.000000" m_b="0.000000" m_c="0.000000" m_d="1.000000" m_tx="15.000000" m_ty="-183.000000"/>
  </frame>
  <frame idx="2725" w="440" h="621" x="0.000000" y="-156.375000">
   <element name="body" layername="main" frame="0" z_index="3" m_a="1.000000" m_b="0.000000" m_c="0.000000" m_d="1.000000" m_tx="0.000000" m_ty="0.000000"/>
   <element name="body" layername="ball" frame="1" z_index="1" m_a="1.000000" m_b="0.000000" m_c="0.000000" m_d="1.000000" m_tx="0.000000" m_ty="7.250000"/>
   <element name="swap_soul" layername="soul" frame="0" z_index="2" m_a="1.000000" m_b="0.000000" m_c="0.000000" m_d="1.000000" m_tx="15.000000" m_ty="-182.750000"/>
  </frame>
  <frame idx="2750" w="440" h="621" x="0.000000" y="-156.250000">
   <element name="body" layername="main" frame="0" z_index="3" m_a="1.000000" m_b="0.000000" m_c="0.000000" m_d="1.000000" m_tx="0.000000" m_ty="0.000000"/>
   <element name="body" layername="ball" frame="1" z_index="1" m_a="1.000000" m_b="0.000000" m_c="0.000000" m_d="1.000000" m_tx="0.000000" m_ty="7.500000"/>
   <element name="swap_soul" layername="soul" frame="0" z_index="2" m_a="1.000000" m_b="0.000000" m_c="0.000000" m_d="1.000000" m_tx="15.000000" m_ty="-182.500000"/>
  </frame>
  <frame idx="2775" w="440" h="621" x="0.000000" y="-156.125000">
   <element name="body" layername="main" frame="0" z_index="3" m_a="1.000000" m_b="0.000000" m_c="0.000000" m_d="1.000000" m_tx="0.000000" m_ty="0.000000"/>
   <element name="body" layername="ball" frame="1" z_index="1" m_a="1.000000" m_b="0.000000" m_c="0.000000" m_d="1.000000" m_tx="0.000000" m_ty="7.750000"/>
   <element name="swap_soul" layername="soul" frame="0" z_index="2" m_a="1.000000" m_b="0.000000" m_c="0.000000" m_d="1.000000" m_tx="15.000000" m_ty="-182.250000"/>
  </frame>
  <frame idx="2800" w="440" h="621" x="0.000000" y="-156.000000">
   <element name="body" layername="main" frame="0" z_index="3" m_a="1.000000" m_b="0.000000" m_c="0.000000" m_d="1.000000" m_tx="0.000000" m_ty="0.000000"/>
   <element name="body" layername="ball" frame="1" z_index="1" m_a="1.000000" m_b="0.000000" m_c="0.000000" m_d="1.000000" m_tx="0.000000" m_ty="8.000000"/>
   <element name="swap_soul" layername="soul" frame="0" z_index="2" m_a="1.000000" m_b="0.000000" m_c="0.000000" m_d="1.000000" m_tx="15.000000" m_ty="-182.000000"/>
  </frame>
  <frame idx="2825" w="440" h="622" x="0.000000" y="-155.875000">
   <element name="body" layername="main" frame="0" z_index="3" m_a="1.000000" m_b="0.000000" m_c="0.000000" m_d="1.000000" m_tx="0.000000" m_ty="0.000000"/>
   <element name="body" layername="ball" frame="1" z_index="1" m_a="1.000000" m_b="0.000000" m_c="0.000000" m_d="1.000000" m_tx="0.000000" m_ty="8.250000"/>
   <element name="swap_soul" layername="soul" frame="0" z_index="2" m_a="1.000000" m_b="0.000000" m_c="0.000000" m_d="1.000000" m_tx="15.000000" m_ty="-181.750000"/>
  </frame>
  <frame idx="2850" w="440" h="622" x="0.000000" y="-155.750000">
   <element name="body" layername="main" frame="0" z_index="3" m_a="1.000000" m_b="0.000000" m_c="0.000000" m_d="1.000000" m_tx="0.000000" m_ty="0.000000"/>
   <element name="body" layername="ball" frame="1" z_index="1" m_a="1.000000" m_b="0.000000" m_c="0.000000" m_d="1.000000" m_tx="0.000000" m_ty="8.500000"/>
   <element name="swap_soul" layername="soul" frame="0" z_index="2" m_a="1.000000" m_b="0.000000" m_c="0.000000" m_d="1.000000" m_tx="15.000000" m_ty="-181.500000"/>
  </frame>
  <frame idx="2875" w="440" h="622" x="0.000000" y="-155.625000">
   <element name="body" layername="main" frame="0" z_index="3" m_a="1.000000" m_b="0.000000" m_c="0.000000" m_d="1.000000" m_tx="0.000000" m_ty="0.000000"/>
   <element name="body" layername="ball" frame="1" z_index="1" m_a="1.000000" m_b="0.000000" m_c="0.000000" m_d="1.000000" m_tx="0.000000" m_ty="8.750000"/>
   <element name="swap_soul" layername="soul" frame="0" z_index="2" m_a="1.000000" m_b="0.000000" m_c="0.000000" m_d="1.000000" m_tx="15.000000" m_ty="-181.250000"/>
  </frame>
  <frame idx="2900" w="440" h="622" x="0.000000" y="-155.500000">
   <element name="body" layername="main" frame="0" z_index="3" m_a="1.000000" m_b="0.000000" m_c="0.000000" m_d="1.000000" m_tx="0.000000" m_ty="0.000000"/>
   <element name="body" layername="ball" frame="1" z_index="1" m_a="1.000000" m_b="0.000000" m_c="0.000000" m_d="1.000000" m_tx="0.000000" m_ty="9.000000"/>
   <element name="swap_soul" layername="soul" frame="0" z_index="2" m_a="1.000000" m_b="0.000000" m_c="0.000000" m_d="1.000000" m_tx="15.000000" m_ty="-181.000000"/>
  </frame>
  <frame idx="2925" w="440" h="622" x="0.000000" y="-155.375000">
   <element name="body" layername="main" frame="0" z_index="3" m_a="1.000000" m_b="0.000000" m_c="0.000000" m_d="1.000000" m_tx="0.000000" m_ty="0.000000"/>
   <element name="body" layername="ball" frame="1" z_index="1" m_a="1.000000" m_b="0.000000" m_c="0.000000" m_d="1.000000" m_tx="0.000000" m_ty="9.250000"/>
   <element name="swap_soul" layername="soul" frame="0" z_index="2" m_a="1.000000" m_b="0.000000" m_c="0.000000" m_d="1.000000" m_tx="15.000000" m_ty="-180.750000"/>
  </frame>
  <frame idx="2950" w="440" h="622" x="0.000000" y="-155.250000">
   <element name="body" layername="main" frame="0" z_index="3" m_a="1.000000" m_b="0.000000" m_c="0.000000" m_d="1.000000" m_tx="0.000000" m_ty="0.000000"/>
   <element name="body" layername="ball" frame="1" z_index="1" m_a="1.000000" m_b="0.000000" m_c="0.000000" m_d="1.000000" m_tx="0.000000" m_ty="9.500000"/>
   <element name="swap_soul" layername="soul" frame="0" z_index="2" m_a="1.000000" m_b="0.000000" m_c="0.000000" m_d="1.000000" m_tx="15.000000" m_ty="-180.500000"/>
  </frame>
  <frame idx="2975" w="440" h="622" x="0.000000" y="-155.125000">
   <element name="body" layername="main" frame="0" z_index="3" m_a="1.000000" m_b="0.000000" m_c="0.000000" m_d="1.000000" m_tx="0.000000" m_ty="0.000000"/>
   <element name="body" layername="ball" frame="1" z_index="1" m_a="1.000000" m_b="0.000000" m_c="0.000000" m_d="1.000000" m_tx="0.000000" m_ty="9.750000"/>
   <element name="swap_soul" layername="soul" frame="0" z_index="2" m_a="1.000000" m_b="0.000000" m_c="0.000000" m_d="1.000000" m_tx="15.000000" m_ty="-180.250000"/>
  </frame>
  <frame idx="3000" w="440" h="622" x="0.000000" y="-155.000000">
   <element name="body" layername="main" frame="0" z_index="3" m_a="1.000000" m_b="0.000000" m_c="0.000000" m_d="1.000000" m_tx="0.000000" m_ty="0.000000"/>
   <element name="body" layername="ball" frame="1" z_index="1" m_a="1.000000" m_b="0.000000" m_c="0.000000" m_d="1.000000" m_tx="0.000000" m_ty="10.000000"/>
   <element name="swap_soul" layername="soul" frame="0" z_index="2" m_a="1.000000" m_b="0.000000" m_c="0.000000" m_d="1.000000" m_tx="15.000000" m_ty="-180.000000"/>
  </frame>
  <frame idx="3025" w="440" h="622" x="0.000000" y="-155.125000">
   <element name="body" layername="main" frame="0" z_index="3" m_a="1.000000" m_b="0.000000" m_c="0.000000" m_d="1.000000" m_tx="0.000000" m_ty="0.000000"/>
   <element name="body" layername="ball" frame="1" z_index="1" m_a="1.000000" m_b="0.000000" m_c="0.000000" m_d="1.000000" m_tx="0.000000" m_ty="9.750000"/>
   <element name="swap_soul" layername="soul" frame="0" z_index="2" m_a="1.000000" m_b="0.000000" m_c="0.000000" m_d="1.000000" m_tx="15.000000" m_ty="-180.250000"/>
  </frame>
  <frame idx="3050" w="440" h="622" x="0.000000" y="-155.250000">
   <element name="body" layername="main" frame="0" z_index="3" m_a="1.000000" m_b="0.000000" m_c="0.000000" m_d="1.000000" m_tx="0.000000" m_ty="0.000000"/>
   <element name="body" layername="ball" frame="1" z_index="1" m_a="1.000000" m_b="0.000000" m_c="0.000000" m_d="1.000000" m_tx="0.000000" m_ty="9.500000"/>
   <element name="swap_soul" layername="soul" frame="0" z_index="2" m_a="1.000000" m_b="0.000000" m_c="0.000000" m_d="1.000000" m_tx="15.000000" m_ty="-180.500000"/>
  </frame>
  <frame idx="3075" w="440" h="622" x="0.000000" y="-155.375000">
   <element name="body" layername="main" frame="0" z_index="3" m_a="1.000000" m_b="0.000000" m_c="0.000000" m_d="1.000000" m_tx="0.000000" m_ty="0.000000"/>
   <element name="body" layername="ball" frame="1" z_index="1" m_a="1.000000" m_b="0.000000" m_c="0.000000" m_d="1.000000" m_tx="0.000000" m_ty="9.250000"/>
   <element name="swap_soul" layername="soul" frame="0" z_index="2" m_a="1.000000" m_b="0.000000" m_c="0.000000" m_d="1.000000" m_tx="15.000000" m_ty="-180.750000"/>
  </frame>
  <frame idx="3100" w="440" h="622" x="0.000000" y="-155.500000">
   <element name="body" layername="main" frame="0" z_index="3" m_a="1.000000" m_b="0.000000" m_c="0.000000" m_d="1.000000" m_tx="0.000000" m_ty="0.000000"/>
   <element name="body" layername="ball" frame="1" z_index="1" m_a="1.000000" m_b="0.000000" m_c="0.000000" m_d="1.000000" m_tx="0.000000" m_ty="9.000000"/>
   <element name="swap_soul" layername="soul" frame="0" z_index="2" m_a="1.000000" m_b="0.000000" m_c="0.000000" m_d="1.000000" m_tx="15.000000" m_ty="-181.000000"/>
  </frame>
  <frame idx="3125" w="440" h="622" x="0.000000" y="-155.625000">
   <element name="body" layername="main" frame="0" z_index="3" m_a="1.000000" m_b="0.000000" m_c="0.000000" m_d="1.000000" m_tx="0.000000" m_ty="0.000000"/>
   <element name="body" layername="ball" frame="1" z_index="1" m_a="1.000000" m_b="0.000000" m_c="0.000000" m_d="1.000000" m_tx="0.000000" m_ty="8.750000"/>
   <element name="swap_soul" layername="soul" frame="0" z_index="2" m_a="1.000000" m_b="0.000000" m_c="0.000000" m_d="1.000000" m_tx="15.000000" m_ty="-181.250000"/>
  </frame>
  <frame idx="3150" w="440" h="622" x="0.000000" y="-155.750000">
   <element name="body" layername="main" frame="0" z_index="3" m_a="1.000000" m_b="0.000000" m_c="0.000000" m_d="1.000000" m_tx="0.000000" m_ty="0.000000"/>
   <element name="body" layername="ball" frame="1" z_index="1" m_a="1.000000" m_b="0.000000" m_c="0.000000" m_d="1.000000" m_tx="0.000000" m_ty="8.500000"/>
   <element name="swap_soul" layername="soul" frame="0" z_index="2" m_a="1.000000" m_b="0.000000" m_c="0.000000" m_d="1.000000" m_tx="15.000000" m_ty="-181.500000"/>
  </frame>
  <frame idx="3175" w="440" h="622" x="0.000000" y="-155.875000">
   <element name="body" layername="main" frame="0" z_index="3" m_a="1.000000" m_b="0.000000" m_c="0.000000" m_d="1.000000" m_tx="0.000000" m_ty="0.000000"/>
   <element name="body" layername="ball" frame="1" z_index="1" m_a="1.000000" m_b="0.000000" m_c="0.000000" m_d="1.000000" m_tx="0.000000" m_ty="8.250000"/>
   <element name="swap_soul" layername="soul" frame="0" z_index="2" m_a="1.000000" m_b="0.000000" m_c="0.000000" m_d="1.000000" m_tx="15.000000" m_ty="-181.750000"/>
  </frame>
  <frame idx="3200" w="440" h="621" x="0.000000" y="-156.000000">
   <element name="body" layername="main" frame="0" z_index="3" m_a="1.000000" m_b="0.000000" m_c="0.000000" m_d="1.000000" m_tx="0.000000" m_ty="0.000000"/>
   <element name="body" layername="ball" frame="1" z_index="1" m_a="1.000000" m_b="0.000000" m_c="0.000000" m_d="1.000000" m_tx="0.000000" m_ty="8.000000"/>
   <element name="swap_soul" layername="soul" frame="0" z_index="2" m_a="1.000000" m_b="0.000000" m_c="0.000000" m_d="1.000000" m_tx="15.000000" m_ty="-182.000000"/>
  </frame>
  <frame idx="3225" w="440" h="621" x="0.000000" y="-156.125000">
   <element name="body" layername="main" frame="0" z_index="3" m_a="1.000000" m_b="0.000000" m_c="0.000000" m_d="1.000000" m_tx="0.000000" m_ty="0.000000"/>
   <element name="body" layername="ball" frame="1" z_index="1" m_a="1.000000" m_b="0.000000" m_c="0.000000" m_d="1.000000" m_tx="0.000000" m_ty="7.750000"/>
   <element name="swap_soul" layername="soul" frame="0" z_index="2" m_a="1.000000" m_b="0.000000" m_c="0.000000" m_d="1.000000" m_tx="15.000000" m_ty="-182.250000"/>
  </frame>
  <frame idx="3250" w="440" h="621" x="0.000000" y="-156.250000">
   <element name="body" layername="main" frame="0" z_index="3" m_a="1.000000" m_b="0.000000" m_c="0.000000" m_d="1.000000" m_tx="0.000000" m_ty="0.000000"/>
   <element name="body" layername="ball" frame="1" z_index="1" m_a="1.000000" m_b="0.000000" m_c="0.000000" m_d="1.000000" m_tx="0.000000" m_ty="7.500000"/>
   <element name="swap_soul" layername="soul" frame="0" z_index="2" m_a="1.000000" m_b="0.000000" m_c="0.000000" m_d="1.000000" m_tx="15.000000" m_ty="-182.500000"/>
  </frame>
  <frame idx="3275" w="440" h="621" x="0.000000" y="-156.375000">
   <element name="body" layername="main" frame="0" z_index="3" m_a="1.000000" m_b="0.000000" m_c="0.000000" m_d="1.000000" m_tx="0.000000" m_ty="0.000000"/>
   <element name="body" layername="ball" frame="1" z_index="1" m_a="1.000000" m_b="0.000000" m_c="0.000000" m_d="1.000000" m_tx="0.000000" m_ty="7.250000"/>
   <element name="swap_soul" layername="soul" frame="0" z_index="2" m_a="1.000000" m_b="0.000000" m_c="0.000000" m_d="1.000000" m_tx="15.000000" m_ty="-182.750000"/>
  </frame>
  <frame idx="3300" w="440" h="621" x="0.000000" y="-156.500000">
   <element name="body" layername="main" frame="0" z_index="3" m_a="1.000000" m_b="0.000000" m_c="0.000000" m_d="1.000000" m_tx="0.000000" m_ty="0.000000"/>
   <element name="body" layername="ball" frame="1" z_index="1" m_a="1.000000" m_b="0.000000" m_c="0.000000" m_d="1.000000" m_tx="0.000000" m_ty="7.000000"/>
   <element name="swap_soul" layername="soul" frame="0" z_index="2" m_a="1.000000" m_b="0.000000" m_c="0.000000" m_d="1.000000" m_tx="15.000000" m_ty="-183.000000"/>
  </frame>
  <frame idx="3325" w="440" h="621" x="0.000000" y="-156.625000">
   <element name="body" layername="main" frame="0" z_index="3" m_a="1.000000" m_b="0.000000" m_c="0.000000" m_d="1.000000" m_tx="0.000000" m_ty="0.000000"/>
   <element name="body" layername="ball" frame="1" z_index="1" m_a="1.000000" m_b="0.000000" m_c="0.000000" m_d="1.000000" m_tx="0.000000" m_ty="6.750000"/>
   <element name="swap_soul" layername="soul" frame="0" z_index="2" m_a="1.000000" m_b="0.000000" m_c="0.000000" m_d="1.000000" m_tx="15.000000" m_ty="-183.250000"/>
  </frame>
  <frame idx="3350" w="440" h="621" x="0.000000" y="-156.750000">
   <element name="body" layername="main" frame="0" z_index="3" m_a="1.000000" m_b="0.000000" m_c="0.000000" m_d="1.000000" m_tx="0.000000" m_ty="0.000000"/>
   <element name="body" layername="ball" frame="1" z_index="1" m_a="1.000000" m_b="0.000000" m_c="0.000000" m_d="1.000000" m_tx="0.000000" m_ty="6.500000"/>
   <element name="swap_soul" layername="soul" frame="0" z_index="2" m_a="1.000000" m_b="0.000000" m_c="0.000000" m_d="1.000000" m_tx="15.000000" m_ty="-183.500000"/>
  </frame>
  <frame idx="3375" w="440" h="621" x="0.000000" y="-156.875000">
   <element name="body" layername="main" frame="0" z_index="3" m_a="1.000000" m_b="0.000000" m_c="0.000000" m_d="1.000000" m_tx="0.000000" m_ty="0.000000"/>
   <element name="body" layername="ball" frame="1" z_index="1" m_a="1.000000" m_b="0.000000" m_c="0.000000" m_d="1.000000" m_tx="0.000000" m_ty="6.250000"/>
   <element name="swap_soul" layername="soul" frame="0" z_index="2" m_a="1.000000" m_b="0.000000" m_c="0.000000" m_d="1.000000" m_tx="15.000000" m_ty="-183.750000"/>
  </frame>
  <frame idx="3400" w="440" h="620" x="0.000000" y="-157.000000">
   <element name="body" layername="main" frame="0" z_index="3" m_a="1.000000" m_b="0.000000" m_c="0.000000" m_d="1.000000" m_tx="0.000000" m_ty="0.000000"/>
   <element name="body" layername="ball" frame="1" z_index="1" m_a="1.000000" m_b="0.000000" m_c="0.000000" m_d="1.000000" m_tx="0.000000" m_ty="6.000000"/>
   <element name="swap_soul" layername="soul" frame="0" z_index="2" m_a="1.000000" m_b="0.000000" m_c="0.000000" m_d="1.000000" m_tx="15.000000" m_ty="-184.000000"/>
  </frame>
  <frame idx="3425" w="440" h="620" x="0.000000" y="-157.125000">
   <element name="body" layername="main" frame="0" z_index="3" m_a="1.000000" m_b="0.000000" m_c="0.000000" m_d="1.000000" m_tx="0.000000" m_ty="0.000000"/>
   <element name="body" layername="ball" frame="1" z_index="1" m_a="1.000000" m_b="0.000000" m_c="0.000000" m_d="1.000000" m_tx="0.000000" m_ty="5.750000"/>
   <element name="swap_soul" layername="soul" frame="0" z_index="2" m_a="1.000000" m_b="0.000000" m_c="0.000000" m_d="1.000000" m_tx="15.000000" m_ty="-184.250000"/>
  </frame>
  <frame idx="3450" w="440" h="620" x="0.000000" y="-157.250000">
   <element name="body" layername="main" frame="0" z_index="3" m_a="1.000000" m_b="0.000000" m_c="0.000000" m_d="1.000000" m_tx="0.000000" m_ty="0.000000"/>
   <element name="body" layername="ball" frame="1" z_index="1" m_a="1.000000" m_b="0.000000" m_c="0.000000" m_d="1.000000" m_tx="0.000000" m_ty="5.500000"/>
   <element name="swap_soul" layername="soul" frame="0" z_index="2" m_a="1.000000" m_b="0.000000" m_c="0.000000" m_d="1.000000" m_tx="15.000000" m_ty="-184.500000"/>
  </frame>
  <frame idx="3475" w="440" h="620" x="0.000000" y="-157.375000">
   <element name="body" layername="main" frame="0" z_index="3" m_a="1.000000" m_b="0.000000" m_c="0.000000" m_d="1.000000" m_tx="0.000000" m_ty="0.000000"/>
   <element name="body" layername="ball" frame="1" z_index="1" m_a="1.000000" m_b="0.000000" m_c="0.000000" m_d="1.000000" m_tx="0.000000" m_ty="5.250000"/>
   <element name="swap_soul" layername="soul" frame="0" z_index="2" m_a="1.000000" m_b="0.000000" m_c="0.000000" m_d="1.000000" m_tx="15.000000" m_ty="-184.750000"/>
  </frame>
  <frame idx="3500" w="440" h="620" x="0.000000" y="-157.500000">
   <element name="body" layername="main" frame="0" z_index="3" m_a="1.000000" m_b="0.000000" m_c="0.000000" m_d="1.000000" m_tx="0.000000" m_ty="0.000000"/>
   <element name="body" layername="ball" frame="1" z_index="1" m_a="1.000000" m_b="0.000000" m_c="0.000000" m_d="1.000000" m_tx="0.000000" m_ty="5.000000"/>
   <element name="swap_soul" layername="soul" frame="0" z_index="2" m_a="1.000000" m_b="0.000000" m_c="0.000000" m_d="1.000000" m_tx="15.000000" m_ty="-185.000000"/>
  </frame>
  <frame idx="3525" w="440" h="620" x="0.000000" y="-157.625000">
   <element name="body" layername="main" frame="0" z_index="3" m_a="1.000000" m_b="0.000000" m_c="0.000000" m_d="1.000000" m_tx="0.000000" m_ty="0.000000"/>
   <element name="body" layername="ball" frame="1" z_index="1" m_a="1.000000" m_b="0.000000" m_c="0.000000" m_d="1.000000" m_tx="0.000000" m_ty="4.750000"/>
   <element name="swap_soul" layername="soul" frame="0" z_index="2" m_a="1.000000" m_b="0.000000" m_c="0.000000" m_d="1.000000" m_tx="15.000000" m_ty="-185.250000"/>
  </frame>
  <frame idx="3550" w="440" h="620" x="0.000000" y="-157.750000">
   <element name="body" layername="main" frame="0" z_index="3" m_a="1.000000" m_b="0.000000" m_c="0.000000" m_d="1.000000" m_tx="0.000000" m_ty="0.000000"/>
   <element name="body" layername="ball" frame="1" z_index="1" m_a="1.000000" m_b="0.000000" m_c="0.000000" m_d="1.000000" m_tx="0.000000" m_ty="4.500000"/>
   <element name="swap_soul" layername="soul" frame="0" z_index="2" m_a="1.000000" m_b="0.000000" m_c="0.000000" m_d="1.000000" m_tx="15.000000" m_ty="-185.500000"/>
  </frame>
  <frame idx="3575" w="440" h="620" x="0.000000" y="-157.875000">
   <element name="body" layername="main" frame="0" z_index="3" m_a="1.000000" m_b="0.000000" m_c="0.000000" m_d="1.000000" m_tx="0.000000" m_ty="0.000000"/>
   <element name="body" layername="ball" frame="1" z_index="1" m_a="1.000000" m_b="0.000000" m_c="0.000000" m_d="1.000000" m_tx="0.000000" m_ty="4.250000"/>
   <element name="swap_soul" layername="soul" frame="0" z_index="2" m_a="1.000000" m_b="0.000000" m_c="0.000000" m_d="1.000000" m_tx="15.000000" m_ty="-185.750000"/>
  </frame>
  <frame idx="3600" w="440" h="619" x="0.000000" y="-158.000000">
   <element name="body" layername="main" frame="0" z_index="3" m_a="1.000000" m_b="0.000000" m_c="0.000000" m_d="1.000000" m_tx="0.000000" m_ty="0.000000"/>
   <element name="body" layername="ball" frame="1" z_index="1" m_a="1.000000" m_b="0.000000" m_c="0.000000" m_d="1.000000" m_tx="0.000000" m_ty="4.000000"/>
   <element name="swap_soul" layername="soul" frame="0" z_index="2" m_a="1.000000" m_b="0.000000" m_c="0.000000" m_d="1.000000" m_tx="15.000000" m_ty="-186.000000"/>
  </frame>
  <frame idx="3625" w="440" h="619" x="0.000000" y="-158.125000">
   <element name="body" layername="main" frame="0" z_index="3" m_a="1.000000" m_b="0.000000" m_c="0.000000" m_d="1.000000" m_tx="0.000000" m_ty="0.000000"/>
   <element name="body" layername="ball" frame="1" z_index="1" m_a="1.000000" m_b="0.000000" m_c="0.000000" m_d="1.000000" m_tx="0.000000" m_ty="3.750000"/>
   <element name="swap_soul" layername="soul" frame="0" z_index="2" m_a="1.000000" m_b="0.000000" m_c="0.000000" m_d="1.000000" m_tx="15.000000" m_ty="-186.250000"/>
  </frame>
  <frame idx="3650" w="440" h="619" x="0.000000" y="-158.250000">
   <element name="body" layername="main" frame="0" z_index="3" m_a="1.000000" m_b="0.000000" m_c="0.000000" m_d="1.000000" m_tx="0.000000" m_ty="0.000000"/>
   <element name="body" layername="ball" frame="1" z_index="1" m_a="1.000000" m_b="0.000000" m_c="0.000000" m_d="1.000000" m_tx="0.000000" m_ty="3.500000"/>
   <element name="swap_soul" layername="soul" frame="0" z_index="2" m_a="1.000000" m_b="0.000000" m_c="0.000000" m_d="1.000000" m_tx="15.000000" m_ty="-186.500000"/>
  </frame>
  <frame idx="3675" w="440" h="619" x="0.000000" y="-158.375000">
   <element name="body" layername="main" frame="0" z_index="3" m_a="1.000000" m_b="0.000000" m_c="0.000000" m_d="1.000000" m_tx="0.000000" m_ty="0.000000"/>
   <element name="body" layername="ball" frame="1" z_index="1" m_a="1.000000" m_b="0.000000" m_c="0.000000" m_d="1.000000" m_tx="0.000000" m_ty="3.250000"/>
   <element name="swap_soul" layername="soul" frame="0" z_index="2" m_a="1.000000" m_b="0.000000" m_c="0.000000" m_d="1.000000" m_tx="15.000000" m_ty="-186.750000"/>
  </frame>
  <frame idx="3700" w="440" h="619" x="0.000000" y="-158.500000">
   <element name="body" layername="main" frame="0" z_index="3" m_a="1.000000" m_b="0.000000" m_c="0.000000" m_d="1.000000" m_tx="0.000000" m_ty="0.000000"/>
   <element name="body" layername="ball" frame="1" z_index="1" m_a="1.000000" m_b="0.000000" m_c="0.000000" m_d="1.000000" m_tx="0.000000" m_ty="3.000000"/>
   <element name="swap_soul" layername="soul" frame="0" z_index="2" m_a="1.000000" m_b="0.000000" m_c="0.000000" m_d="1.000000" m_tx="15.000000" m_ty="-187.000000"/>
  </frame>
  <frame idx="3725" w="440" h="619" x="0.000000" y="-158.625000">
   <element name="body" layername="main" frame="0" z_index="3" m_a="1.000000" m_b="0.000000" m_c="0.000000" m_d="1.000000" m_tx="0.000000" m_ty="0.000000"/>
   <element name="body" layername="ball" frame="1" z_index="1" m_a="1.000000" m_b="0.000000" m_c="0.000000" m_d="1.000000" m_tx="0.000000" m_ty="2.750000"/>
   <element name="swap_soul" layername="soul" frame="0" z_index="2" m_a="1.000000" m_b="0.000000" m_c="0.000000" m_d="1.000000" m_tx="15.000000" m_ty="-187.250000"/>
  </frame>
  <frame idx="3750" w="440" h="619" x="0.000000" y="-158.750000">
   <element name="body" layername="main" frame="0" z_index="3" m_a="1.000000" m_b="0.000000" m_c="0.000000" m_d="1.000000" m_tx="0.000000" m_ty="0.000000"/>
   <element name="body" layername="ball" frame="1" z_index="1" m_a="1.000000" m_b="0.000000" m_c="0.000000" m_d="1.000000" m_tx="0.000000" m_ty="2.500000"/>
   <element name="swap_soul" layername="soul" frame="0" z_index="2" m_a="1.000000" m_b="0.000000" m_c="0.000000" m_d="1.000000" m_tx="15.000000" m_ty="-187.500000"/>
  </frame>
  <frame idx="3775" w="440" h="619" x="0.000000" y="-158.875000">
   <element name="body" layername="main" frame="0" z_index="3" m_a="1.000000" m_b="0.000000" m_c="0.000000" m_d="1.000000" m_tx="0.000000" m_ty="0.000000"/>
   <element name="body" layername="ball" frame="1" z_index="1" m_a="1.000000" m_b="0.000000" m_c="0.000000" m_d="1.000000" m_tx="0.000000" m_ty="2.250000"/>
   <element name="swap_soul" layername="soul" frame="0" z_index="2" m_a="1.000000" m_b="0.000000" m_c="0.000000" m_d="1.000000" m_tx="15.000000" m_ty="-187.750000"/>
  </frame>
  <frame idx="3800" w="440" h="618" x="0.000000" y="-159.000000">
   <element name="body" layername="main" frame="0" z_index="3" m_a="1.000000" m_b="0.000000" m_c="0.000000" m_d="1.000000" m_tx="0.000000" m_ty="0.000000"/>
   <element name="body" layername="ball" frame="1" z_index="1" m_a="1.000000" m_b="0.000000" m_c="0.000000" m_d="1.000000" m_tx="0.000000" m_ty="2.000000"/>
   <element name="swap_soul" layername="soul" frame="0" z_index="2" m_a="1.000000" m_b="0.000000" m_c="0.000000" m_d="1.000000" m_tx="15.000000" m_ty="-188.000000"/>
  </frame>
  <frame idx="3825" w="440" h="618" x="0.000000" y="-159.125000">
   <element name="body" layername="main" frame="0" z_index="3" m_a="1.000000" m_b="0.000000" m_c="0.000000" m_d="1.000000" m_tx="0.000000" m_ty="0.000000"/>
   <element name="body" layername="ball" frame="1" z_index="1" m_a="1.000000" m_b="0.000000" m_c="0.000000" m_d="1.000000" m_tx="0.000000" m_ty="1.750000"/>
   <element name="swap_soul" layername="soul" frame="0" z_index="2" m_a="1.000000" m_b="0.000000" m_c="0.000000" m_d="1.000000" m_tx="15.000000" m_ty="-188.250000"/>
  </frame>
  <frame idx="3850" w="440" h="618" x="0.000000" y="-159.250000">
   <element name="body" layername="main" frame="0" z_index="3" m_a="1.000000" m_b="0.000000" m_c="0.000000" m_d="1.000000" m_tx="0.000000" m_ty="0.000000"/>
   <element name="body" layername="ball" frame="1" z_index="1" m_a="1.000000" m_b="0.000000" m_c="0.000000" m_d="1.000000" m_tx="0.000000" m_ty="1.500000"/>
   <element name="swap_soul" layername="soul" frame="0" z_index="2" m_a="1.000000" m_b="0.000000" m_c="0.000000" m_d="1.000000" m_tx="15.000000" m_ty="-188.500000"/>
  </frame>
  <frame idx="3875" w="440" h="618" x="0.000000" y="-159.375000">
   <element name="body" layername="main" frame="0" z_index="3" m_a="1.000000" m_b="0.000000" m_c="0.000000" m_d="1.000000" m_tx="0.000000" m_ty="0.000000"/>
   <element name="body" layername="ball" frame="1" z_index="1" m_a="1.000000" m_b="0.000000" m_c="0.000000" m_d="1.000000" m_tx="0.000000" m_ty="1.250000"/>
   <element name="swap_soul" layername="soul" frame="0" z_index="2" m_a="1.000000" m_b="0.000000" m_c="0.000000" m_d="1.000000" m_tx="15.000000" m_ty="-188.750000"/>
  </frame>
  <frame idx="3900" w="440" h="618" x="0.000000" y="-159.500000">
   <element name="body" layername="main" frame="0" z_index="3" m_a="1.000000" m_b="0.000000" m_c="0.000000" m_d="1.000000" m_tx="0.000000" m_ty="0.000000"/>
   <element name="body" layername="ball" frame="1" z_index="1" m_a="1.000000" m_b="0.000000" m_c="0.000000" m_d="1.000000" m_tx="0.000000" m_ty="1.000000"/>
   <element name="swap_soul" layername="soul" frame="0" z_index="2" m_a="1.000000" m_b="0.000000" m_c="0.000000" m_d="1.000000" m_tx="15.000000" m_ty="-189.000000"/>
  </frame>
  <frame idx="3925" w="440" h="618" x="0.000000" y="-159.625000">
   <element name="body" layername="main" frame="0" z_index="3" m_a="1.000000" m_b="0.000000" m_c="0.000000" m_d="1.000000" m_tx="0.000000" m_ty="0.000000"/>
   <element name="body" layername="ball" frame="1" z_index="1" m_a="1.000000" m_b="0.000000" m_c="0.000000" m_d="1.000000" m_tx="0.000000" m_ty="0.750000"/>
   <element name="swap_soul" layername="soul" frame="0" z_index="2" m_a="1.000000" m_b="0.000000" m_c="0.000000" m_d="1.000000" m_tx="15.000000" m_ty="-189.250000"/>
  </frame>
  <frame idx="3950" w="440" h="618" x="0.000000" y="-159.750000">
   <element name="body" layername="main" frame="0" z_index="3" m_a="1.000000" m_b="0.000000" m_c="0.000000" m_d="1.000000" m_tx="0.000000" m_ty="0.000000"/>
   <element name="body" layername="ball" frame="1" z_index="1" m_a="1.000000" m_b="0.000000" m_c="0.000000" m_d="1.000000" m_tx="0.000000" m_ty="0.500000"/>
   <element name="swap_soul" layername="soul" frame="0" z_index="2" m_a="1.000000" m_b="0.000000" m_c="0.000000" m_d="1.000000" m_tx="15.000000" m_ty="-189.500000"/>
  </frame>
  <frame idx="3975" w="440" h="618" x="0.000000" y="-159.875000">
   <element name="body" layername="main" frame="0" z_index="3" m_a="1.000000" m_b="0.000000" m_c="0.000000" m_d="1.000000" m_tx="0.000000" m_ty="0.000000"/>
   <element name="body" layername="ball" frame="1" z_index="1" m_a="1.000000" m_b="0.000000" m_c="0.000000" m_d="1.000000" m_tx="0.000000" m_ty="0.250000"/>
   <element name="swap_soul" layername="soul" frame="0" z_index="2" m_a="1.000000" m_b="0.000000" m_c="0.000000" m_d="1.000000" m_tx="15.000000" m_ty="-189.750000"/>
  </frame>
 </anim>
</Anims>
