<Anims>
 <anim name="idle" root="zxkoalefantfarm" numframes="400" framerate="40">
  <frame idx="0" w="660" h="924" x="0.000000" y="-240.000000">
   <element name="house" layername="0" frame="0" z_index="3" m_a="1.000000" m_b="0.000000" m_c="0.000000" m_d="1.000000" m_tx="0.000000" m_ty="0.000000"/>
  </frame>
  <frame idx="25" w="660" h="924" x="0.000000" y="-240.000000">
   <element name="house" layername="0" frame="0" z_index="3" m_a="1.000000" m_b="0.000000" m_c="0.000000" m_d="1.000000" m_tx="0.000000" m_ty="0.000000"/>
  </frame>
  <frame idx="50" w="660" h="924" x="0.000000" y="-240.000000">
   <element name="house" layername="0" frame="0" z_index="3" m_a="1.000000" m_b="0.000000" m_c="0.000000" m_d="1.000000" m_tx="0.000000" m_ty="0.000000"/>
  </frame>
  <frame idx="75" w="660" h="924" x="0.000000" y="-240.000000">
   <element name="house" layername="0" frame="0" z_index="3" m_a="1.000000" m_b="0.000000" m_c="0.000000" m_d="1.000000" m_tx="0.000000" m_ty="0.000000"/>
  </frame>
  <frame idx="100" w="660" h="924" x="0.000000" y="-240.000000">
   <element name="house" layername="0" frame="0" z_index="3" m_a="1.000000" m_b="0.000000" m_c="0.000000" m_d="1.000000" m_tx="0.000000" m_ty="0.000000"/>
  </frame>
  <frame idx="125" w="660" h="924" x="0.000000" y="-240.000000">
   <element name="house" layername="0" frame="0" z_index="3" m_a="1.000000" m_b="0.000000" m_c="0.000000" m_d="1.000000" m_tx="0.000000" m_ty="0.000000"/>
  </frame>
  <frame idx="150" w="660" h="924" x="0.000000" y="-240.000000">
   <element name="house" layername="0" frame="0" z_index="3" m_a="1.000000" m_b="0.000000" m_c="0.000000" m_d="1.000000" m_tx="0.000000" m_ty="0.000000"/>
  </frame>
  <frame idx="175" w="660" h="924" x="0.000000" y="-240.000000">
   <element name="house" layername="0" frame="0" z_index="3" m_a="1.000000" m_b="0.000000" m_c="0.000000" m_d="1.000000" m_tx="0.000000" m_ty="0.000000"/>
  </frame>
  <frame idx="200" w="660" h="924" x="0.000000" y="-240.000000">
   <element name="house" layername="0" frame="0" z_index="3" m_a="1.000000" m_b="0.000000" m_c="0.000000" m_d="1.000000" m_tx="0.000000" m_ty="0.000000"/>
  </frame>
  <frame idx="225" w="660" h="924" x="0.000000" y="-240.000000">
   <element name="house" layername="0" frame="0" z_index="3" m_a="1.000000" m_b="0.000000" m_c="0.000000" m_d="1.000000" m_tx="0.000000" m_ty="0.000000"/>
  </frame>
  <frame idx="250" w="660" h="924" x="0.000000" y="-240.000000">
   <element name="house" layername="0" frame="0" z_index="3" m_a="1.000000" m_b="0.000000" m_c="0.000000" m_d="1.000000" m_tx="0.000000" m_ty="0.000000"/>
  </frame>
  <frame idx="275" w="660" h="924" x="0.000000" y="-240.000000">
   <element name="house" layername="0" frame="0" z_index="3" m_a="1.000000" m_b="0.000000" m_c="0.000000" m_d="1.000000" m_tx="0.000000" m_ty="0.000000"/>
  </frame>
  <frame idx="300" w="660" h="924" x="0.000000" y="-240.000000">
   <element name="house" layername="0" frame="0" z_index="3" m_a="1.000000" m_b="0.000000" m_c="0.000000" m_d="1.000000" m_tx="0.000000" m_ty="0.000000"/>
  </frame>
  <frame idx="325" w="660" h="924" x="0.000000" y="-240.000000">
   <element name="house" layername="0" frame="0" z_index="3" m_a="1.000000" m_b="0.000000" m_c="0.000000" m_d="1.000000" m_tx="0.000000" m_ty="0.000000"/>
  </frame>
  <frame idx="350" w="660" h="924" x="0.000000" y="-240.000000">
   <element name="house" layername="0" frame="0" z_index="3" m_a="1.000000" m_b="0.000000" m_c="0.000000" m_d="1.000000" m_tx="0.000000" m_ty="0.000000"/>
  </frame>
  <frame idx="375" w="660" h="924" x="0.000000" y="-240.000000">
   <element name="house" layername="0" frame="0" z_index="3" m_a="1.000000" m_b="0.000000" m_c="0.000000" m_d="1.000000" m_tx="0.000000" m_ty="0.000000"/>
  </frame>
 </anim>
 <anim name="onbuild" root="zxkoalefantfarm" numframes="400" framerate="40">
  <frame idx="0" w="660" h="924" x="0.000000" y="-240.000000">
   <element name="house" layername="0" frame="0" z_index="3" m_a="1.000000" m_b="0.000000" m_c="0.000000" m_d="1.000000" m_tx="0.000000" m_ty="0.000000"/>
  </frame>
  <frame idx="25" w="660" h="924" x="0.000000" y="-240.000000">
   <element name="house" layername="0" frame="0" z_index="3" m_a="1.000000" m_b="0.000000" m_c="0.000000" m_d="1.000000" m_tx="0.000000" m_ty="0.000000"/>
  </frame>
  <frame idx="50" w="660" h="924" x="0.000000" y="-240.000000">
   <element name="house" layername="0" frame="0" z_index="3" m_a="1.000000" m_b="0.000000" m_c="0.000000" m_d="1.000000" m_tx="0.000000" m_ty="0.000000"/>
  </frame>
  <frame idx="75" w="660" h="924" x="0.000000" y="-240.000000">
   <element name="house" layername="0" frame="0" z_index="3" m_a="1.000000" m_b="0.000000" m_c="0.000000" m_d="1.000000" m_tx="0.000000" m_ty="0.000000"/>
  </frame>
  <frame idx="100" w="660" h="924" x="0.000000" y="-240.000000">
   <element name="house" layername="0" frame="0" z_index="3" m_a="1.000000" m_b="0.000000" m_c="0.000000" m_d="1.000000" m_tx="0.000000" m_ty="0.000000"/>
  </frame>
  <frame idx="125" w="660" h="924" x="0.000000" y="-240.000000">
   <element name="house" layername="0" frame="0" z_index="3" m_a="1.000000" m_b="0.000000" m_c="0.000000" m_d="1.000000" m_tx="0.000000" m_ty="0.000000"/>
  </frame>
  <frame idx="150" w="660" h="924" x="0.000000" y="-240.000000">
   <element name="house" layername="0" frame="0" z_index="3" m_a="1.000000" m_b="0.000000" m_c="0.000000" m_d="1.000000" m_tx="0.000000" m_ty="0.000000"/>
  </frame>
  <frame idx="175" w="660" h="924" x="0.000000" y="-240.000000">
   <element name="house" layername="0" frame="0" z_index="3" m_a="1.000000" m_b="0.000000" m_c="0.000000" m_d="1.000000" m_tx="0.000000" m_ty="0.000000"/>
  </frame>
  <frame idx="200" w="660" h="924" x="0.000000" y="-240.000000">
   <element name="house" layername="0" frame="0" z_index="3" m_a="1.000000" m_b="0.000000" m_c="0.000000" m_d="1.000000" m_tx="0.000000" m_ty="0.000000"/>
  </frame>
  <frame idx="225" w="660" h="924" x="0.000000" y="-240.000000">
   <element name="house" layername="0" frame="0" z_index="3" m_a="1.000000" m_b="0.000000" m_c="0.000000" m_d="1.000000" m_tx="0.000000" m_ty="0.000000"/>
  </frame>
  <frame idx="250" w="660" h="924" x="0.000000" y="-240.000000">
   <element name="house" layername="0" frame="0" z_index="3" m_a="1.000000" m_b="0.000000" m_c="0.000000" m_d="1.000000" m_tx="0.000000" m_ty="0.000000"/>
  </frame>
  <frame idx="275" w="660" h="924" x="0.000000" y="-240.000000">
   <element name="house" layername="0" frame="0" z_index="3" m_a="1.000000" m_b="0.000000" m_c="0.000000" m_d="1.000000" m_tx="0.000000" m_ty="0.000000"/>
  </frame>
  <frame idx="300" w="660" h="924" x="0.000000" y="-240.000000">
   <element name="house" layername="0" frame="0" z_index="3" m_a="1.000000" m_b="0.000000" m_c="0.000000" m_d="1.000000" m_tx="0.000000" m_ty="0.000000"/>
  </frame>
  <frame idx="325" w="660" h="924" x="0.000000" y="-240.000000">
   <element name="house" layername="0" frame="0" z_index="3" m_a="1.000000" m_b="0.000000" m_c="0.000000" m_d="1.000000" m_tx="0.000000" m_ty="0.000000"/>
  </frame>
  <frame idx="350" w="660" h="924" x="0.000000" y="-240.000000">
   <element name="house" layername="0" frame="0" z_index="3" m_a="1.000000" m_b="0.000000" m_c="0.000000" m_d="1.000000" m_tx="0.000000" m_ty="0.000000"/>
  </frame>
  <frame idx="375" w="660" h="924" x="0.000000" y="-240.000000">
   <element name="house" layername="0" frame="0" z_index="3" m_a="1.000000" m_b="0.000000" m_c="0.000000" m_d="1.000000" m_tx="0.000000" m_ty="0.000000"/>
  </frame>
 </anim>
 <anim name="onhit" root="zxkoalefantfarm" numframes="400" framerate="40">
  <frame idx="0" w="660" h="924" x="0.000000" y="-240.000000">
   <element name="house" layername="0" frame="0" z_index="3" m_a="1.000000" m_b="0.000000" m_c="0.000000" m_d="1.000000" m_tx="0.000000" m_ty="0.000000"/>
  </frame>
  <frame idx="25" w="666" h="948" x="4.844330" y="-250.520905">
   <element name="house" layername="0" frame="0" z_index="3" m_a="0.999867" m_b="-0.016280" m_c="0.016280" m_d="0.999867" m_tx="0.000000" m_ty="-5.597015"/>
  </frame>
  <frame idx="50" w="671" h="970" x="9.607880" y="-261.119965">
   <element name="house" layername="0" frame="0" z_index="3" m_a="0.999470" m_b="-0.032556" m_c="0.032556" m_d="0.999470" m_tx="0.000000" m_ty="-11.194030"/>
  </frame>
  <frame idx="75" w="677" h="992" x="14.289368" y="-271.795898">
   <element name="house" layername="0" frame="0" z_index="3" m_a="0.998807" m_b="-0.048824" m_c="0.048824" m_d="0.998807" m_tx="0.000000" m_ty="-16.791044"/>
  </frame>
  <frame idx="100" w="681" h="1014" x="18.887512" y="-282.547485">
   <element name="house" layername="0" frame="0" z_index="3" m_a="0.997880" m_b="-0.065078" m_c="0.065078" m_d="0.997880" m_tx="0.000000" m_ty="-22.388060"/>
  </frame>
  <frame idx="125" w="687" h="1036" x="23.401154" y="-293.373199">
   <element name="house" layername="0" frame="0" z_index="3" m_a="0.996688" m_b="-0.081315" m_c="0.081315" m_d="0.996688" m_tx="0.000000" m_ty="-27.985075"/>
  </frame>
  <frame idx="150" w="682" h="1023" x="19.501160" y="-290.860229">
   <element name="house" layername="0" frame="0" z_index="3" m_a="0.997735" m_b="-0.067269" m_c="0.067269" m_d="0.997735" m_tx="0.000000" m_ty="-30.000000"/>
  </frame>
  <frame idx="175" w="673" h="994" x="10.647583" y="-281.039673">
   <element name="house" layername="0" frame="0" z_index="3" m_a="0.999347" m_b="-0.036145" m_c="0.036145" m_d="0.999347" m_tx="0.000000" m_ty="-30.000000"/>
  </frame>
  <frame idx="200" w="663" h="963" x="1.492249" y="-271.499725">
   <element name="house" layername="0" frame="0" z_index="3" m_a="0.999988" m_b="-0.004987" m_c="0.004987" m_d="0.999988" m_tx="0.000000" m_ty="-30.000000"/>
  </frame>
  <frame idx="225" w="687" h="966" x="-7.955902" y="-262.249725">
   <element name="house" layername="0" frame="0" z_index="3" m_a="0.999657" m_b="0.026177" m_c="-0.026177" m_d="0.999657" m_tx="0.000000" m_ty="-30.000000"/>
  </frame>
  <frame idx="250" w="718" h="976" x="-17.687714" y="-253.298645">
   <element name="house" layername="0" frame="0" z_index="3" m_a="0.998356" m_b="0.057315" m_c="-0.057315" m_d="0.998356" m_tx="0.000000" m_ty="-30.000000"/>
  </frame>
  <frame idx="275" w="745" h="985" x="-27.063324" y="-244.945740">
   <element name="house" layername="0" frame="0" z_index="3" m_a="0.996255" m_b="0.086466" m_c="-0.086466" m_d="0.996255" m_tx="0.000000" m_ty="-29.761906"/>
  </frame>
  <frame idx="300" w="729" h="973" x="-21.480316" y="-243.767670">
   <element name="house" layername="0" frame="0" z_index="3" m_a="0.997603" m_b="0.069204" m_c="-0.069204" m_d="0.997603" m_tx="0.000000" m_ty="-23.809525"/>
  </frame>
  <frame idx="325" w="712" h="962" x="-15.980865" y="-242.685608">
   <element name="house" layername="0" frame="0" z_index="3" m_a="0.998651" m_b="0.051921" m_c="-0.051921" m_d="0.998651" m_tx="0.000000" m_ty="-17.857143"/>
  </frame>
  <frame idx="350" w="695" h="950" x="-10.566498" y="-241.697937">
   <element name="house" layername="0" frame="0" z_index="3" m_a="0.999400" m_b="0.034622" m_c="-0.034622" m_d="0.999400" m_tx="0.000000" m_ty="-11.904760"/>
  </frame>
  <frame idx="375" w="678" h="938" x="-5.239166" y="-240.803223">
   <element name="house" layername="0" frame="0" z_index="3" m_a="0.999850" m_b="0.017314" m_c="-0.017314" m_d="0.999850" m_tx="0.000000" m_ty="-5.952381"/>
  </frame>
 </anim>
</Anims>
