<Anims>
 <anim name="empty" root="zxlogstoreforest" numframes="400" framerate="40">
  <frame idx="0" w="530" h="741" x="25.850662" y="-153.276398">
   <element name="images" layername="main" frame="0" z_index="15" m_a="1.000000" m_b="0.000000" m_c="0.000000" m_d="1.000000" m_tx="0.000000" m_ty="0.000000"/>
   <element name="images" layername="door" frame="1" z_index="14" m_a="1.000000" m_b="0.000000" m_c="0.000000" m_d="1.000000" m_tx="-61.764706" m_ty="29.411764"/>
   <element name="images" layername="decorate" frame="2" z_index="13" m_a="1.000000" m_b="0.000000" m_c="0.000000" m_d="1.000000" m_tx="-20.000000" m_ty="-327.000000"/>
  </frame>
  <frame idx="25" w="530" h="741" x="25.850662" y="-153.276398">
   <element name="images" layername="main" frame="0" z_index="15" m_a="1.000000" m_b="0.000000" m_c="0.000000" m_d="1.000000" m_tx="0.000000" m_ty="0.000000"/>
   <element name="images" layername="door" frame="1" z_index="14" m_a="1.000000" m_b="0.000000" m_c="0.000000" m_d="1.000000" m_tx="-61.764706" m_ty="29.411764"/>
   <element name="images" layername="decorate" frame="2" z_index="13" m_a="1.000000" m_b="0.000000" m_c="0.000000" m_d="1.000000" m_tx="-20.000000" m_ty="-327.000000"/>
  </frame>
  <frame idx="50" w="530" h="741" x="25.850662" y="-153.276398">
   <element name="images" layername="main" frame="0" z_index="15" m_a="1.000000" m_b="0.000000" m_c="0.000000" m_d="1.000000" m_tx="0.000000" m_ty="0.000000"/>
   <element name="images" layername="door" frame="1" z_index="14" m_a="1.000000" m_b="0.000000" m_c="0.000000" m_d="1.000000" m_tx="-61.764706" m_ty="29.411764"/>
   <element name="images" layername="decorate" frame="2" z_index="13" m_a="1.000000" m_b="0.000000" m_c="0.000000" m_d="1.000000" m_tx="-20.000000" m_ty="-327.000000"/>
  </frame>
  <frame idx="75" w="530" h="741" x="25.850662" y="-153.276398">
   <element name="images" layername="main" frame="0" z_index="15" m_a="1.000000" m_b="0.000000" m_c="0.000000" m_d="1.000000" m_tx="0.000000" m_ty="0.000000"/>
   <element name="images" layername="door" frame="1" z_index="14" m_a="1.000000" m_b="0.000000" m_c="0.000000" m_d="1.000000" m_tx="-61.764706" m_ty="29.411764"/>
   <element name="images" layername="decorate" frame="2" z_index="13" m_a="1.000000" m_b="0.000000" m_c="0.000000" m_d="1.000000" m_tx="-20.000000" m_ty="-327.000000"/>
  </frame>
  <frame idx="100" w="530" h="741" x="25.850662" y="-153.276398">
   <element name="images" layername="main" frame="0" z_index="15" m_a="1.000000" m_b="0.000000" m_c="0.000000" m_d="1.000000" m_tx="0.000000" m_ty="0.000000"/>
   <element name="images" layername="door" frame="1" z_index="14" m_a="1.000000" m_b="0.000000" m_c="0.000000" m_d="1.000000" m_tx="-61.764706" m_ty="29.411764"/>
   <element name="images" layername="decorate" frame="2" z_index="13" m_a="1.000000" m_b="0.000000" m_c="0.000000" m_d="1.000000" m_tx="-20.000000" m_ty="-327.000000"/>
  </frame>
  <frame idx="125" w="530" h="741" x="25.850662" y="-153.276398">
   <element name="images" layername="main" frame="0" z_index="15" m_a="1.000000" m_b="0.000000" m_c="0.000000" m_d="1.000000" m_tx="0.000000" m_ty="0.000000"/>
   <element name="images" layername="door" frame="1" z_index="14" m_a="1.000000" m_b="0.000000" m_c="0.000000" m_d="1.000000" m_tx="-61.764706" m_ty="29.411764"/>
   <element name="images" layername="decorate" frame="2" z_index="13" m_a="1.000000" m_b="0.000000" m_c="0.000000" m_d="1.000000" m_tx="-20.000000" m_ty="-327.000000"/>
  </frame>
  <frame idx="150" w="530" h="741" x="25.850662" y="-153.276398">
   <element name="images" layername="main" frame="0" z_index="15" m_a="1.000000" m_b="0.000000" m_c="0.000000" m_d="1.000000" m_tx="0.000000" m_ty="0.000000"/>
   <element name="images" layername="door" frame="1" z_index="14" m_a="1.000000" m_b="0.000000" m_c="0.000000" m_d="1.000000" m_tx="-61.764706" m_ty="29.411764"/>
   <element name="images" layername="decorate" frame="2" z_index="13" m_a="1.000000" m_b="0.000000" m_c="0.000000" m_d="1.000000" m_tx="-20.000000" m_ty="-327.000000"/>
  </frame>
  <frame idx="175" w="530" h="741" x="25.850662" y="-153.276398">
   <element name="images" layername="main" frame="0" z_index="15" m_a="1.000000" m_b="0.000000" m_c="0.000000" m_d="1.000000" m_tx="0.000000" m_ty="0.000000"/>
   <element name="images" layername="door" frame="1" z_index="14" m_a="1.000000" m_b="0.000000" m_c="0.000000" m_d="1.000000" m_tx="-61.764706" m_ty="29.411764"/>
   <element name="images" layername="decorate" frame="2" z_index="13" m_a="1.000000" m_b="0.000000" m_c="0.000000" m_d="1.000000" m_tx="-20.000000" m_ty="-327.000000"/>
  </frame>
  <frame idx="200" w="530" h="741" x="25.850662" y="-153.276398">
   <element name="images" layername="main" frame="0" z_index="15" m_a="1.000000" m_b="0.000000" m_c="0.000000" m_d="1.000000" m_tx="0.000000" m_ty="0.000000"/>
   <element name="images" layername="door" frame="1" z_index="14" m_a="1.000000" m_b="0.000000" m_c="0.000000" m_d="1.000000" m_tx="-61.764706" m_ty="29.411764"/>
   <element name="images" layername="decorate" frame="2" z_index="13" m_a="1.000000" m_b="0.000000" m_c="0.000000" m_d="1.000000" m_tx="-20.000000" m_ty="-327.000000"/>
  </frame>
  <frame idx="225" w="530" h="741" x="25.850662" y="-153.276398">
   <element name="images" layername="main" frame="0" z_index="15" m_a="1.000000" m_b="0.000000" m_c="0.000000" m_d="1.000000" m_tx="0.000000" m_ty="0.000000"/>
   <element name="images" layername="door" frame="1" z_index="14" m_a="1.000000" m_b="0.000000" m_c="0.000000" m_d="1.000000" m_tx="-61.764706" m_ty="29.411764"/>
   <element name="images" layername="decorate" frame="2" z_index="13" m_a="1.000000" m_b="0.000000" m_c="0.000000" m_d="1.000000" m_tx="-20.000000" m_ty="-327.000000"/>
  </frame>
  <frame idx="250" w="530" h="741" x="25.850662" y="-153.276398">
   <element name="images" layername="main" frame="0" z_index="15" m_a="1.000000" m_b="0.000000" m_c="0.000000" m_d="1.000000" m_tx="0.000000" m_ty="0.000000"/>
   <element name="images" layername="door" frame="1" z_index="14" m_a="1.000000" m_b="0.000000" m_c="0.000000" m_d="1.000000" m_tx="-61.764706" m_ty="29.411764"/>
   <element name="images" layername="decorate" frame="2" z_index="13" m_a="1.000000" m_b="0.000000" m_c="0.000000" m_d="1.000000" m_tx="-20.000000" m_ty="-327.000000"/>
  </frame>
  <frame idx="275" w="530" h="741" x="25.850662" y="-153.276398">
   <element name="images" layername="main" frame="0" z_index="15" m_a="1.000000" m_b="0.000000" m_c="0.000000" m_d="1.000000" m_tx="0.000000" m_ty="0.000000"/>
   <element name="images" layername="door" frame="1" z_index="14" m_a="1.000000" m_b="0.000000" m_c="0.000000" m_d="1.000000" m_tx="-61.764706" m_ty="29.411764"/>
   <element name="images" layername="decorate" frame="2" z_index="13" m_a="1.000000" m_b="0.000000" m_c="0.000000" m_d="1.000000" m_tx="-20.000000" m_ty="-327.000000"/>
  </frame>
  <frame idx="300" w="530" h="741" x="25.850662" y="-153.276398">
   <element name="images" layername="main" frame="0" z_index="15" m_a="1.000000" m_b="0.000000" m_c="0.000000" m_d="1.000000" m_tx="0.000000" m_ty="0.000000"/>
   <element name="images" layername="door" frame="1" z_index="14" m_a="1.000000" m_b="0.000000" m_c="0.000000" m_d="1.000000" m_tx="-61.764706" m_ty="29.411764"/>
   <element name="images" layername="decorate" frame="2" z_index="13" m_a="1.000000" m_b="0.000000" m_c="0.000000" m_d="1.000000" m_tx="-20.000000" m_ty="-327.000000"/>
  </frame>
  <frame idx="325" w="530" h="741" x="25.850662" y="-153.276398">
   <element name="images" layername="main" frame="0" z_index="15" m_a="1.000000" m_b="0.000000" m_c="0.000000" m_d="1.000000" m_tx="0.000000" m_ty="0.000000"/>
   <element name="images" layername="door" frame="1" z_index="14" m_a="1.000000" m_b="0.000000" m_c="0.000000" m_d="1.000000" m_tx="-61.764706" m_ty="29.411764"/>
   <element name="images" layername="decorate" frame="2" z_index="13" m_a="1.000000" m_b="0.000000" m_c="0.000000" m_d="1.000000" m_tx="-20.000000" m_ty="-327.000000"/>
  </frame>
  <frame idx="350" w="530" h="741" x="25.850662" y="-153.276398">
   <element name="images" layername="main" frame="0" z_index="15" m_a="1.000000" m_b="0.000000" m_c="0.000000" m_d="1.000000" m_tx="0.000000" m_ty="0.000000"/>
   <element name="images" layername="door" frame="1" z_index="14" m_a="1.000000" m_b="0.000000" m_c="0.000000" m_d="1.000000" m_tx="-61.764706" m_ty="29.411764"/>
   <element name="images" layername="decorate" frame="2" z_index="13" m_a="1.000000" m_b="0.000000" m_c="0.000000" m_d="1.000000" m_tx="-20.000000" m_ty="-327.000000"/>
  </frame>
  <frame idx="375" w="530" h="741" x="25.850662" y="-153.276398">
   <element name="images" layername="main" frame="0" z_index="15" m_a="1.000000" m_b="0.000000" m_c="0.000000" m_d="1.000000" m_tx="0.000000" m_ty="0.000000"/>
   <element name="images" layername="door" frame="1" z_index="14" m_a="1.000000" m_b="0.000000" m_c="0.000000" m_d="1.000000" m_tx="-61.764706" m_ty="29.411764"/>
   <element name="images" layername="decorate" frame="2" z_index="13" m_a="1.000000" m_b="0.000000" m_c="0.000000" m_d="1.000000" m_tx="-20.000000" m_ty="-327.000000"/>
  </frame>
 </anim>
 <anim name="half" root="zxlogstoreforest" numframes="400" framerate="40">
  <frame idx="0" w="530" h="741" x="25.850662" y="-153.276398">
   <element name="images" layername="main" frame="0" z_index="15" m_a="1.000000" m_b="0.000000" m_c="0.000000" m_d="1.000000" m_tx="0.000000" m_ty="0.000000"/>
   <element name="images" layername="door" frame="1" z_index="14" m_a="1.000000" m_b="0.000000" m_c="0.000000" m_d="1.000000" m_tx="-61.764706" m_ty="29.411764"/>
   <element name="images" layername="decorate" frame="2" z_index="13" m_a="1.000000" m_b="0.000000" m_c="0.000000" m_d="1.000000" m_tx="-20.000000" m_ty="-327.000000"/>
  </frame>
  <frame idx="25" w="530" h="741" x="25.850662" y="-153.276398">
   <element name="images" layername="main" frame="0" z_index="15" m_a="1.000000" m_b="0.000000" m_c="0.000000" m_d="1.000000" m_tx="0.000000" m_ty="0.000000"/>
   <element name="images" layername="door" frame="1" z_index="14" m_a="1.000000" m_b="0.000000" m_c="0.000000" m_d="1.000000" m_tx="-61.764706" m_ty="29.411764"/>
   <element name="images" layername="decorate" frame="2" z_index="13" m_a="1.000000" m_b="0.000000" m_c="0.000000" m_d="1.000000" m_tx="-20.000000" m_ty="-327.000000"/>
  </frame>
  <frame idx="50" w="530" h="741" x="25.850662" y="-153.276398">
   <element name="images" layername="main" frame="0" z_index="15" m_a="1.000000" m_b="0.000000" m_c="0.000000" m_d="1.000000" m_tx="0.000000" m_ty="0.000000"/>
   <element name="images" layername="door" frame="1" z_index="14" m_a="1.000000" m_b="0.000000" m_c="0.000000" m_d="1.000000" m_tx="-61.764706" m_ty="29.411764"/>
   <element name="images" layername="decorate" frame="2" z_index="13" m_a="1.000000" m_b="0.000000" m_c="0.000000" m_d="1.000000" m_tx="-20.000000" m_ty="-327.000000"/>
  </frame>
  <frame idx="75" w="530" h="741" x="25.850662" y="-153.276398">
   <element name="images" layername="main" frame="0" z_index="15" m_a="1.000000" m_b="0.000000" m_c="0.000000" m_d="1.000000" m_tx="0.000000" m_ty="0.000000"/>
   <element name="images" layername="door" frame="1" z_index="14" m_a="1.000000" m_b="0.000000" m_c="0.000000" m_d="1.000000" m_tx="-61.764706" m_ty="29.411764"/>
   <element name="images" layername="decorate" frame="2" z_index="13" m_a="1.000000" m_b="0.000000" m_c="0.000000" m_d="1.000000" m_tx="-20.000000" m_ty="-327.000000"/>
  </frame>
  <frame idx="100" w="530" h="741" x="25.850662" y="-153.276398">
   <element name="images" layername="main" frame="0" z_index="15" m_a="1.000000" m_b="0.000000" m_c="0.000000" m_d="1.000000" m_tx="0.000000" m_ty="0.000000"/>
   <element name="images" layername="door" frame="1" z_index="14" m_a="1.000000" m_b="0.000000" m_c="0.000000" m_d="1.000000" m_tx="-61.764706" m_ty="29.411764"/>
   <element name="images" layername="decorate" frame="2" z_index="13" m_a="1.000000" m_b="0.000000" m_c="0.000000" m_d="1.000000" m_tx="-20.000000" m_ty="-327.000000"/>
  </frame>
  <frame idx="125" w="530" h="741" x="25.850662" y="-153.276398">
   <element name="images" layername="main" frame="0" z_index="15" m_a="1.000000" m_b="0.000000" m_c="0.000000" m_d="1.000000" m_tx="0.000000" m_ty="0.000000"/>
   <element name="images" layername="door" frame="1" z_index="14" m_a="1.000000" m_b="0.000000" m_c="0.000000" m_d="1.000000" m_tx="-61.764706" m_ty="29.411764"/>
   <element name="images" layername="decorate" frame="2" z_index="13" m_a="1.000000" m_b="0.000000" m_c="0.000000" m_d="1.000000" m_tx="-20.000000" m_ty="-327.000000"/>
  </frame>
  <frame idx="150" w="530" h="741" x="25.850662" y="-153.276398">
   <element name="images" layername="main" frame="0" z_index="15" m_a="1.000000" m_b="0.000000" m_c="0.000000" m_d="1.000000" m_tx="0.000000" m_ty="0.000000"/>
   <element name="images" layername="door" frame="1" z_index="14" m_a="1.000000" m_b="0.000000" m_c="0.000000" m_d="1.000000" m_tx="-61.764706" m_ty="29.411764"/>
   <element name="images" layername="decorate" frame="2" z_index="13" m_a="1.000000" m_b="0.000000" m_c="0.000000" m_d="1.000000" m_tx="-20.000000" m_ty="-327.000000"/>
  </frame>
  <frame idx="175" w="530" h="741" x="25.850662" y="-153.276398">
   <element name="images" layername="main" frame="0" z_index="15" m_a="1.000000" m_b="0.000000" m_c="0.000000" m_d="1.000000" m_tx="0.000000" m_ty="0.000000"/>
   <element name="images" layername="door" frame="1" z_index="14" m_a="1.000000" m_b="0.000000" m_c="0.000000" m_d="1.000000" m_tx="-61.764706" m_ty="29.411764"/>
   <element name="images" layername="decorate" frame="2" z_index="13" m_a="1.000000" m_b="0.000000" m_c="0.000000" m_d="1.000000" m_tx="-20.000000" m_ty="-327.000000"/>
  </frame>
  <frame idx="200" w="530" h="741" x="25.850662" y="-153.276398">
   <element name="images" layername="main" frame="0" z_index="15" m_a="1.000000" m_b="0.000000" m_c="0.000000" m_d="1.000000" m_tx="0.000000" m_ty="0.000000"/>
   <element name="images" layername="door" frame="1" z_index="14" m_a="1.000000" m_b="0.000000" m_c="0.000000" m_d="1.000000" m_tx="-61.764706" m_ty="29.411764"/>
   <element name="images" layername="decorate" frame="2" z_index="13" m_a="1.000000" m_b="0.000000" m_c="0.000000" m_d="1.000000" m_tx="-20.000000" m_ty="-327.000000"/>
  </frame>
  <frame idx="225" w="530" h="741" x="25.850662" y="-153.276398">
   <element name="images" layername="main" frame="0" z_index="15" m_a="1.000000" m_b="0.000000" m_c="0.000000" m_d="1.000000" m_tx="0.000000" m_ty="0.000000"/>
   <element name="images" layername="door" frame="1" z_index="14" m_a="1.000000" m_b="0.000000" m_c="0.000000" m_d="1.000000" m_tx="-61.764706" m_ty="29.411764"/>
   <element name="images" layername="decorate" frame="2" z_index="13" m_a="1.000000" m_b="0.000000" m_c="0.000000" m_d="1.000000" m_tx="-20.000000" m_ty="-327.000000"/>
  </frame>
  <frame idx="250" w="530" h="741" x="25.850662" y="-153.276398">
   <element name="images" layername="main" frame="0" z_index="15" m_a="1.000000" m_b="0.000000" m_c="0.000000" m_d="1.000000" m_tx="0.000000" m_ty="0.000000"/>
   <element name="images" layername="door" frame="1" z_index="14" m_a="1.000000" m_b="0.000000" m_c="0.000000" m_d="1.000000" m_tx="-61.764706" m_ty="29.411764"/>
   <element name="images" layername="decorate" frame="2" z_index="13" m_a="1.000000" m_b="0.000000" m_c="0.000000" m_d="1.000000" m_tx="-20.000000" m_ty="-327.000000"/>
  </frame>
  <frame idx="275" w="530" h="741" x="25.850662" y="-153.276398">
   <element name="images" layername="main" frame="0" z_index="15" m_a="1.000000" m_b="0.000000" m_c="0.000000" m_d="1.000000" m_tx="0.000000" m_ty="0.000000"/>
   <element name="images" layername="door" frame="1" z_index="14" m_a="1.000000" m_b="0.000000" m_c="0.000000" m_d="1.000000" m_tx="-61.764706" m_ty="29.411764"/>
   <element name="images" layername="decorate" frame="2" z_index="13" m_a="1.000000" m_b="0.000000" m_c="0.000000" m_d="1.000000" m_tx="-20.000000" m_ty="-327.000000"/>
  </frame>
  <frame idx="300" w="530" h="741" x="25.850662" y="-153.276398">
   <element name="images" layername="main" frame="0" z_index="15" m_a="1.000000" m_b="0.000000" m_c="0.000000" m_d="1.000000" m_tx="0.000000" m_ty="0.000000"/>
   <element name="images" layername="door" frame="1" z_index="14" m_a="1.000000" m_b="0.000000" m_c="0.000000" m_d="1.000000" m_tx="-61.764706" m_ty="29.411764"/>
   <element name="images" layername="decorate" frame="2" z_index="13" m_a="1.000000" m_b="0.000000" m_c="0.000000" m_d="1.000000" m_tx="-20.000000" m_ty="-327.000000"/>
  </frame>
  <frame idx="325" w="530" h="741" x="25.850662" y="-153.276398">
   <element name="images" layername="main" frame="0" z_index="15" m_a="1.000000" m_b="0.000000" m_c="0.000000" m_d="1.000000" m_tx="0.000000" m_ty="0.000000"/>
   <element name="images" layername="door" frame="1" z_index="14" m_a="1.000000" m_b="0.000000" m_c="0.000000" m_d="1.000000" m_tx="-61.764706" m_ty="29.411764"/>
   <element name="images" layername="decorate" frame="2" z_index="13" m_a="1.000000" m_b="0.000000" m_c="0.000000" m_d="1.000000" m_tx="-20.000000" m_ty="-327.000000"/>
  </frame>
  <frame idx="350" w="530" h="741" x="25.850662" y="-153.276398">
   <element name="images" layername="main" frame="0" z_index="15" m_a="1.000000" m_b="0.000000" m_c="0.000000" m_d="1.000000" m_tx="0.000000" m_ty="0.000000"/>
   <element name="images" layername="door" frame="1" z_index="14" m_a="1.000000" m_b="0.000000" m_c="0.000000" m_d="1.000000" m_tx="-61.764706" m_ty="29.411764"/>
   <element name="images" layername="decorate" frame="2" z_index="13" m_a="1.000000" m_b="0.000000" m_c="0.000000" m_d="1.000000" m_tx="-20.000000" m_ty="-327.000000"/>
  </frame>
  <frame idx="375" w="530" h="741" x="25.850662" y="-153.276398">
   <element name="images" layername="main" frame="0" z_index="15" m_a="1.000000" m_b="0.000000" m_c="0.000000" m_d="1.000000" m_tx="0.000000" m_ty="0.000000"/>
   <element name="images" layername="door" frame="1" z_index="14" m_a="1.000000" m_b="0.000000" m_c="0.000000" m_d="1.000000" m_tx="-61.764706" m_ty="29.411764"/>
   <element name="images" layername="decorate" frame="2" z_index="13" m_a="1.000000" m_b="0.000000" m_c="0.000000" m_d="1.000000" m_tx="-20.000000" m_ty="-327.000000"/>
  </frame>
 </anim>
 <anim name="full" root="zxlogstoreforest" numframes="400" framerate="40">
  <frame idx="0" w="530" h="741" x="25.850662" y="-153.276398">
   <element name="images" layername="main" frame="0" z_index="15" m_a="1.000000" m_b="0.000000" m_c="0.000000" m_d="1.000000" m_tx="0.000000" m_ty="0.000000"/>
   <element name="images" layername="door" frame="1" z_index="14" m_a="1.000000" m_b="0.000000" m_c="0.000000" m_d="1.000000" m_tx="-61.764706" m_ty="29.411764"/>
   <element name="images" layername="decorate" frame="2" z_index="13" m_a="1.000000" m_b="0.000000" m_c="0.000000" m_d="1.000000" m_tx="-20.000000" m_ty="-327.000000"/>
  </frame>
  <frame idx="25" w="530" h="741" x="25.850662" y="-153.276398">
   <element name="images" layername="main" frame="0" z_index="15" m_a="1.000000" m_b="0.000000" m_c="0.000000" m_d="1.000000" m_tx="0.000000" m_ty="0.000000"/>
   <element name="images" layername="door" frame="1" z_index="14" m_a="1.000000" m_b="0.000000" m_c="0.000000" m_d="1.000000" m_tx="-61.764706" m_ty="29.411764"/>
   <element name="images" layername="decorate" frame="2" z_index="13" m_a="1.000000" m_b="0.000000" m_c="0.000000" m_d="1.000000" m_tx="-20.000000" m_ty="-327.000000"/>
  </frame>
  <frame idx="50" w="530" h="741" x="25.850662" y="-153.276398">
   <element name="images" layername="main" frame="0" z_index="15" m_a="1.000000" m_b="0.000000" m_c="0.000000" m_d="1.000000" m_tx="0.000000" m_ty="0.000000"/>
   <element name="images" layername="door" frame="1" z_index="14" m_a="1.000000" m_b="0.000000" m_c="0.000000" m_d="1.000000" m_tx="-61.764706" m_ty="29.411764"/>
   <element name="images" layername="decorate" frame="2" z_index="13" m_a="1.000000" m_b="0.000000" m_c="0.000000" m_d="1.000000" m_tx="-20.000000" m_ty="-327.000000"/>
  </frame>
  <frame idx="75" w="530" h="741" x="25.850662" y="-153.276398">
   <element name="images" layername="main" frame="0" z_index="15" m_a="1.000000" m_b="0.000000" m_c="0.000000" m_d="1.000000" m_tx="0.000000" m_ty="0.000000"/>
   <element name="images" layername="door" frame="1" z_index="14" m_a="1.000000" m_b="0.000000" m_c="0.000000" m_d="1.000000" m_tx="-61.764706" m_ty="29.411764"/>
   <element name="images" layername="decorate" frame="2" z_index="13" m_a="1.000000" m_b="0.000000" m_c="0.000000" m_d="1.000000" m_tx="-20.000000" m_ty="-327.000000"/>
  </frame>
  <frame idx="100" w="530" h="741" x="25.850662" y="-153.276398">
   <element name="images" layername="main" frame="0" z_index="15" m_a="1.000000" m_b="0.000000" m_c="0.000000" m_d="1.000000" m_tx="0.000000" m_ty="0.000000"/>
   <element name="images" layername="door" frame="1" z_index="14" m_a="1.000000" m_b="0.000000" m_c="0.000000" m_d="1.000000" m_tx="-61.764706" m_ty="29.411764"/>
   <element name="images" layername="decorate" frame="2" z_index="13" m_a="1.000000" m_b="0.000000" m_c="0.000000" m_d="1.000000" m_tx="-20.000000" m_ty="-327.000000"/>
  </frame>
  <frame idx="125" w="530" h="741" x="25.850662" y="-153.276398">
   <element name="images" layername="main" frame="0" z_index="15" m_a="1.000000" m_b="0.000000" m_c="0.000000" m_d="1.000000" m_tx="0.000000" m_ty="0.000000"/>
   <element name="images" layername="door" frame="1" z_index="14" m_a="1.000000" m_b="0.000000" m_c="0.000000" m_d="1.000000" m_tx="-61.764706" m_ty="29.411764"/>
   <element name="images" layername="decorate" frame="2" z_index="13" m_a="1.000000" m_b="0.000000" m_c="0.000000" m_d="1.000000" m_tx="-20.000000" m_ty="-327.000000"/>
  </frame>
  <frame idx="150" w="530" h="741" x="25.850662" y="-153.276398">
   <element name="images" layername="main" frame="0" z_index="15" m_a="1.000000" m_b="0.000000" m_c="0.000000" m_d="1.000000" m_tx="0.000000" m_ty="0.000000"/>
   <element name="images" layername="door" frame="1" z_index="14" m_a="1.000000" m_b="0.000000" m_c="0.000000" m_d="1.000000" m_tx="-61.764706" m_ty="29.411764"/>
   <element name="images" layername="decorate" frame="2" z_index="13" m_a="1.000000" m_b="0.000000" m_c="0.000000" m_d="1.000000" m_tx="-20.000000" m_ty="-327.000000"/>
  </frame>
  <frame idx="175" w="530" h="741" x="25.850662" y="-153.276398">
   <element name="images" layername="main" frame="0" z_index="15" m_a="1.000000" m_b="0.000000" m_c="0.000000" m_d="1.000000" m_tx="0.000000" m_ty="0.000000"/>
   <element name="images" layername="door" frame="1" z_index="14" m_a="1.000000" m_b="0.000000" m_c="0.000000" m_d="1.000000" m_tx="-61.764706" m_ty="29.411764"/>
   <element name="images" layername="decorate" frame="2" z_index="13" m_a="1.000000" m_b="0.000000" m_c="0.000000" m_d="1.000000" m_tx="-20.000000" m_ty="-327.000000"/>
  </frame>
  <frame idx="200" w="530" h="741" x="25.850662" y="-153.276398">
   <element name="images" layername="main" frame="0" z_index="15" m_a="1.000000" m_b="0.000000" m_c="0.000000" m_d="1.000000" m_tx="0.000000" m_ty="0.000000"/>
   <element name="images" layername="door" frame="1" z_index="14" m_a="1.000000" m_b="0.000000" m_c="0.000000" m_d="1.000000" m_tx="-61.764706" m_ty="29.411764"/>
   <element name="images" layername="decorate" frame="2" z_index="13" m_a="1.000000" m_b="0.000000" m_c="0.000000" m_d="1.000000" m_tx="-20.000000" m_ty="-327.000000"/>
  </frame>
  <frame idx="225" w="530" h="741" x="25.850662" y="-153.276398">
   <element name="images" layername="main" frame="0" z_index="15" m_a="1.000000" m_b="0.000000" m_c="0.000000" m_d="1.000000" m_tx="0.000000" m_ty="0.000000"/>
   <element name="images" layername="door" frame="1" z_index="14" m_a="1.000000" m_b="0.000000" m_c="0.000000" m_d="1.000000" m_tx="-61.764706" m_ty="29.411764"/>
   <element name="images" layername="decorate" frame="2" z_index="13" m_a="1.000000" m_b="0.000000" m_c="0.000000" m_d="1.000000" m_tx="-20.000000" m_ty="-327.000000"/>
  </frame>
  <frame idx="250" w="530" h="741" x="25.850662" y="-153.276398">
   <element name="images" layername="main" frame="0" z_index="15" m_a="1.000000" m_b="0.000000" m_c="0.000000" m_d="1.000000" m_tx="0.000000" m_ty="0.000000"/>
   <element name="images" layername="door" frame="1" z_index="14" m_a="1.000000" m_b="0.000000" m_c="0.000000" m_d="1.000000" m_tx="-61.764706" m_ty="29.411764"/>
   <element name="images" layername="decorate" frame="2" z_index="13" m_a="1.000000" m_b="0.000000" m_c="0.000000" m_d="1.000000" m_tx="-20.000000" m_ty="-327.000000"/>
  </frame>
  <frame idx="275" w="530" h="741" x="25.850662" y="-153.276398">
   <element name="images" layername="main" frame="0" z_index="15" m_a="1.000000" m_b="0.000000" m_c="0.000000" m_d="1.000000" m_tx="0.000000" m_ty="0.000000"/>
   <element name="images" layername="door" frame="1" z_index="14" m_a="1.000000" m_b="0.000000" m_c="0.000000" m_d="1.000000" m_tx="-61.764706" m_ty="29.411764"/>
   <element name="images" layername="decorate" frame="2" z_index="13" m_a="1.000000" m_b="0.000000" m_c="0.000000" m_d="1.000000" m_tx="-20.000000" m_ty="-327.000000"/>
  </frame>
  <frame idx="300" w="530" h="741" x="25.850662" y="-153.276398">
   <element name="images" layername="main" frame="0" z_index="15" m_a="1.000000" m_b="0.000000" m_c="0.000000" m_d="1.000000" m_tx="0.000000" m_ty="0.000000"/>
   <element name="images" layername="door" frame="1" z_index="14" m_a="1.000000" m_b="0.000000" m_c="0.000000" m_d="1.000000" m_tx="-61.764706" m_ty="29.411764"/>
   <element name="images" layername="decorate" frame="2" z_index="13" m_a="1.000000" m_b="0.000000" m_c="0.000000" m_d="1.000000" m_tx="-20.000000" m_ty="-327.000000"/>
  </frame>
  <frame idx="325" w="530" h="741" x="25.850662" y="-153.276398">
   <element name="images" layername="main" frame="0" z_index="15" m_a="1.000000" m_b="0.000000" m_c="0.000000" m_d="1.000000" m_tx="0.000000" m_ty="0.000000"/>
   <element name="images" layername="door" frame="1" z_index="14" m_a="1.000000" m_b="0.000000" m_c="0.000000" m_d="1.000000" m_tx="-61.764706" m_ty="29.411764"/>
   <element name="images" layername="decorate" frame="2" z_index="13" m_a="1.000000" m_b="0.000000" m_c="0.000000" m_d="1.000000" m_tx="-20.000000" m_ty="-327.000000"/>
  </frame>
  <frame idx="350" w="530" h="741" x="25.850662" y="-153.276398">
   <element name="images" layername="main" frame="0" z_index="15" m_a="1.000000" m_b="0.000000" m_c="0.000000" m_d="1.000000" m_tx="0.000000" m_ty="0.000000"/>
   <element name="images" layername="door" frame="1" z_index="14" m_a="1.000000" m_b="0.000000" m_c="0.000000" m_d="1.000000" m_tx="-61.764706" m_ty="29.411764"/>
   <element name="images" layername="decorate" frame="2" z_index="13" m_a="1.000000" m_b="0.000000" m_c="0.000000" m_d="1.000000" m_tx="-20.000000" m_ty="-327.000000"/>
  </frame>
  <frame idx="375" w="530" h="741" x="25.850662" y="-153.276398">
   <element name="images" layername="main" frame="0" z_index="15" m_a="1.000000" m_b="0.000000" m_c="0.000000" m_d="1.000000" m_tx="0.000000" m_ty="0.000000"/>
   <element name="images" layername="door" frame="1" z_index="14" m_a="1.000000" m_b="0.000000" m_c="0.000000" m_d="1.000000" m_tx="-61.764706" m_ty="29.411764"/>
   <element name="images" layername="decorate" frame="2" z_index="13" m_a="1.000000" m_b="0.000000" m_c="0.000000" m_d="1.000000" m_tx="-20.000000" m_ty="-327.000000"/>
  </frame>
 </anim>
 <anim name="onbuild" root="zxlogstoreforest" numframes="1000" framerate="40">
  <frame idx="0" w="530" h="741" x="25.850662" y="-153.276398">
   <element name="images" layername="main" frame="0" z_index="15" m_a="1.000000" m_b="0.000000" m_c="0.000000" m_d="1.000000" m_tx="0.000000" m_ty="0.000000"/>
   <element name="images" layername="door" frame="1" z_index="14" m_a="1.000000" m_b="0.000000" m_c="0.000000" m_d="1.000000" m_tx="-61.764706" m_ty="29.411764"/>
   <element name="images" layername="decorate" frame="2" z_index="13" m_a="1.000000" m_b="0.000000" m_c="0.000000" m_d="1.000000" m_tx="-20.000000" m_ty="-327.000000"/>
  </frame>
  <frame idx="25" w="530" h="741" x="25.850662" y="-153.276398">
   <element name="images" layername="main" frame="0" z_index="15" m_a="1.000000" m_b="0.000000" m_c="0.000000" m_d="1.000000" m_tx="0.000000" m_ty="0.000000"/>
   <element name="images" layername="door" frame="1" z_index="14" m_a="1.000000" m_b="0.000000" m_c="0.000000" m_d="1.000000" m_tx="-61.764706" m_ty="29.411764"/>
   <element name="images" layername="decorate" frame="2" z_index="13" m_a="1.000000" m_b="0.000000" m_c="0.000000" m_d="1.000000" m_tx="-20.000000" m_ty="-327.000000"/>
  </frame>
  <frame idx="50" w="530" h="741" x="25.850662" y="-153.276398">
   <element name="images" layername="main" frame="0" z_index="15" m_a="1.000000" m_b="0.000000" m_c="0.000000" m_d="1.000000" m_tx="0.000000" m_ty="0.000000"/>
   <element name="images" layername="door" frame="1" z_index="14" m_a="1.000000" m_b="0.000000" m_c="0.000000" m_d="1.000000" m_tx="-61.764706" m_ty="29.411764"/>
   <element name="images" layername="decorate" frame="2" z_index="13" m_a="1.000000" m_b="0.000000" m_c="0.000000" m_d="1.000000" m_tx="-20.000000" m_ty="-327.000000"/>
  </frame>
  <frame idx="75" w="530" h="741" x="25.850662" y="-153.276398">
   <element name="images" layername="main" frame="0" z_index="15" m_a="1.000000" m_b="0.000000" m_c="0.000000" m_d="1.000000" m_tx="0.000000" m_ty="0.000000"/>
   <element name="images" layername="door" frame="1" z_index="14" m_a="1.000000" m_b="0.000000" m_c="0.000000" m_d="1.000000" m_tx="-61.764706" m_ty="29.411764"/>
   <element name="images" layername="decorate" frame="2" z_index="13" m_a="1.000000" m_b="0.000000" m_c="0.000000" m_d="1.000000" m_tx="-20.000000" m_ty="-327.000000"/>
  </frame>
  <frame idx="100" w="530" h="741" x="25.850662" y="-153.276398">
   <element name="images" layername="main" frame="0" z_index="15" m_a="1.000000" m_b="0.000000" m_c="0.000000" m_d="1.000000" m_tx="0.000000" m_ty="0.000000"/>
   <element name="images" layername="door" frame="1" z_index="14" m_a="1.000000" m_b="0.000000" m_c="0.000000" m_d="1.000000" m_tx="-61.764706" m_ty="29.411764"/>
   <element name="images" layername="decorate" frame="2" z_index="13" m_a="1.000000" m_b="0.000000" m_c="0.000000" m_d="1.000000" m_tx="-20.000000" m_ty="-327.000000"/>
  </frame>
  <frame idx="125" w="530" h="741" x="25.850662" y="-153.276398">
   <element name="images" layername="main" frame="0" z_index="15" m_a="1.000000" m_b="0.000000" m_c="0.000000" m_d="1.000000" m_tx="0.000000" m_ty="0.000000"/>
   <element name="images" layername="door" frame="1" z_index="14" m_a="1.000000" m_b="0.000000" m_c="0.000000" m_d="1.000000" m_tx="-61.764706" m_ty="29.411764"/>
   <element name="images" layername="decorate" frame="2" z_index="13" m_a="1.000000" m_b="0.000000" m_c="0.000000" m_d="1.000000" m_tx="-20.000000" m_ty="-327.000000"/>
  </frame>
  <frame idx="150" w="530" h="741" x="25.850662" y="-153.276398">
   <element name="images" layername="main" frame="0" z_index="15" m_a="1.000000" m_b="0.000000" m_c="0.000000" m_d="1.000000" m_tx="0.000000" m_ty="0.000000"/>
   <element name="images" layername="door" frame="1" z_index="14" m_a="1.000000" m_b="0.000000" m_c="0.000000" m_d="1.000000" m_tx="-61.764706" m_ty="29.411764"/>
   <element name="images" layername="decorate" frame="2" z_index="13" m_a="1.000000" m_b="0.000000" m_c="0.000000" m_d="1.000000" m_tx="-20.000000" m_ty="-327.000000"/>
  </frame>
  <frame idx="175" w="530" h="741" x="25.850662" y="-153.276398">
   <element name="images" layername="main" frame="0" z_index="15" m_a="1.000000" m_b="0.000000" m_c="0.000000" m_d="1.000000" m_tx="0.000000" m_ty="0.000000"/>
   <element name="images" layername="door" frame="1" z_index="14" m_a="1.000000" m_b="0.000000" m_c="0.000000" m_d="1.000000" m_tx="-61.764706" m_ty="29.411764"/>
   <element name="images" layername="decorate" frame="2" z_index="13" m_a="1.000000" m_b="0.000000" m_c="0.000000" m_d="1.000000" m_tx="-20.000000" m_ty="-327.000000"/>
  </frame>
  <frame idx="200" w="530" h="741" x="25.850662" y="-153.276398">
   <element name="images" layername="main" frame="0" z_index="15" m_a="1.000000" m_b="0.000000" m_c="0.000000" m_d="1.000000" m_tx="0.000000" m_ty="0.000000"/>
   <element name="images" layername="door" frame="1" z_index="14" m_a="1.000000" m_b="0.000000" m_c="0.000000" m_d="1.000000" m_tx="-61.764706" m_ty="29.411764"/>
   <element name="images" layername="decorate" frame="2" z_index="13" m_a="1.000000" m_b="0.000000" m_c="0.000000" m_d="1.000000" m_tx="-20.000000" m_ty="-327.000000"/>
  </frame>
  <frame idx="225" w="530" h="741" x="25.850662" y="-153.276398">
   <element name="images" layername="main" frame="0" z_index="15" m_a="1.000000" m_b="0.000000" m_c="0.000000" m_d="1.000000" m_tx="0.000000" m_ty="0.000000"/>
   <element name="images" layername="door" frame="1" z_index="14" m_a="1.000000" m_b="0.000000" m_c="0.000000" m_d="1.000000" m_tx="-61.764706" m_ty="29.411764"/>
   <element name="images" layername="decorate" frame="2" z_index="13" m_a="1.000000" m_b="0.000000" m_c="0.000000" m_d="1.000000" m_tx="-20.000000" m_ty="-327.000000"/>
  </frame>
  <frame idx="250" w="530" h="741" x="25.850662" y="-153.276398">
   <element name="images" layername="main" frame="0" z_index="15" m_a="1.000000" m_b="0.000000" m_c="0.000000" m_d="1.000000" m_tx="0.000000" m_ty="0.000000"/>
   <element name="images" layername="door" frame="1" z_index="14" m_a="1.000000" m_b="0.000000" m_c="0.000000" m_d="1.000000" m_tx="-61.764706" m_ty="29.411764"/>
   <element name="images" layername="decorate" frame="2" z_index="13" m_a="1.000000" m_b="0.000000" m_c="0.000000" m_d="1.000000" m_tx="-20.000000" m_ty="-327.000000"/>
  </frame>
  <frame idx="275" w="530" h="741" x="25.850662" y="-153.276398">
   <element name="images" layername="main" frame="0" z_index="15" m_a="1.000000" m_b="0.000000" m_c="0.000000" m_d="1.000000" m_tx="0.000000" m_ty="0.000000"/>
   <element name="images" layername="door" frame="1" z_index="14" m_a="1.000000" m_b="0.000000" m_c="0.000000" m_d="1.000000" m_tx="-61.764706" m_ty="29.411764"/>
   <element name="images" layername="decorate" frame="2" z_index="13" m_a="1.000000" m_b="0.000000" m_c="0.000000" m_d="1.000000" m_tx="-20.000000" m_ty="-327.000000"/>
  </frame>
  <frame idx="300" w="530" h="741" x="25.850662" y="-153.276398">
   <element name="images" layername="main" frame="0" z_index="15" m_a="1.000000" m_b="0.000000" m_c="0.000000" m_d="1.000000" m_tx="0.000000" m_ty="0.000000"/>
   <element name="images" layername="door" frame="1" z_index="14" m_a="1.000000" m_b="0.000000" m_c="0.000000" m_d="1.000000" m_tx="-61.764706" m_ty="29.411764"/>
   <element name="images" layername="decorate" frame="2" z_index="13" m_a="1.000000" m_b="0.000000" m_c="0.000000" m_d="1.000000" m_tx="-20.000000" m_ty="-327.000000"/>
  </frame>
  <frame idx="325" w="530" h="741" x="25.850662" y="-153.276398">
   <element name="images" layername="main" frame="0" z_index="15" m_a="1.000000" m_b="0.000000" m_c="0.000000" m_d="1.000000" m_tx="0.000000" m_ty="0.000000"/>
   <element name="images" layername="door" frame="1" z_index="14" m_a="1.000000" m_b="0.000000" m_c="0.000000" m_d="1.000000" m_tx="-61.764706" m_ty="29.411764"/>
   <element name="images" layername="decorate" frame="2" z_index="13" m_a="1.000000" m_b="0.000000" m_c="0.000000" m_d="1.000000" m_tx="-20.000000" m_ty="-327.000000"/>
  </frame>
  <frame idx="350" w="530" h="741" x="25.850662" y="-153.276398">
   <element name="images" layername="main" frame="0" z_index="15" m_a="1.000000" m_b="0.000000" m_c="0.000000" m_d="1.000000" m_tx="0.000000" m_ty="0.000000"/>
   <element name="images" layername="door" frame="1" z_index="14" m_a="1.000000" m_b="0.000000" m_c="0.000000" m_d="1.000000" m_tx="-61.764706" m_ty="29.411764"/>
   <element name="images" layername="decorate" frame="2" z_index="13" m_a="1.000000" m_b="0.000000" m_c="0.000000" m_d="1.000000" m_tx="-20.000000" m_ty="-327.000000"/>
  </frame>
  <frame idx="375" w="530" h="741" x="25.850662" y="-153.276398">
   <element name="images" layername="main" frame="0" z_index="15" m_a="1.000000" m_b="0.000000" m_c="0.000000" m_d="1.000000" m_tx="0.000000" m_ty="0.000000"/>
   <element name="images" layername="door" frame="1" z_index="14" m_a="1.000000" m_b="0.000000" m_c="0.000000" m_d="1.000000" m_tx="-61.764706" m_ty="29.411764"/>
   <element name="images" layername="decorate" frame="2" z_index="13" m_a="1.000000" m_b="0.000000" m_c="0.000000" m_d="1.000000" m_tx="-20.000000" m_ty="-327.000000"/>
  </frame>
  <frame idx="400" w="530" h="741" x="25.850662" y="-153.276398">
   <element name="images" layername="main" frame="0" z_index="15" m_a="1.000000" m_b="0.000000" m_c="0.000000" m_d="1.000000" m_tx="0.000000" m_ty="0.000000"/>
   <element name="images" layername="door" frame="1" z_index="14" m_a="1.000000" m_b="0.000000" m_c="0.000000" m_d="1.000000" m_tx="-61.764706" m_ty="29.411764"/>
   <element name="images" layername="decorate" frame="2" z_index="13" m_a="1.000000" m_b="0.000000" m_c="0.000000" m_d="1.000000" m_tx="-20.000000" m_ty="-327.000000"/>
  </frame>
  <frame idx="425" w="530" h="741" x="25.850662" y="-153.276398">
   <element name="images" layername="main" frame="0" z_index="15" m_a="1.000000" m_b="0.000000" m_c="0.000000" m_d="1.000000" m_tx="0.000000" m_ty="0.000000"/>
   <element name="images" layername="door" frame="1" z_index="14" m_a="1.000000" m_b="0.000000" m_c="0.000000" m_d="1.000000" m_tx="-61.764706" m_ty="29.411764"/>
   <element name="images" layername="decorate" frame="2" z_index="13" m_a="1.000000" m_b="0.000000" m_c="0.000000" m_d="1.000000" m_tx="-20.000000" m_ty="-327.000000"/>
  </frame>
  <frame idx="450" w="530" h="741" x="25.850662" y="-153.276398">
   <element name="images" layername="main" frame="0" z_index="15" m_a="1.000000" m_b="0.000000" m_c="0.000000" m_d="1.000000" m_tx="0.000000" m_ty="0.000000"/>
   <element name="images" layername="door" frame="1" z_index="14" m_a="1.000000" m_b="0.000000" m_c="0.000000" m_d="1.000000" m_tx="-61.764706" m_ty="29.411764"/>
   <element name="images" layername="decorate" frame="2" z_index="13" m_a="1.000000" m_b="0.000000" m_c="0.000000" m_d="1.000000" m_tx="-20.000000" m_ty="-327.000000"/>
  </frame>
  <frame idx="475" w="530" h="741" x="25.850662" y="-153.276398">
   <element name="images" layername="main" frame="0" z_index="15" m_a="1.000000" m_b="0.000000" m_c="0.000000" m_d="1.000000" m_tx="0.000000" m_ty="0.000000"/>
   <element name="images" layername="door" frame="1" z_index="14" m_a="1.000000" m_b="0.000000" m_c="0.000000" m_d="1.000000" m_tx="-61.764706" m_ty="29.411764"/>
   <element name="images" layername="decorate" frame="2" z_index="13" m_a="1.000000" m_b="0.000000" m_c="0.000000" m_d="1.000000" m_tx="-20.000000" m_ty="-327.000000"/>
  </frame>
  <frame idx="500" w="530" h="741" x="25.850662" y="-153.276398">
   <element name="images" layername="main" frame="0" z_index="15" m_a="1.000000" m_b="0.000000" m_c="0.000000" m_d="1.000000" m_tx="0.000000" m_ty="0.000000"/>
   <element name="images" layername="door" frame="1" z_index="14" m_a="1.000000" m_b="0.000000" m_c="0.000000" m_d="1.000000" m_tx="-61.764706" m_ty="29.411764"/>
   <element name="images" layername="decorate" frame="2" z_index="13" m_a="1.000000" m_b="0.000000" m_c="0.000000" m_d="1.000000" m_tx="-20.000000" m_ty="-327.000000"/>
  </frame>
  <frame idx="525" w="530" h="741" x="25.850662" y="-153.276398">
   <element name="images" layername="main" frame="0" z_index="15" m_a="1.000000" m_b="0.000000" m_c="0.000000" m_d="1.000000" m_tx="0.000000" m_ty="0.000000"/>
   <element name="images" layername="door" frame="1" z_index="14" m_a="1.000000" m_b="0.000000" m_c="0.000000" m_d="1.000000" m_tx="-61.764706" m_ty="29.411764"/>
   <element name="images" layername="decorate" frame="2" z_index="13" m_a="1.000000" m_b="0.000000" m_c="0.000000" m_d="1.000000" m_tx="-20.000000" m_ty="-327.000000"/>
  </frame>
  <frame idx="550" w="530" h="741" x="25.850662" y="-153.276398">
   <element name="images" layername="main" frame="0" z_index="15" m_a="1.000000" m_b="0.000000" m_c="0.000000" m_d="1.000000" m_tx="0.000000" m_ty="0.000000"/>
   <element name="images" layername="door" frame="1" z_index="14" m_a="1.000000" m_b="0.000000" m_c="0.000000" m_d="1.000000" m_tx="-61.764706" m_ty="29.411764"/>
   <element name="images" layername="decorate" frame="2" z_index="13" m_a="1.000000" m_b="0.000000" m_c="0.000000" m_d="1.000000" m_tx="-20.000000" m_ty="-327.000000"/>
  </frame>
  <frame idx="575" w="530" h="741" x="25.850662" y="-153.276398">
   <element name="images" layername="main" frame="0" z_index="15" m_a="1.000000" m_b="0.000000" m_c="0.000000" m_d="1.000000" m_tx="0.000000" m_ty="0.000000"/>
   <element name="images" layername="door" frame="1" z_index="14" m_a="1.000000" m_b="0.000000" m_c="0.000000" m_d="1.000000" m_tx="-61.764706" m_ty="29.411764"/>
   <element name="images" layername="decorate" frame="2" z_index="13" m_a="1.000000" m_b="0.000000" m_c="0.000000" m_d="1.000000" m_tx="-20.000000" m_ty="-327.000000"/>
  </frame>
  <frame idx="600" w="530" h="741" x="25.850662" y="-153.276398">
   <element name="images" layername="main" frame="0" z_index="15" m_a="1.000000" m_b="0.000000" m_c="0.000000" m_d="1.000000" m_tx="0.000000" m_ty="0.000000"/>
   <element name="images" layername="door" frame="1" z_index="14" m_a="1.000000" m_b="0.000000" m_c="0.000000" m_d="1.000000" m_tx="-61.764706" m_ty="29.411764"/>
   <element name="images" layername="decorate" frame="2" z_index="13" m_a="1.000000" m_b="0.000000" m_c="0.000000" m_d="1.000000" m_tx="-20.000000" m_ty="-327.000000"/>
  </frame>
  <frame idx="625" w="530" h="741" x="25.850662" y="-153.276398">
   <element name="images" layername="main" frame="0" z_index="15" m_a="1.000000" m_b="0.000000" m_c="0.000000" m_d="1.000000" m_tx="0.000000" m_ty="0.000000"/>
   <element name="images" layername="door" frame="1" z_index="14" m_a="1.000000" m_b="0.000000" m_c="0.000000" m_d="1.000000" m_tx="-61.764706" m_ty="29.411764"/>
   <element name="images" layername="decorate" frame="2" z_index="13" m_a="1.000000" m_b="0.000000" m_c="0.000000" m_d="1.000000" m_tx="-20.000000" m_ty="-327.000000"/>
  </frame>
  <frame idx="650" w="530" h="741" x="25.850662" y="-153.276398">
   <element name="images" layername="main" frame="0" z_index="15" m_a="1.000000" m_b="0.000000" m_c="0.000000" m_d="1.000000" m_tx="0.000000" m_ty="0.000000"/>
   <element name="images" layername="door" frame="1" z_index="14" m_a="1.000000" m_b="0.000000" m_c="0.000000" m_d="1.000000" m_tx="-61.764706" m_ty="29.411764"/>
   <element name="images" layername="decorate" frame="2" z_index="13" m_a="1.000000" m_b="0.000000" m_c="0.000000" m_d="1.000000" m_tx="-20.000000" m_ty="-327.000000"/>
  </frame>
  <frame idx="675" w="530" h="741" x="25.850662" y="-153.276398">
   <element name="images" layername="main" frame="0" z_index="15" m_a="1.000000" m_b="0.000000" m_c="0.000000" m_d="1.000000" m_tx="0.000000" m_ty="0.000000"/>
   <element name="images" layername="door" frame="1" z_index="14" m_a="1.000000" m_b="0.000000" m_c="0.000000" m_d="1.000000" m_tx="-61.764706" m_ty="29.411764"/>
   <element name="images" layername="decorate" frame="2" z_index="13" m_a="1.000000" m_b="0.000000" m_c="0.000000" m_d="1.000000" m_tx="-20.000000" m_ty="-327.000000"/>
  </frame>
  <frame idx="700" w="530" h="741" x="25.850662" y="-153.276398">
   <element name="images" layername="main" frame="0" z_index="15" m_a="1.000000" m_b="0.000000" m_c="0.000000" m_d="1.000000" m_tx="0.000000" m_ty="0.000000"/>
   <element name="images" layername="door" frame="1" z_index="14" m_a="1.000000" m_b="0.000000" m_c="0.000000" m_d="1.000000" m_tx="-61.764706" m_ty="29.411764"/>
   <element name="images" layername="decorate" frame="2" z_index="13" m_a="1.000000" m_b="0.000000" m_c="0.000000" m_d="1.000000" m_tx="-20.000000" m_ty="-327.000000"/>
  </frame>
  <frame idx="725" w="530" h="741" x="25.850662" y="-153.276398">
   <element name="images" layername="main" frame="0" z_index="15" m_a="1.000000" m_b="0.000000" m_c="0.000000" m_d="1.000000" m_tx="0.000000" m_ty="0.000000"/>
   <element name="images" layername="door" frame="1" z_index="14" m_a="1.000000" m_b="0.000000" m_c="0.000000" m_d="1.000000" m_tx="-61.764706" m_ty="29.411764"/>
   <element name="images" layername="decorate" frame="2" z_index="13" m_a="1.000000" m_b="0.000000" m_c="0.000000" m_d="1.000000" m_tx="-20.000000" m_ty="-327.000000"/>
  </frame>
  <frame idx="750" w="530" h="741" x="25.850662" y="-153.276398">
   <element name="images" layername="main" frame="0" z_index="15" m_a="1.000000" m_b="0.000000" m_c="0.000000" m_d="1.000000" m_tx="0.000000" m_ty="0.000000"/>
   <element name="images" layername="door" frame="1" z_index="14" m_a="1.000000" m_b="0.000000" m_c="0.000000" m_d="1.000000" m_tx="-61.764706" m_ty="29.411764"/>
   <element name="images" layername="decorate" frame="2" z_index="13" m_a="1.000000" m_b="0.000000" m_c="0.000000" m_d="1.000000" m_tx="-20.000000" m_ty="-327.000000"/>
  </frame>
  <frame idx="775" w="530" h="741" x="25.850662" y="-153.276398">
   <element name="images" layername="main" frame="0" z_index="15" m_a="1.000000" m_b="0.000000" m_c="0.000000" m_d="1.000000" m_tx="0.000000" m_ty="0.000000"/>
   <element name="images" layername="door" frame="1" z_index="14" m_a="1.000000" m_b="0.000000" m_c="0.000000" m_d="1.000000" m_tx="-61.764706" m_ty="29.411764"/>
   <element name="images" layername="decorate" frame="2" z_index="13" m_a="1.000000" m_b="0.000000" m_c="0.000000" m_d="1.000000" m_tx="-20.000000" m_ty="-327.000000"/>
  </frame>
  <frame idx="800" w="530" h="741" x="25.850662" y="-153.276398">
   <element name="images" layername="main" frame="0" z_index="15" m_a="1.000000" m_b="0.000000" m_c="0.000000" m_d="1.000000" m_tx="0.000000" m_ty="0.000000"/>
   <element name="images" layername="door" frame="1" z_index="14" m_a="1.000000" m_b="0.000000" m_c="0.000000" m_d="1.000000" m_tx="-61.764706" m_ty="29.411764"/>
   <element name="images" layername="decorate" frame="2" z_index="13" m_a="1.000000" m_b="0.000000" m_c="0.000000" m_d="1.000000" m_tx="-20.000000" m_ty="-327.000000"/>
  </frame>
  <frame idx="825" w="530" h="741" x="25.850662" y="-153.276398">
   <element name="images" layername="main" frame="0" z_index="15" m_a="1.000000" m_b="0.000000" m_c="0.000000" m_d="1.000000" m_tx="0.000000" m_ty="0.000000"/>
   <element name="images" layername="door" frame="1" z_index="14" m_a="1.000000" m_b="0.000000" m_c="0.000000" m_d="1.000000" m_tx="-61.764706" m_ty="29.411764"/>
   <element name="images" layername="decorate" frame="2" z_index="13" m_a="1.000000" m_b="0.000000" m_c="0.000000" m_d="1.000000" m_tx="-20.000000" m_ty="-327.000000"/>
  </frame>
  <frame idx="850" w="530" h="741" x="25.850662" y="-153.276398">
   <element name="images" layername="main" frame="0" z_index="15" m_a="1.000000" m_b="0.000000" m_c="0.000000" m_d="1.000000" m_tx="0.000000" m_ty="0.000000"/>
   <element name="images" layername="door" frame="1" z_index="14" m_a="1.000000" m_b="0.000000" m_c="0.000000" m_d="1.000000" m_tx="-61.764706" m_ty="29.411764"/>
   <element name="images" layername="decorate" frame="2" z_index="13" m_a="1.000000" m_b="0.000000" m_c="0.000000" m_d="1.000000" m_tx="-20.000000" m_ty="-327.000000"/>
  </frame>
  <frame idx="875" w="530" h="741" x="25.850662" y="-153.276398">
   <element name="images" layername="main" frame="0" z_index="15" m_a="1.000000" m_b="0.000000" m_c="0.000000" m_d="1.000000" m_tx="0.000000" m_ty="0.000000"/>
   <element name="images" layername="door" frame="1" z_index="14" m_a="1.000000" m_b="0.000000" m_c="0.000000" m_d="1.000000" m_tx="-61.764706" m_ty="29.411764"/>
   <element name="images" layername="decorate" frame="2" z_index="13" m_a="1.000000" m_b="0.000000" m_c="0.000000" m_d="1.000000" m_tx="-20.000000" m_ty="-327.000000"/>
  </frame>
  <frame idx="900" w="530" h="741" x="25.850662" y="-153.276398">
   <element name="images" layername="main" frame="0" z_index="15" m_a="1.000000" m_b="0.000000" m_c="0.000000" m_d="1.000000" m_tx="0.000000" m_ty="0.000000"/>
   <element name="images" layername="door" frame="1" z_index="14" m_a="1.000000" m_b="0.000000" m_c="0.000000" m_d="1.000000" m_tx="-61.764706" m_ty="29.411764"/>
   <element name="images" layername="decorate" frame="2" z_index="13" m_a="1.000000" m_b="0.000000" m_c="0.000000" m_d="1.000000" m_tx="-20.000000" m_ty="-327.000000"/>
  </frame>
  <frame idx="925" w="530" h="741" x="25.850662" y="-153.276398">
   <element name="images" layername="main" frame="0" z_index="15" m_a="1.000000" m_b="0.000000" m_c="0.000000" m_d="1.000000" m_tx="0.000000" m_ty="0.000000"/>
   <element name="images" layername="door" frame="1" z_index="14" m_a="1.000000" m_b="0.000000" m_c="0.000000" m_d="1.000000" m_tx="-61.764706" m_ty="29.411764"/>
   <element name="images" layername="decorate" frame="2" z_index="13" m_a="1.000000" m_b="0.000000" m_c="0.000000" m_d="1.000000" m_tx="-20.000000" m_ty="-327.000000"/>
  </frame>
  <frame idx="950" w="530" h="741" x="25.850662" y="-153.276398">
   <element name="images" layername="main" frame="0" z_index="15" m_a="1.000000" m_b="0.000000" m_c="0.000000" m_d="1.000000" m_tx="0.000000" m_ty="0.000000"/>
   <element name="images" layername="door" frame="1" z_index="14" m_a="1.000000" m_b="0.000000" m_c="0.000000" m_d="1.000000" m_tx="-61.764706" m_ty="29.411764"/>
   <element name="images" layername="decorate" frame="2" z_index="13" m_a="1.000000" m_b="0.000000" m_c="0.000000" m_d="1.000000" m_tx="-20.000000" m_ty="-327.000000"/>
  </frame>
  <frame idx="975" w="530" h="741" x="25.850662" y="-153.276398">
   <element name="images" layername="main" frame="0" z_index="15" m_a="1.000000" m_b="0.000000" m_c="0.000000" m_d="1.000000" m_tx="0.000000" m_ty="0.000000"/>
   <element name="images" layername="door" frame="1" z_index="14" m_a="1.000000" m_b="0.000000" m_c="0.000000" m_d="1.000000" m_tx="-61.764706" m_ty="29.411764"/>
   <element name="images" layername="decorate" frame="2" z_index="13" m_a="1.000000" m_b="0.000000" m_c="0.000000" m_d="1.000000" m_tx="-20.000000" m_ty="-327.000000"/>
  </frame>
 </anim>
 <anim name="onhit" root="zxlogstoreforest" numframes="400" framerate="40">
  <frame idx="0" w="530" h="741" x="25.850662" y="-153.276398">
   <element name="images" layername="main" frame="0" z_index="15" m_a="1.000000" m_b="0.000000" m_c="0.000000" m_d="1.000000" m_tx="0.000000" m_ty="0.000000"/>
   <element name="images" layername="door" frame="1" z_index="14" m_a="1.000000" m_b="0.000000" m_c="0.000000" m_d="1.000000" m_tx="-61.764706" m_ty="29.411764"/>
   <element name="images" layername="decorate" frame="2" z_index="13" m_a="1.000000" m_b="0.000000" m_c="0.000000" m_d="1.000000" m_tx="-20.000000" m_ty="-327.000000"/>
  </frame>
  <frame idx="25" w="534" h="761" x="30.010757" y="-163.355316">
   <element name="images" layername="main" frame="0" z_index="15" m_a="0.999859" m_b="-0.016781" m_c="0.016781" m_d="0.999859" m_tx="0.000000" m_ty="-5.769231"/>
   <element name="images" layername="door" frame="1" z_index="14" m_a="0.999859" m_b="-0.016781" m_c="0.016781" m_d="0.999859" m_tx="-61.764706" m_ty="23.484163"/>
   <element name="images" layername="decorate" frame="2" z_index="13" m_a="0.999859" m_b="-0.016781" m_c="0.016781" m_d="0.999859" m_tx="-20.000000" m_ty="-332.769226"/>
  </frame>
  <frame idx="50" w="538" h="780" x="34.099289" y="-173.503448">
   <element name="images" layername="main" frame="0" z_index="15" m_a="0.999437" m_b="-0.033558" m_c="0.033558" m_d="0.999437" m_tx="0.000000" m_ty="-11.538462"/>
   <element name="images" layername="door" frame="1" z_index="14" m_a="0.999437" m_b="-0.033558" m_c="0.033558" m_d="0.999437" m_tx="-61.764706" m_ty="17.556562"/>
   <element name="images" layername="decorate" frame="2" z_index="13" m_a="0.999437" m_b="-0.033558" m_c="0.033558" m_d="0.999437" m_tx="-20.000000" m_ty="-338.538452"/>
  </frame>
  <frame idx="75" w="543" h="800" x="38.115067" y="-183.719604">
   <element name="images" layername="main" frame="0" z_index="15" m_a="0.998733" m_b="-0.050325" m_c="0.050325" m_d="0.998733" m_tx="0.000000" m_ty="-17.307692"/>
   <element name="images" layername="door" frame="1" z_index="14" m_a="0.998733" m_b="-0.050325" m_c="0.050325" m_d="0.998733" m_tx="-61.764706" m_ty="11.628962"/>
   <element name="images" layername="decorate" frame="2" z_index="13" m_a="0.998733" m_b="-0.050325" m_c="0.050325" m_d="0.998733" m_tx="-20.000000" m_ty="-344.307678"/>
  </frame>
  <frame idx="100" w="547" h="820" x="42.057022" y="-194.002472">
   <element name="images" layername="main" frame="0" z_index="15" m_a="0.997748" m_b="-0.067078" m_c="0.067078" m_d="0.997748" m_tx="0.000000" m_ty="-23.076923"/>
   <element name="images" layername="door" frame="1" z_index="14" m_a="0.997748" m_b="-0.067078" m_c="0.067078" m_d="0.997748" m_tx="-61.764706" m_ty="5.701361"/>
   <element name="images" layername="decorate" frame="2" z_index="13" m_a="0.997748" m_b="-0.067078" m_c="0.067078" m_d="0.997748" m_tx="-20.000000" m_ty="-350.076935"/>
  </frame>
  <frame idx="125" w="552" h="840" x="45.923965" y="-204.351013">
   <element name="images" layername="main" frame="0" z_index="15" m_a="0.996482" m_b="-0.083812" m_c="0.083812" m_d="0.996482" m_tx="0.000000" m_ty="-28.846153"/>
   <element name="images" layername="door" frame="1" z_index="14" m_a="0.996482" m_b="-0.083812" m_c="0.083812" m_d="0.996482" m_tx="-61.764706" m_ty="-0.226240"/>
   <element name="images" layername="decorate" frame="2" z_index="13" m_a="0.996482" m_b="-0.083812" m_c="0.083812" m_d="0.996482" m_tx="-20.000000" m_ty="-355.846161"/>
  </frame>
  <frame idx="150" w="545" h="824" x="40.489151" y="-201.667603">
   <element name="images" layername="main" frame="0" z_index="15" m_a="0.998176" m_b="-0.060378" m_c="0.060378" m_d="0.998176" m_tx="0.000000" m_ty="-30.000000"/>
   <element name="images" layername="door" frame="1" z_index="14" m_a="0.998176" m_b="-0.060378" m_c="0.060378" m_d="0.998176" m_tx="-61.764706" m_ty="-3.875981"/>
   <element name="images" layername="decorate" frame="2" z_index="13" m_a="0.998176" m_b="-0.060378" m_c="0.060378" m_d="0.998176" m_tx="-20.000000" m_ty="-359.393158"/>
  </frame>
  <frame idx="175" w="536" h="801" x="32.472549" y="-195.823181">
   <element name="images" layername="main" frame="0" z_index="15" m_a="0.999640" m_b="-0.026848" m_c="0.026848" m_d="0.999640" m_tx="0.000000" m_ty="-30.000000"/>
   <element name="images" layername="door" frame="1" z_index="14" m_a="0.999640" m_b="-0.026848" m_c="0.026848" m_d="0.999640" m_tx="-61.764706" m_ty="-6.956258"/>
   <element name="images" layername="decorate" frame="2" z_index="13" m_a="0.999640" m_b="-0.026848" m_c="0.026848" m_d="0.999640" m_tx="-20.000000" m_ty="-362.384613"/>
  </frame>
  <frame idx="200" w="535" h="786" x="24.166824" y="-188.844238">
   <element name="images" layername="main" frame="0" z_index="15" m_a="0.999977" m_b="0.006713" m_c="-0.006713" m_d="0.999977" m_tx="0.000000" m_ty="-30.000000"/>
   <element name="images" layername="door" frame="1" z_index="14" m_a="0.999977" m_b="0.006713" m_c="-0.006713" m_d="0.999977" m_tx="-61.764706" m_ty="-10.036535"/>
   <element name="images" layername="decorate" frame="2" z_index="13" m_a="0.999977" m_b="0.006713" m_c="-0.006713" m_d="0.999977" m_tx="-20.000000" m_ty="-365.376068"/>
  </frame>
  <frame idx="225" w="563" h="799" x="15.581436" y="-182.148773">
   <element name="images" layername="main" frame="0" z_index="15" m_a="0.999189" m_b="0.040266" m_c="-0.040266" m_d="0.999189" m_tx="0.000000" m_ty="-30.000000"/>
   <element name="images" layername="door" frame="1" z_index="14" m_a="0.999189" m_b="0.040266" m_c="-0.040266" m_d="0.999189" m_tx="-61.764706" m_ty="-13.116812"/>
   <element name="images" layername="decorate" frame="2" z_index="13" m_a="0.999189" m_b="0.040266" m_c="-0.040266" m_d="0.999189" m_tx="-20.000000" m_ty="-368.367523"/>
  </frame>
  <frame idx="250" w="589" h="813" x="6.725983" y="-175.746063">
   <element name="images" layername="main" frame="0" z_index="15" m_a="0.997275" m_b="0.073774" m_c="-0.073774" m_d="0.997275" m_tx="0.000000" m_ty="-30.000000"/>
   <element name="images" layername="door" frame="1" z_index="14" m_a="0.997275" m_b="0.073774" m_c="-0.073774" m_d="0.997275" m_tx="-61.764706" m_ty="-16.197088"/>
   <element name="images" layername="decorate" frame="2" z_index="13" m_a="0.997275" m_b="0.073774" m_c="-0.073774" m_d="0.997275" m_tx="-20.000000" m_ty="-371.358978"/>
  </frame>
  <frame idx="275" w="592" h="810" x="5.632782" y="-171.358002">
   <element name="images" layername="main" frame="0" z_index="15" m_a="0.996966" m_b="0.077838" m_c="-0.077838" m_d="0.996966" m_tx="0.000000" m_ty="-26.785713"/>
   <element name="images" layername="door" frame="1" z_index="14" m_a="0.996966" m_b="0.077838" m_c="-0.077838" m_d="0.996966" m_tx="-61.764706" m_ty="-12.410524"/>
   <element name="images" layername="decorate" frame="2" z_index="13" m_a="0.996966" m_b="0.077838" m_c="-0.077838" m_d="0.996966" m_tx="-20.000000" m_ty="-367.674622"/>
  </frame>
  <frame idx="300" w="580" h="796" x="9.792023" y="-168.225189">
   <element name="images" layername="main" frame="0" z_index="15" m_a="0.998058" m_b="0.062293" m_c="-0.062293" m_d="0.998058" m_tx="0.000000" m_ty="-21.428570"/>
   <element name="images" layername="door" frame="1" z_index="14" m_a="0.998058" m_b="0.062293" m_c="-0.062293" m_d="0.998058" m_tx="-61.764706" m_ty="-4.046065"/>
   <element name="images" layername="decorate" frame="2" z_index="13" m_a="0.998058" m_b="0.062293" m_c="-0.062293" m_d="0.998058" m_tx="-20.000000" m_ty="-359.539703"/>
  </frame>
  <frame idx="325" w="567" h="780" x="13.894440" y="-165.156891">
   <element name="images" layername="main" frame="0" z_index="15" m_a="0.998907" m_b="0.046732" m_c="-0.046732" m_d="0.998907" m_tx="0.000000" m_ty="-16.071430"/>
   <element name="images" layername="door" frame="1" z_index="14" m_a="0.998907" m_b="0.046732" m_c="-0.046732" m_d="0.998907" m_tx="-61.764706" m_ty="4.318392"/>
   <element name="images" layername="decorate" frame="2" z_index="13" m_a="0.998907" m_b="0.046732" m_c="-0.046732" m_d="0.998907" m_tx="-20.000000" m_ty="-351.404785"/>
  </frame>
  <frame idx="350" w="555" h="766" x="17.938873" y="-162.106842">
   <element name="images" layername="main" frame="0" z_index="15" m_a="0.999514" m_b="0.031161" m_c="-0.031161" m_d="0.999514" m_tx="0.000000" m_ty="-10.714287"/>
   <element name="images" layername="door" frame="1" z_index="14" m_a="0.999514" m_b="0.031161" m_c="-0.031161" m_d="0.999514" m_tx="-61.764706" m_ty="12.682850"/>
   <element name="images" layername="decorate" frame="2" z_index="13" m_a="0.999514" m_b="0.031161" m_c="-0.031161" m_d="0.999514" m_tx="-20.000000" m_ty="-343.269836"/>
  </frame>
  <frame idx="375" w="542" h="753" x="21.924713" y="-157.660858">
   <element name="images" layername="main" frame="0" z_index="15" m_a="0.999879" m_b="0.015582" m_c="-0.015582" m_d="0.999879" m_tx="0.000000" m_ty="-5.357141"/>
   <element name="images" layername="door" frame="1" z_index="14" m_a="0.999879" m_b="0.015582" m_c="-0.015582" m_d="0.999879" m_tx="-61.764706" m_ty="21.047310"/>
   <element name="images" layername="decorate" frame="2" z_index="13" m_a="0.999879" m_b="0.015582" m_c="-0.015582" m_d="0.999879" m_tx="-20.000000" m_ty="-335.134918"/>
  </frame>
 </anim>
</Anims>
