<Anims>
 <anim name="idle" root="zxstone" numframes="2000" framerate="40">
  <frame idx="0" w="141" h="184" x="0.000000" y="-38.400002">
   <element name="stone" layername="stonenew" frame="6" z_index="6" m_a="1.000000" m_b="0.000000" m_c="0.000000" m_d="1.000000" m_tx="0.000000" m_ty="0.000000"/>
   <element name="stone" layername="deco2" frame="5" z_index="5" m_a="1.000000" m_b="0.000000" m_c="0.000000" m_d="1.000000" m_tx="0.000000" m_ty="0.000000"/>
   <element name="stone" layername="deco" frame="4" z_index="4" m_a="1.000000" m_b="0.000000" m_c="0.000000" m_d="1.000000" m_tx="0.000000" m_ty="0.000000"/>
   <element name="stone" layername="bod" frame="1" z_index="2" m_a="1.000000" m_b="0.000000" m_c="0.000000" m_d="1.000000" m_tx="0.000000" m_ty="0.000000"/>
   <element name="stone" layername="body2" frame="3" z_index="3" m_a="1.000000" m_b="0.000000" m_c="0.000000" m_d="1.000000" m_tx="0.000000" m_ty="0.000000"/>
   <element name="stone" layername="body3" frame="2" z_index="1" m_a="1.000000" m_b="0.000000" m_c="0.000000" m_d="1.000000" m_tx="0.000000" m_ty="0.000000"/>
  </frame>
  <frame idx="25" w="142" h="184" x="0.138779" y="-38.538933">
   <element name="stone" layername="stonenew" frame="6" z_index="6" m_a="0.999998" m_b="-0.002171" m_c="0.002171" m_d="0.999998" m_tx="0.000000" m_ty="0.000000"/>
   <element name="stone" layername="deco2" frame="5" z_index="5" m_a="0.999998" m_b="-0.002171" m_c="0.002171" m_d="0.999998" m_tx="0.000000" m_ty="0.000000"/>
   <element name="stone" layername="deco" frame="4" z_index="4" m_a="0.999998" m_b="-0.002171" m_c="0.002171" m_d="0.999998" m_tx="0.000000" m_ty="0.000000"/>
   <element name="stone" layername="bod" frame="1" z_index="2" m_a="1.000000" m_b="0.000000" m_c="0.000000" m_d="1.000000" m_tx="0.000000" m_ty="0.000000"/>
   <element name="stone" layername="body2" frame="3" z_index="3" m_a="1.000000" m_b="0.000000" m_c="0.000000" m_d="1.000000" m_tx="0.000000" m_ty="0.000000"/>
   <element name="stone" layername="body3" frame="2" z_index="1" m_a="0.997512" m_b="0.000000" m_c="0.000000" m_d="0.997512" m_tx="0.000000" m_ty="0.000000"/>
  </frame>
  <frame idx="50" w="142" h="185" x="0.277260" y="-38.677864">
   <element name="stone" layername="stonenew" frame="6" z_index="6" m_a="0.999991" m_b="-0.004342" m_c="0.004342" m_d="0.999991" m_tx="0.000000" m_ty="0.000000"/>
   <element name="stone" layername="deco2" frame="5" z_index="5" m_a="0.999991" m_b="-0.004342" m_c="0.004342" m_d="0.999991" m_tx="0.000000" m_ty="0.000000"/>
   <element name="stone" layername="deco" frame="4" z_index="4" m_a="0.999991" m_b="-0.004342" m_c="0.004342" m_d="0.999991" m_tx="0.000000" m_ty="0.000000"/>
   <element name="stone" layername="bod" frame="1" z_index="2" m_a="1.000000" m_b="0.000000" m_c="0.000000" m_d="1.000000" m_tx="0.000000" m_ty="0.000000"/>
   <element name="stone" layername="body2" frame="3" z_index="3" m_a="1.000000" m_b="0.000000" m_c="0.000000" m_d="1.000000" m_tx="0.000000" m_ty="0.000000"/>
   <element name="stone" layername="body3" frame="2" z_index="1" m_a="0.995025" m_b="0.000000" m_c="0.000000" m_d="0.995025" m_tx="0.000000" m_ty="0.000000"/>
  </frame>
  <frame idx="75" w="142" h="185" x="0.415436" y="-38.816795">
   <element name="stone" layername="stonenew" frame="6" z_index="6" m_a="0.999979" m_b="-0.006512" m_c="0.006512" m_d="0.999979" m_tx="0.000000" m_ty="0.000000"/>
   <element name="stone" layername="deco2" frame="5" z_index="5" m_a="0.999979" m_b="-0.006512" m_c="0.006512" m_d="0.999979" m_tx="0.000000" m_ty="0.000000"/>
   <element name="stone" layername="deco" frame="4" z_index="4" m_a="0.999979" m_b="-0.006512" m_c="0.006512" m_d="0.999979" m_tx="0.000000" m_ty="0.000000"/>
   <element name="stone" layername="bod" frame="1" z_index="2" m_a="1.000000" m_b="0.000000" m_c="0.000000" m_d="1.000000" m_tx="0.000000" m_ty="0.000000"/>
   <element name="stone" layername="body2" frame="3" z_index="3" m_a="1.000000" m_b="0.000000" m_c="0.000000" m_d="1.000000" m_tx="0.000000" m_ty="0.000000"/>
   <element name="stone" layername="body3" frame="2" z_index="1" m_a="0.992537" m_b="0.000000" m_c="0.000000" m_d="0.992537" m_tx="0.000000" m_ty="0.000000"/>
  </frame>
  <frame idx="100" w="142" h="186" x="0.553314" y="-38.955719">
   <element name="stone" layername="stonenew" frame="6" z_index="6" m_a="0.999962" m_b="-0.008683" m_c="0.008683" m_d="0.999962" m_tx="0.000000" m_ty="0.000000"/>
   <element name="stone" layername="deco2" frame="5" z_index="5" m_a="0.999962" m_b="-0.008683" m_c="0.008683" m_d="0.999962" m_tx="0.000000" m_ty="0.000000"/>
   <element name="stone" layername="deco" frame="4" z_index="4" m_a="0.999962" m_b="-0.008683" m_c="0.008683" m_d="0.999962" m_tx="0.000000" m_ty="0.000000"/>
   <element name="stone" layername="bod" frame="1" z_index="2" m_a="1.000000" m_b="0.000000" m_c="0.000000" m_d="1.000000" m_tx="0.000000" m_ty="0.000000"/>
   <element name="stone" layername="body2" frame="3" z_index="3" m_a="1.000000" m_b="0.000000" m_c="0.000000" m_d="1.000000" m_tx="0.000000" m_ty="0.000000"/>
   <element name="stone" layername="body3" frame="2" z_index="1" m_a="0.990050" m_b="0.000000" m_c="0.000000" m_d="0.990050" m_tx="0.000000" m_ty="0.000000"/>
  </frame>
  <frame idx="125" w="142" h="186" x="0.690872" y="-39.094650">
   <element name="stone" layername="stonenew" frame="6" z_index="6" m_a="0.999941" m_b="-0.010854" m_c="0.010854" m_d="0.999941" m_tx="0.000000" m_ty="0.000000"/>
   <element name="stone" layername="deco2" frame="5" z_index="5" m_a="0.999941" m_b="-0.010854" m_c="0.010854" m_d="0.999941" m_tx="0.000000" m_ty="0.000000"/>
   <element name="stone" layername="deco" frame="4" z_index="4" m_a="0.999941" m_b="-0.010854" m_c="0.010854" m_d="0.999941" m_tx="0.000000" m_ty="0.000000"/>
   <element name="stone" layername="bod" frame="1" z_index="2" m_a="1.000000" m_b="0.000000" m_c="0.000000" m_d="1.000000" m_tx="0.000000" m_ty="0.000000"/>
   <element name="stone" layername="body2" frame="3" z_index="3" m_a="1.000000" m_b="0.000000" m_c="0.000000" m_d="1.000000" m_tx="0.000000" m_ty="0.000000"/>
   <element name="stone" layername="body3" frame="2" z_index="1" m_a="0.987562" m_b="0.000000" m_c="0.000000" m_d="0.987562" m_tx="0.000000" m_ty="0.000000"/>
  </frame>
  <frame idx="150" w="142" h="186" x="0.828140" y="-39.233566">
   <element name="stone" layername="stonenew" frame="6" z_index="6" m_a="0.999915" m_b="-0.013024" m_c="0.013024" m_d="0.999915" m_tx="0.000000" m_ty="0.000000"/>
   <element name="stone" layername="deco2" frame="5" z_index="5" m_a="0.999915" m_b="-0.013024" m_c="0.013024" m_d="0.999915" m_tx="0.000000" m_ty="0.000000"/>
   <element name="stone" layername="deco" frame="4" z_index="4" m_a="0.999915" m_b="-0.013024" m_c="0.013024" m_d="0.999915" m_tx="0.000000" m_ty="0.000000"/>
   <element name="stone" layername="bod" frame="1" z_index="2" m_a="1.000000" m_b="0.000000" m_c="0.000000" m_d="1.000000" m_tx="0.000000" m_ty="0.000000"/>
   <element name="stone" layername="body2" frame="3" z_index="3" m_a="1.000000" m_b="0.000000" m_c="0.000000" m_d="1.000000" m_tx="0.000000" m_ty="0.000000"/>
   <element name="stone" layername="body3" frame="2" z_index="1" m_a="0.985075" m_b="0.000000" m_c="0.000000" m_d="0.985075" m_tx="0.000000" m_ty="0.000000"/>
  </frame>
  <frame idx="175" w="142" h="187" x="0.965096" y="-39.372482">
   <element name="stone" layername="stonenew" frame="6" z_index="6" m_a="0.999885" m_b="-0.015195" m_c="0.015195" m_d="0.999885" m_tx="0.000000" m_ty="0.000000"/>
   <element name="stone" layername="deco2" frame="5" z_index="5" m_a="0.999885" m_b="-0.015195" m_c="0.015195" m_d="0.999885" m_tx="0.000000" m_ty="0.000000"/>
   <element name="stone" layername="deco" frame="4" z_index="4" m_a="0.999885" m_b="-0.015195" m_c="0.015195" m_d="0.999885" m_tx="0.000000" m_ty="0.000000"/>
   <element name="stone" layername="bod" frame="1" z_index="2" m_a="1.000000" m_b="0.000000" m_c="0.000000" m_d="1.000000" m_tx="0.000000" m_ty="0.000000"/>
   <element name="stone" layername="body2" frame="3" z_index="3" m_a="1.000000" m_b="0.000000" m_c="0.000000" m_d="1.000000" m_tx="0.000000" m_ty="0.000000"/>
   <element name="stone" layername="body3" frame="2" z_index="1" m_a="0.982587" m_b="0.000000" m_c="0.000000" m_d="0.982587" m_tx="0.000000" m_ty="0.000000"/>
  </frame>
  <frame idx="200" w="143" h="187" x="1.101746" y="-39.511398">
   <element name="stone" layername="stonenew" frame="6" z_index="6" m_a="0.999849" m_b="-0.017366" m_c="0.017366" m_d="0.999849" m_tx="0.000000" m_ty="0.000000"/>
   <element name="stone" layername="deco2" frame="5" z_index="5" m_a="0.999849" m_b="-0.017366" m_c="0.017366" m_d="0.999849" m_tx="0.000000" m_ty="0.000000"/>
   <element name="stone" layername="deco" frame="4" z_index="4" m_a="0.999849" m_b="-0.017366" m_c="0.017366" m_d="0.999849" m_tx="0.000000" m_ty="0.000000"/>
   <element name="stone" layername="bod" frame="1" z_index="2" m_a="1.000000" m_b="0.000000" m_c="0.000000" m_d="1.000000" m_tx="0.000000" m_ty="0.000000"/>
   <element name="stone" layername="body2" frame="3" z_index="3" m_a="1.000000" m_b="0.000000" m_c="0.000000" m_d="1.000000" m_tx="0.000000" m_ty="0.000000"/>
   <element name="stone" layername="body3" frame="2" z_index="1" m_a="0.980099" m_b="0.000000" m_c="0.000000" m_d="0.980099" m_tx="0.000000" m_ty="0.000000"/>
  </frame>
  <frame idx="225" w="143" h="189" x="1.238091" y="-39.650307">
   <element name="stone" layername="stonenew" frame="6" z_index="6" m_a="0.999809" m_b="-0.019536" m_c="0.019536" m_d="0.999809" m_tx="0.000000" m_ty="0.000000"/>
   <element name="stone" layername="deco2" frame="5" z_index="5" m_a="0.999809" m_b="-0.019536" m_c="0.019536" m_d="0.999809" m_tx="0.000000" m_ty="0.000000"/>
   <element name="stone" layername="deco" frame="4" z_index="4" m_a="0.999809" m_b="-0.019536" m_c="0.019536" m_d="0.999809" m_tx="0.000000" m_ty="0.000000"/>
   <element name="stone" layername="bod" frame="1" z_index="2" m_a="1.000000" m_b="0.000000" m_c="0.000000" m_d="1.000000" m_tx="0.000000" m_ty="0.000000"/>
   <element name="stone" layername="body2" frame="3" z_index="3" m_a="1.000000" m_b="0.000000" m_c="0.000000" m_d="1.000000" m_tx="0.000000" m_ty="0.000000"/>
   <element name="stone" layername="body3" frame="2" z_index="1" m_a="0.977612" m_b="0.000000" m_c="0.000000" m_d="0.977612" m_tx="0.000000" m_ty="0.000000"/>
  </frame>
  <frame idx="250" w="143" h="189" x="1.374130" y="-39.789207">
   <element name="stone" layername="stonenew" frame="6" z_index="6" m_a="0.999764" m_b="-0.021706" m_c="0.021706" m_d="0.999764" m_tx="0.000000" m_ty="0.000000"/>
   <element name="stone" layername="deco2" frame="5" z_index="5" m_a="0.999764" m_b="-0.021706" m_c="0.021706" m_d="0.999764" m_tx="0.000000" m_ty="0.000000"/>
   <element name="stone" layername="deco" frame="4" z_index="4" m_a="0.999764" m_b="-0.021706" m_c="0.021706" m_d="0.999764" m_tx="0.000000" m_ty="0.000000"/>
   <element name="stone" layername="bod" frame="1" z_index="2" m_a="1.000000" m_b="0.000000" m_c="0.000000" m_d="1.000000" m_tx="0.000000" m_ty="0.000000"/>
   <element name="stone" layername="body2" frame="3" z_index="3" m_a="1.000000" m_b="0.000000" m_c="0.000000" m_d="1.000000" m_tx="0.000000" m_ty="0.000000"/>
   <element name="stone" layername="body3" frame="2" z_index="1" m_a="0.975124" m_b="0.000000" m_c="0.000000" m_d="0.975124" m_tx="0.000000" m_ty="0.000000"/>
  </frame>
  <frame idx="275" w="143" h="189" x="1.509857" y="-39.928101">
   <element name="stone" layername="stonenew" frame="6" z_index="6" m_a="0.999715" m_b="-0.023877" m_c="0.023877" m_d="0.999715" m_tx="0.000000" m_ty="0.000000"/>
   <element name="stone" layername="deco2" frame="5" z_index="5" m_a="0.999715" m_b="-0.023877" m_c="0.023877" m_d="0.999715" m_tx="0.000000" m_ty="0.000000"/>
   <element name="stone" layername="deco" frame="4" z_index="4" m_a="0.999715" m_b="-0.023877" m_c="0.023877" m_d="0.999715" m_tx="0.000000" m_ty="0.000000"/>
   <element name="stone" layername="bod" frame="1" z_index="2" m_a="1.000000" m_b="0.000000" m_c="0.000000" m_d="1.000000" m_tx="0.000000" m_ty="0.000000"/>
   <element name="stone" layername="body2" frame="3" z_index="3" m_a="1.000000" m_b="0.000000" m_c="0.000000" m_d="1.000000" m_tx="0.000000" m_ty="0.000000"/>
   <element name="stone" layername="body3" frame="2" z_index="1" m_a="0.972637" m_b="0.000000" m_c="0.000000" m_d="0.972637" m_tx="0.000000" m_ty="0.000000"/>
  </frame>
  <frame idx="300" w="143" h="190" x="1.645279" y="-40.066994">
   <element name="stone" layername="stonenew" frame="6" z_index="6" m_a="0.999661" m_b="-0.026047" m_c="0.026047" m_d="0.999661" m_tx="0.000000" m_ty="0.000000"/>
   <element name="stone" layername="deco2" frame="5" z_index="5" m_a="0.999661" m_b="-0.026047" m_c="0.026047" m_d="0.999661" m_tx="0.000000" m_ty="0.000000"/>
   <element name="stone" layername="deco" frame="4" z_index="4" m_a="0.999661" m_b="-0.026047" m_c="0.026047" m_d="0.999661" m_tx="0.000000" m_ty="0.000000"/>
   <element name="stone" layername="bod" frame="1" z_index="2" m_a="1.000000" m_b="0.000000" m_c="0.000000" m_d="1.000000" m_tx="0.000000" m_ty="0.000000"/>
   <element name="stone" layername="body2" frame="3" z_index="3" m_a="1.000000" m_b="0.000000" m_c="0.000000" m_d="1.000000" m_tx="0.000000" m_ty="0.000000"/>
   <element name="stone" layername="body3" frame="2" z_index="1" m_a="0.970149" m_b="0.000000" m_c="0.000000" m_d="0.970149" m_tx="0.000000" m_ty="0.000000"/>
  </frame>
  <frame idx="325" w="143" h="190" x="1.780396" y="-40.205872">
   <element name="stone" layername="stonenew" frame="6" z_index="6" m_a="0.999602" m_b="-0.028217" m_c="0.028217" m_d="0.999602" m_tx="0.000000" m_ty="0.000000"/>
   <element name="stone" layername="deco2" frame="5" z_index="5" m_a="0.999602" m_b="-0.028217" m_c="0.028217" m_d="0.999602" m_tx="0.000000" m_ty="0.000000"/>
   <element name="stone" layername="deco" frame="4" z_index="4" m_a="0.999602" m_b="-0.028217" m_c="0.028217" m_d="0.999602" m_tx="0.000000" m_ty="0.000000"/>
   <element name="stone" layername="bod" frame="1" z_index="2" m_a="1.000000" m_b="0.000000" m_c="0.000000" m_d="1.000000" m_tx="0.000000" m_ty="0.000000"/>
   <element name="stone" layername="body2" frame="3" z_index="3" m_a="1.000000" m_b="0.000000" m_c="0.000000" m_d="1.000000" m_tx="0.000000" m_ty="0.000000"/>
   <element name="stone" layername="body3" frame="2" z_index="1" m_a="0.967662" m_b="0.000000" m_c="0.000000" m_d="0.967662" m_tx="0.000000" m_ty="0.000000"/>
  </frame>
  <frame idx="350" w="143" h="191" x="1.915192" y="-40.344742">
   <element name="stone" layername="stonenew" frame="6" z_index="6" m_a="0.999538" m_b="-0.030387" m_c="0.030387" m_d="0.999538" m_tx="0.000000" m_ty="0.000000"/>
   <element name="stone" layername="deco2" frame="5" z_index="5" m_a="0.999538" m_b="-0.030387" m_c="0.030387" m_d="0.999538" m_tx="0.000000" m_ty="0.000000"/>
   <element name="stone" layername="deco" frame="4" z_index="4" m_a="0.999538" m_b="-0.030387" m_c="0.030387" m_d="0.999538" m_tx="0.000000" m_ty="0.000000"/>
   <element name="stone" layername="bod" frame="1" z_index="2" m_a="1.000000" m_b="0.000000" m_c="0.000000" m_d="1.000000" m_tx="0.000000" m_ty="0.000000"/>
   <element name="stone" layername="body2" frame="3" z_index="3" m_a="1.000000" m_b="0.000000" m_c="0.000000" m_d="1.000000" m_tx="0.000000" m_ty="0.000000"/>
   <element name="stone" layername="body3" frame="2" z_index="1" m_a="0.965174" m_b="0.000000" m_c="0.000000" m_d="0.965174" m_tx="0.000000" m_ty="0.000000"/>
  </frame>
  <frame idx="375" w="145" h="191" x="2.049683" y="-40.483612">
   <element name="stone" layername="stonenew" frame="6" z_index="6" m_a="0.999470" m_b="-0.032556" m_c="0.032556" m_d="0.999470" m_tx="0.000000" m_ty="0.000000"/>
   <element name="stone" layername="deco2" frame="5" z_index="5" m_a="0.999470" m_b="-0.032556" m_c="0.032556" m_d="0.999470" m_tx="0.000000" m_ty="0.000000"/>
   <element name="stone" layername="deco" frame="4" z_index="4" m_a="0.999470" m_b="-0.032556" m_c="0.032556" m_d="0.999470" m_tx="0.000000" m_ty="0.000000"/>
   <element name="stone" layername="bod" frame="1" z_index="2" m_a="1.000000" m_b="0.000000" m_c="0.000000" m_d="1.000000" m_tx="0.000000" m_ty="0.000000"/>
   <element name="stone" layername="body2" frame="3" z_index="3" m_a="1.000000" m_b="0.000000" m_c="0.000000" m_d="1.000000" m_tx="0.000000" m_ty="0.000000"/>
   <element name="stone" layername="body3" frame="2" z_index="1" m_a="0.962687" m_b="0.000000" m_c="0.000000" m_d="0.962687" m_tx="0.000000" m_ty="0.000000"/>
  </frame>
  <frame idx="400" w="145" h="192" x="2.183861" y="-40.622467">
   <element name="stone" layername="stonenew" frame="6" z_index="6" m_a="0.999397" m_b="-0.034726" m_c="0.034726" m_d="0.999397" m_tx="0.000000" m_ty="0.000000"/>
   <element name="stone" layername="deco2" frame="5" z_index="5" m_a="0.999397" m_b="-0.034726" m_c="0.034726" m_d="0.999397" m_tx="0.000000" m_ty="0.000000"/>
   <element name="stone" layername="deco" frame="4" z_index="4" m_a="0.999397" m_b="-0.034726" m_c="0.034726" m_d="0.999397" m_tx="0.000000" m_ty="0.000000"/>
   <element name="stone" layername="bod" frame="1" z_index="2" m_a="1.000000" m_b="0.000000" m_c="0.000000" m_d="1.000000" m_tx="0.000000" m_ty="0.000000"/>
   <element name="stone" layername="body2" frame="3" z_index="3" m_a="1.000000" m_b="0.000000" m_c="0.000000" m_d="1.000000" m_tx="0.000000" m_ty="0.000000"/>
   <element name="stone" layername="body3" frame="2" z_index="1" m_a="0.960199" m_b="0.000000" m_c="0.000000" m_d="0.960199" m_tx="0.000000" m_ty="0.000000"/>
  </frame>
  <frame idx="425" w="145" h="192" x="2.317726" y="-40.761307">
   <element name="stone" layername="stonenew" frame="6" z_index="6" m_a="0.999319" m_b="-0.036895" m_c="0.036895" m_d="0.999319" m_tx="0.000000" m_ty="0.000000"/>
   <element name="stone" layername="deco2" frame="5" z_index="5" m_a="0.999319" m_b="-0.036895" m_c="0.036895" m_d="0.999319" m_tx="0.000000" m_ty="0.000000"/>
   <element name="stone" layername="deco" frame="4" z_index="4" m_a="0.999319" m_b="-0.036895" m_c="0.036895" m_d="0.999319" m_tx="0.000000" m_ty="0.000000"/>
   <element name="stone" layername="bod" frame="1" z_index="2" m_a="1.000000" m_b="0.000000" m_c="0.000000" m_d="1.000000" m_tx="0.000000" m_ty="0.000000"/>
   <element name="stone" layername="body2" frame="3" z_index="3" m_a="1.000000" m_b="0.000000" m_c="0.000000" m_d="1.000000" m_tx="0.000000" m_ty="0.000000"/>
   <element name="stone" layername="body3" frame="2" z_index="1" m_a="0.957711" m_b="0.000000" m_c="0.000000" m_d="0.957711" m_tx="0.000000" m_ty="0.000000"/>
  </frame>
  <frame idx="450" w="145" h="192" x="2.451279" y="-40.900131">
   <element name="stone" layername="stonenew" frame="6" z_index="6" m_a="0.999237" m_b="-0.039065" m_c="0.039065" m_d="0.999237" m_tx="0.000000" m_ty="0.000000"/>
   <element name="stone" layername="deco2" frame="5" z_index="5" m_a="0.999237" m_b="-0.039065" m_c="0.039065" m_d="0.999237" m_tx="0.000000" m_ty="0.000000"/>
   <element name="stone" layername="deco" frame="4" z_index="4" m_a="0.999237" m_b="-0.039065" m_c="0.039065" m_d="0.999237" m_tx="0.000000" m_ty="0.000000"/>
   <element name="stone" layername="bod" frame="1" z_index="2" m_a="1.000000" m_b="0.000000" m_c="0.000000" m_d="1.000000" m_tx="0.000000" m_ty="0.000000"/>
   <element name="stone" layername="body2" frame="3" z_index="3" m_a="1.000000" m_b="0.000000" m_c="0.000000" m_d="1.000000" m_tx="0.000000" m_ty="0.000000"/>
   <element name="stone" layername="body3" frame="2" z_index="1" m_a="0.955224" m_b="0.000000" m_c="0.000000" m_d="0.955224" m_tx="0.000000" m_ty="0.000000"/>
  </frame>
  <frame idx="475" w="145" h="193" x="2.584526" y="-41.038956">
   <element name="stone" layername="stonenew" frame="6" z_index="6" m_a="0.999150" m_b="-0.041234" m_c="0.041234" m_d="0.999150" m_tx="0.000000" m_ty="0.000000"/>
   <element name="stone" layername="deco2" frame="5" z_index="5" m_a="0.999150" m_b="-0.041234" m_c="0.041234" m_d="0.999150" m_tx="0.000000" m_ty="0.000000"/>
   <element name="stone" layername="deco" frame="4" z_index="4" m_a="0.999150" m_b="-0.041234" m_c="0.041234" m_d="0.999150" m_tx="0.000000" m_ty="0.000000"/>
   <element name="stone" layername="bod" frame="1" z_index="2" m_a="1.000000" m_b="0.000000" m_c="0.000000" m_d="1.000000" m_tx="0.000000" m_ty="0.000000"/>
   <element name="stone" layername="body2" frame="3" z_index="3" m_a="1.000000" m_b="0.000000" m_c="0.000000" m_d="1.000000" m_tx="0.000000" m_ty="0.000000"/>
   <element name="stone" layername="body3" frame="2" z_index="1" m_a="0.952736" m_b="0.000000" m_c="0.000000" m_d="0.952736" m_tx="0.000000" m_ty="0.000000"/>
  </frame>
  <frame idx="500" w="145" h="193" x="2.717453" y="-41.177765">
   <element name="stone" layername="stonenew" frame="6" z_index="6" m_a="0.999058" m_b="-0.043403" m_c="0.043403" m_d="0.999058" m_tx="0.000000" m_ty="0.000000"/>
   <element name="stone" layername="deco2" frame="5" z_index="5" m_a="0.999058" m_b="-0.043403" m_c="0.043403" m_d="0.999058" m_tx="0.000000" m_ty="0.000000"/>
   <element name="stone" layername="deco" frame="4" z_index="4" m_a="0.999058" m_b="-0.043403" m_c="0.043403" m_d="0.999058" m_tx="0.000000" m_ty="0.000000"/>
   <element name="stone" layername="bod" frame="1" z_index="2" m_a="1.000000" m_b="0.000000" m_c="0.000000" m_d="1.000000" m_tx="0.000000" m_ty="0.000000"/>
   <element name="stone" layername="body2" frame="3" z_index="3" m_a="1.000000" m_b="0.000000" m_c="0.000000" m_d="1.000000" m_tx="0.000000" m_ty="0.000000"/>
   <element name="stone" layername="body3" frame="2" z_index="1" m_a="0.950249" m_b="0.000000" m_c="0.000000" m_d="0.950249" m_tx="0.000000" m_ty="0.000000"/>
  </frame>
  <frame idx="525" w="145" h="194" x="2.850067" y="-41.316559">
   <element name="stone" layername="stonenew" frame="6" z_index="6" m_a="0.998961" m_b="-0.045571" m_c="0.045571" m_d="0.998961" m_tx="0.000000" m_ty="0.000000"/>
   <element name="stone" layername="deco2" frame="5" z_index="5" m_a="0.998961" m_b="-0.045571" m_c="0.045571" m_d="0.998961" m_tx="0.000000" m_ty="0.000000"/>
   <element name="stone" layername="deco" frame="4" z_index="4" m_a="0.998961" m_b="-0.045571" m_c="0.045571" m_d="0.998961" m_tx="0.000000" m_ty="0.000000"/>
   <element name="stone" layername="bod" frame="1" z_index="2" m_a="1.000000" m_b="0.000000" m_c="0.000000" m_d="1.000000" m_tx="0.000000" m_ty="0.000000"/>
   <element name="stone" layername="body2" frame="3" z_index="3" m_a="1.000000" m_b="0.000000" m_c="0.000000" m_d="1.000000" m_tx="0.000000" m_ty="0.000000"/>
   <element name="stone" layername="body3" frame="2" z_index="1" m_a="0.947761" m_b="0.000000" m_c="0.000000" m_d="0.947761" m_tx="0.000000" m_ty="0.000000"/>
  </frame>
  <frame idx="550" w="145" h="194" x="2.982361" y="-41.455338">
   <element name="stone" layername="stonenew" frame="6" z_index="6" m_a="0.998860" m_b="-0.047740" m_c="0.047740" m_d="0.998860" m_tx="0.000000" m_ty="0.000000"/>
   <element name="stone" layername="deco2" frame="5" z_index="5" m_a="0.998860" m_b="-0.047740" m_c="0.047740" m_d="0.998860" m_tx="0.000000" m_ty="0.000000"/>
   <element name="stone" layername="deco" frame="4" z_index="4" m_a="0.998860" m_b="-0.047740" m_c="0.047740" m_d="0.998860" m_tx="0.000000" m_ty="0.000000"/>
   <element name="stone" layername="bod" frame="1" z_index="2" m_a="1.000000" m_b="0.000000" m_c="0.000000" m_d="1.000000" m_tx="0.000000" m_ty="0.000000"/>
   <element name="stone" layername="body2" frame="3" z_index="3" m_a="1.000000" m_b="0.000000" m_c="0.000000" m_d="1.000000" m_tx="0.000000" m_ty="0.000000"/>
   <element name="stone" layername="body3" frame="2" z_index="1" m_a="0.945274" m_b="0.000000" m_c="0.000000" m_d="0.945274" m_tx="0.000000" m_ty="0.000000"/>
  </frame>
  <frame idx="575" w="146" h="194" x="3.114349" y="-41.594101">
   <element name="stone" layername="stonenew" frame="6" z_index="6" m_a="0.998754" m_b="-0.049908" m_c="0.049908" m_d="0.998754" m_tx="0.000000" m_ty="0.000000"/>
   <element name="stone" layername="deco2" frame="5" z_index="5" m_a="0.998754" m_b="-0.049908" m_c="0.049908" m_d="0.998754" m_tx="0.000000" m_ty="0.000000"/>
   <element name="stone" layername="deco" frame="4" z_index="4" m_a="0.998754" m_b="-0.049908" m_c="0.049908" m_d="0.998754" m_tx="0.000000" m_ty="0.000000"/>
   <element name="stone" layername="bod" frame="1" z_index="2" m_a="1.000000" m_b="0.000000" m_c="0.000000" m_d="1.000000" m_tx="0.000000" m_ty="0.000000"/>
   <element name="stone" layername="body2" frame="3" z_index="3" m_a="1.000000" m_b="0.000000" m_c="0.000000" m_d="1.000000" m_tx="0.000000" m_ty="0.000000"/>
   <element name="stone" layername="body3" frame="2" z_index="1" m_a="0.942786" m_b="0.000000" m_c="0.000000" m_d="0.942786" m_tx="0.000000" m_ty="0.000000"/>
  </frame>
  <frame idx="600" w="146" h="195" x="3.246017" y="-41.732849">
   <element name="stone" layername="stonenew" frame="6" z_index="6" m_a="0.998643" m_b="-0.052076" m_c="0.052076" m_d="0.998643" m_tx="0.000000" m_ty="0.000000"/>
   <element name="stone" layername="deco2" frame="5" z_index="5" m_a="0.998643" m_b="-0.052076" m_c="0.052076" m_d="0.998643" m_tx="0.000000" m_ty="0.000000"/>
   <element name="stone" layername="deco" frame="4" z_index="4" m_a="0.998643" m_b="-0.052076" m_c="0.052076" m_d="0.998643" m_tx="0.000000" m_ty="0.000000"/>
   <element name="stone" layername="bod" frame="1" z_index="2" m_a="1.000000" m_b="0.000000" m_c="0.000000" m_d="1.000000" m_tx="0.000000" m_ty="0.000000"/>
   <element name="stone" layername="body2" frame="3" z_index="3" m_a="1.000000" m_b="0.000000" m_c="0.000000" m_d="1.000000" m_tx="0.000000" m_ty="0.000000"/>
   <element name="stone" layername="body3" frame="2" z_index="1" m_a="0.940298" m_b="0.000000" m_c="0.000000" m_d="0.940298" m_tx="0.000000" m_ty="0.000000"/>
  </frame>
  <frame idx="625" w="146" h="195" x="3.377365" y="-41.871590">
   <element name="stone" layername="stonenew" frame="6" z_index="6" m_a="0.998528" m_b="-0.054244" m_c="0.054244" m_d="0.998528" m_tx="0.000000" m_ty="0.000000"/>
   <element name="stone" layername="deco2" frame="5" z_index="5" m_a="0.998528" m_b="-0.054244" m_c="0.054244" m_d="0.998528" m_tx="0.000000" m_ty="0.000000"/>
   <element name="stone" layername="deco" frame="4" z_index="4" m_a="0.998528" m_b="-0.054244" m_c="0.054244" m_d="0.998528" m_tx="0.000000" m_ty="0.000000"/>
   <element name="stone" layername="bod" frame="1" z_index="2" m_a="1.000000" m_b="0.000000" m_c="0.000000" m_d="1.000000" m_tx="0.000000" m_ty="0.000000"/>
   <element name="stone" layername="body2" frame="3" z_index="3" m_a="1.000000" m_b="0.000000" m_c="0.000000" m_d="1.000000" m_tx="0.000000" m_ty="0.000000"/>
   <element name="stone" layername="body3" frame="2" z_index="1" m_a="0.937811" m_b="0.000000" m_c="0.000000" m_d="0.937811" m_tx="0.000000" m_ty="0.000000"/>
  </frame>
  <frame idx="650" w="146" h="196" x="3.508392" y="-42.010307">
   <element name="stone" layername="stonenew" frame="6" z_index="6" m_a="0.998408" m_b="-0.056411" m_c="0.056411" m_d="0.998408" m_tx="0.000000" m_ty="0.000000"/>
   <element name="stone" layername="deco2" frame="5" z_index="5" m_a="0.998408" m_b="-0.056411" m_c="0.056411" m_d="0.998408" m_tx="0.000000" m_ty="0.000000"/>
   <element name="stone" layername="deco" frame="4" z_index="4" m_a="0.998408" m_b="-0.056411" m_c="0.056411" m_d="0.998408" m_tx="0.000000" m_ty="0.000000"/>
   <element name="stone" layername="bod" frame="1" z_index="2" m_a="1.000000" m_b="0.000000" m_c="0.000000" m_d="1.000000" m_tx="0.000000" m_ty="0.000000"/>
   <element name="stone" layername="body2" frame="3" z_index="3" m_a="1.000000" m_b="0.000000" m_c="0.000000" m_d="1.000000" m_tx="0.000000" m_ty="0.000000"/>
   <element name="stone" layername="body3" frame="2" z_index="1" m_a="0.935323" m_b="0.000000" m_c="0.000000" m_d="0.935323" m_tx="0.000000" m_ty="0.000000"/>
  </frame>
  <frame idx="675" w="146" h="196" x="3.639107" y="-42.149010">
   <element name="stone" layername="stonenew" frame="6" z_index="6" m_a="0.998283" m_b="-0.058578" m_c="0.058578" m_d="0.998283" m_tx="0.000000" m_ty="0.000000"/>
   <element name="stone" layername="deco2" frame="5" z_index="5" m_a="0.998283" m_b="-0.058578" m_c="0.058578" m_d="0.998283" m_tx="0.000000" m_ty="0.000000"/>
   <element name="stone" layername="deco" frame="4" z_index="4" m_a="0.998283" m_b="-0.058578" m_c="0.058578" m_d="0.998283" m_tx="0.000000" m_ty="0.000000"/>
   <element name="stone" layername="bod" frame="1" z_index="2" m_a="1.000000" m_b="0.000000" m_c="0.000000" m_d="1.000000" m_tx="0.000000" m_ty="0.000000"/>
   <element name="stone" layername="body2" frame="3" z_index="3" m_a="1.000000" m_b="0.000000" m_c="0.000000" m_d="1.000000" m_tx="0.000000" m_ty="0.000000"/>
   <element name="stone" layername="body3" frame="2" z_index="1" m_a="0.932836" m_b="0.000000" m_c="0.000000" m_d="0.932836" m_tx="0.000000" m_ty="0.000000"/>
  </frame>
  <frame idx="700" w="146" h="197" x="3.769501" y="-42.287689">
   <element name="stone" layername="stonenew" frame="6" z_index="6" m_a="0.998153" m_b="-0.060745" m_c="0.060745" m_d="0.998153" m_tx="0.000000" m_ty="0.000000"/>
   <element name="stone" layername="deco2" frame="5" z_index="5" m_a="0.998153" m_b="-0.060745" m_c="0.060745" m_d="0.998153" m_tx="0.000000" m_ty="0.000000"/>
   <element name="stone" layername="deco" frame="4" z_index="4" m_a="0.998153" m_b="-0.060745" m_c="0.060745" m_d="0.998153" m_tx="0.000000" m_ty="0.000000"/>
   <element name="stone" layername="bod" frame="1" z_index="2" m_a="1.000000" m_b="0.000000" m_c="0.000000" m_d="1.000000" m_tx="0.000000" m_ty="0.000000"/>
   <element name="stone" layername="body2" frame="3" z_index="3" m_a="1.000000" m_b="0.000000" m_c="0.000000" m_d="1.000000" m_tx="0.000000" m_ty="0.000000"/>
   <element name="stone" layername="body3" frame="2" z_index="1" m_a="0.930348" m_b="0.000000" m_c="0.000000" m_d="0.930348" m_tx="0.000000" m_ty="0.000000"/>
  </frame>
  <frame idx="725" w="146" h="197" x="3.899582" y="-42.426361">
   <element name="stone" layername="stonenew" frame="6" z_index="6" m_a="0.998019" m_b="-0.062912" m_c="0.062912" m_d="0.998019" m_tx="0.000000" m_ty="0.000000"/>
   <element name="stone" layername="deco2" frame="5" z_index="5" m_a="0.998019" m_b="-0.062912" m_c="0.062912" m_d="0.998019" m_tx="0.000000" m_ty="0.000000"/>
   <element name="stone" layername="deco" frame="4" z_index="4" m_a="0.998019" m_b="-0.062912" m_c="0.062912" m_d="0.998019" m_tx="0.000000" m_ty="0.000000"/>
   <element name="stone" layername="bod" frame="1" z_index="2" m_a="1.000000" m_b="0.000000" m_c="0.000000" m_d="1.000000" m_tx="0.000000" m_ty="0.000000"/>
   <element name="stone" layername="body2" frame="3" z_index="3" m_a="1.000000" m_b="0.000000" m_c="0.000000" m_d="1.000000" m_tx="0.000000" m_ty="0.000000"/>
   <element name="stone" layername="body3" frame="2" z_index="1" m_a="0.927861" m_b="0.000000" m_c="0.000000" m_d="0.927861" m_tx="0.000000" m_ty="0.000000"/>
  </frame>
  <frame idx="750" w="147" h="197" x="4.029335" y="-42.565002">
   <element name="stone" layername="stonenew" frame="6" z_index="6" m_a="0.997880" m_b="-0.065078" m_c="0.065078" m_d="0.997880" m_tx="0.000000" m_ty="0.000000"/>
   <element name="stone" layername="deco2" frame="5" z_index="5" m_a="0.997880" m_b="-0.065078" m_c="0.065078" m_d="0.997880" m_tx="0.000000" m_ty="0.000000"/>
   <element name="stone" layername="deco" frame="4" z_index="4" m_a="0.997880" m_b="-0.065078" m_c="0.065078" m_d="0.997880" m_tx="0.000000" m_ty="0.000000"/>
   <element name="stone" layername="bod" frame="1" z_index="2" m_a="1.000000" m_b="0.000000" m_c="0.000000" m_d="1.000000" m_tx="0.000000" m_ty="0.000000"/>
   <element name="stone" layername="body2" frame="3" z_index="3" m_a="1.000000" m_b="0.000000" m_c="0.000000" m_d="1.000000" m_tx="0.000000" m_ty="0.000000"/>
   <element name="stone" layername="body3" frame="2" z_index="1" m_a="0.925373" m_b="0.000000" m_c="0.000000" m_d="0.925373" m_tx="0.000000" m_ty="0.000000"/>
  </frame>
  <frame idx="775" w="147" h="198" x="4.158768" y="-42.703629">
   <element name="stone" layername="stonenew" frame="6" z_index="6" m_a="0.997737" m_b="-0.067244" m_c="0.067244" m_d="0.997737" m_tx="0.000000" m_ty="0.000000"/>
   <element name="stone" layername="deco2" frame="5" z_index="5" m_a="0.997737" m_b="-0.067244" m_c="0.067244" m_d="0.997737" m_tx="0.000000" m_ty="0.000000"/>
   <element name="stone" layername="deco" frame="4" z_index="4" m_a="0.997737" m_b="-0.067244" m_c="0.067244" m_d="0.997737" m_tx="0.000000" m_ty="0.000000"/>
   <element name="stone" layername="bod" frame="1" z_index="2" m_a="1.000000" m_b="0.000000" m_c="0.000000" m_d="1.000000" m_tx="0.000000" m_ty="0.000000"/>
   <element name="stone" layername="body2" frame="3" z_index="3" m_a="1.000000" m_b="0.000000" m_c="0.000000" m_d="1.000000" m_tx="0.000000" m_ty="0.000000"/>
   <element name="stone" layername="body3" frame="2" z_index="1" m_a="0.922886" m_b="0.000000" m_c="0.000000" m_d="0.922886" m_tx="0.000000" m_ty="0.000000"/>
  </frame>
  <frame idx="800" w="147" h="198" x="4.287888" y="-42.842239">
   <element name="stone" layername="stonenew" frame="6" z_index="6" m_a="0.997588" m_b="-0.069410" m_c="0.069410" m_d="0.997588" m_tx="0.000000" m_ty="0.000000"/>
   <element name="stone" layername="deco2" frame="5" z_index="5" m_a="0.997588" m_b="-0.069410" m_c="0.069410" m_d="0.997588" m_tx="0.000000" m_ty="0.000000"/>
   <element name="stone" layername="deco" frame="4" z_index="4" m_a="0.997588" m_b="-0.069410" m_c="0.069410" m_d="0.997588" m_tx="0.000000" m_ty="0.000000"/>
   <element name="stone" layername="bod" frame="1" z_index="2" m_a="1.000000" m_b="0.000000" m_c="0.000000" m_d="1.000000" m_tx="0.000000" m_ty="0.000000"/>
   <element name="stone" layername="body2" frame="3" z_index="3" m_a="1.000000" m_b="0.000000" m_c="0.000000" m_d="1.000000" m_tx="0.000000" m_ty="0.000000"/>
   <element name="stone" layername="body3" frame="2" z_index="1" m_a="0.920398" m_b="0.000000" m_c="0.000000" m_d="0.920398" m_tx="0.000000" m_ty="0.000000"/>
  </frame>
  <frame idx="825" w="147" h="200" x="4.416679" y="-42.980827">
   <element name="stone" layername="stonenew" frame="6" z_index="6" m_a="0.997435" m_b="-0.071575" m_c="0.071575" m_d="0.997435" m_tx="0.000000" m_ty="0.000000"/>
   <element name="stone" layername="deco2" frame="5" z_index="5" m_a="0.997435" m_b="-0.071575" m_c="0.071575" m_d="0.997435" m_tx="0.000000" m_ty="0.000000"/>
   <element name="stone" layername="deco" frame="4" z_index="4" m_a="0.997435" m_b="-0.071575" m_c="0.071575" m_d="0.997435" m_tx="0.000000" m_ty="0.000000"/>
   <element name="stone" layername="bod" frame="1" z_index="2" m_a="1.000000" m_b="0.000000" m_c="0.000000" m_d="1.000000" m_tx="0.000000" m_ty="0.000000"/>
   <element name="stone" layername="body2" frame="3" z_index="3" m_a="1.000000" m_b="0.000000" m_c="0.000000" m_d="1.000000" m_tx="0.000000" m_ty="0.000000"/>
   <element name="stone" layername="body3" frame="2" z_index="1" m_a="0.917910" m_b="0.000000" m_c="0.000000" m_d="0.917910" m_tx="0.000000" m_ty="0.000000"/>
  </frame>
  <frame idx="850" w="147" h="200" x="4.545151" y="-43.119392">
   <element name="stone" layername="stonenew" frame="6" z_index="6" m_a="0.997277" m_b="-0.073740" m_c="0.073740" m_d="0.997277" m_tx="0.000000" m_ty="0.000000"/>
   <element name="stone" layername="deco2" frame="5" z_index="5" m_a="0.997277" m_b="-0.073740" m_c="0.073740" m_d="0.997277" m_tx="0.000000" m_ty="0.000000"/>
   <element name="stone" layername="deco" frame="4" z_index="4" m_a="0.997277" m_b="-0.073740" m_c="0.073740" m_d="0.997277" m_tx="0.000000" m_ty="0.000000"/>
   <element name="stone" layername="bod" frame="1" z_index="2" m_a="1.000000" m_b="0.000000" m_c="0.000000" m_d="1.000000" m_tx="0.000000" m_ty="0.000000"/>
   <element name="stone" layername="body2" frame="3" z_index="3" m_a="1.000000" m_b="0.000000" m_c="0.000000" m_d="1.000000" m_tx="0.000000" m_ty="0.000000"/>
   <element name="stone" layername="body3" frame="2" z_index="1" m_a="0.915423" m_b="0.000000" m_c="0.000000" m_d="0.915423" m_tx="0.000000" m_ty="0.000000"/>
  </frame>
  <frame idx="875" w="147" h="200" x="4.673294" y="-43.257935">
   <element name="stone" layername="stonenew" frame="6" z_index="6" m_a="0.997115" m_b="-0.075905" m_c="0.075905" m_d="0.997115" m_tx="0.000000" m_ty="0.000000"/>
   <element name="stone" layername="deco2" frame="5" z_index="5" m_a="0.997115" m_b="-0.075905" m_c="0.075905" m_d="0.997115" m_tx="0.000000" m_ty="0.000000"/>
   <element name="stone" layername="deco" frame="4" z_index="4" m_a="0.997115" m_b="-0.075905" m_c="0.075905" m_d="0.997115" m_tx="0.000000" m_ty="0.000000"/>
   <element name="stone" layername="bod" frame="1" z_index="2" m_a="1.000000" m_b="0.000000" m_c="0.000000" m_d="1.000000" m_tx="0.000000" m_ty="0.000000"/>
   <element name="stone" layername="body2" frame="3" z_index="3" m_a="1.000000" m_b="0.000000" m_c="0.000000" m_d="1.000000" m_tx="0.000000" m_ty="0.000000"/>
   <element name="stone" layername="body3" frame="2" z_index="1" m_a="0.912935" m_b="0.000000" m_c="0.000000" m_d="0.912935" m_tx="0.000000" m_ty="0.000000"/>
  </frame>
  <frame idx="900" w="147" h="201" x="4.801117" y="-43.396454">
   <element name="stone" layername="stonenew" frame="6" z_index="6" m_a="0.996948" m_b="-0.078070" m_c="0.078070" m_d="0.996948" m_tx="0.000000" m_ty="0.000000"/>
   <element name="stone" layername="deco2" frame="5" z_index="5" m_a="0.996948" m_b="-0.078070" m_c="0.078070" m_d="0.996948" m_tx="0.000000" m_ty="0.000000"/>
   <element name="stone" layername="deco" frame="4" z_index="4" m_a="0.996948" m_b="-0.078070" m_c="0.078070" m_d="0.996948" m_tx="0.000000" m_ty="0.000000"/>
   <element name="stone" layername="bod" frame="1" z_index="2" m_a="1.000000" m_b="0.000000" m_c="0.000000" m_d="1.000000" m_tx="0.000000" m_ty="0.000000"/>
   <element name="stone" layername="body2" frame="3" z_index="3" m_a="1.000000" m_b="0.000000" m_c="0.000000" m_d="1.000000" m_tx="0.000000" m_ty="0.000000"/>
   <element name="stone" layername="body3" frame="2" z_index="1" m_a="0.910448" m_b="0.000000" m_c="0.000000" m_d="0.910448" m_tx="0.000000" m_ty="0.000000"/>
  </frame>
  <frame idx="925" w="147" h="201" x="4.928619" y="-43.534943">
   <element name="stone" layername="stonenew" frame="6" z_index="6" m_a="0.996776" m_b="-0.080234" m_c="0.080234" m_d="0.996776" m_tx="0.000000" m_ty="0.000000"/>
   <element name="stone" layername="deco2" frame="5" z_index="5" m_a="0.996776" m_b="-0.080234" m_c="0.080234" m_d="0.996776" m_tx="0.000000" m_ty="0.000000"/>
   <element name="stone" layername="deco" frame="4" z_index="4" m_a="0.996776" m_b="-0.080234" m_c="0.080234" m_d="0.996776" m_tx="0.000000" m_ty="0.000000"/>
   <element name="stone" layername="bod" frame="1" z_index="2" m_a="1.000000" m_b="0.000000" m_c="0.000000" m_d="1.000000" m_tx="0.000000" m_ty="0.000000"/>
   <element name="stone" layername="body2" frame="3" z_index="3" m_a="1.000000" m_b="0.000000" m_c="0.000000" m_d="1.000000" m_tx="0.000000" m_ty="0.000000"/>
   <element name="stone" layername="body3" frame="2" z_index="1" m_a="0.907960" m_b="0.000000" m_c="0.000000" m_d="0.907960" m_tx="0.000000" m_ty="0.000000"/>
  </frame>
  <frame idx="950" w="148" h="202" x="5.055786" y="-43.673416">
   <element name="stone" layername="stonenew" frame="6" z_index="6" m_a="0.996600" m_b="-0.082397" m_c="0.082397" m_d="0.996600" m_tx="0.000000" m_ty="0.000000"/>
   <element name="stone" layername="deco2" frame="5" z_index="5" m_a="0.996600" m_b="-0.082397" m_c="0.082397" m_d="0.996600" m_tx="0.000000" m_ty="0.000000"/>
   <element name="stone" layername="deco" frame="4" z_index="4" m_a="0.996600" m_b="-0.082397" m_c="0.082397" m_d="0.996600" m_tx="0.000000" m_ty="0.000000"/>
   <element name="stone" layername="bod" frame="1" z_index="2" m_a="1.000000" m_b="0.000000" m_c="0.000000" m_d="1.000000" m_tx="0.000000" m_ty="0.000000"/>
   <element name="stone" layername="body2" frame="3" z_index="3" m_a="1.000000" m_b="0.000000" m_c="0.000000" m_d="1.000000" m_tx="0.000000" m_ty="0.000000"/>
   <element name="stone" layername="body3" frame="2" z_index="1" m_a="0.905473" m_b="0.000000" m_c="0.000000" m_d="0.905473" m_tx="0.000000" m_ty="0.000000"/>
  </frame>
  <frame idx="975" w="148" h="202" x="5.182640" y="-43.811867">
   <element name="stone" layername="stonenew" frame="6" z_index="6" m_a="0.996418" m_b="-0.084560" m_c="0.084560" m_d="0.996418" m_tx="0.000000" m_ty="0.000000"/>
   <element name="stone" layername="deco2" frame="5" z_index="5" m_a="0.996418" m_b="-0.084560" m_c="0.084560" m_d="0.996418" m_tx="0.000000" m_ty="0.000000"/>
   <element name="stone" layername="deco" frame="4" z_index="4" m_a="0.996418" m_b="-0.084560" m_c="0.084560" m_d="0.996418" m_tx="0.000000" m_ty="0.000000"/>
   <element name="stone" layername="bod" frame="1" z_index="2" m_a="1.000000" m_b="0.000000" m_c="0.000000" m_d="1.000000" m_tx="0.000000" m_ty="0.000000"/>
   <element name="stone" layername="body2" frame="3" z_index="3" m_a="1.000000" m_b="0.000000" m_c="0.000000" m_d="1.000000" m_tx="0.000000" m_ty="0.000000"/>
   <element name="stone" layername="body3" frame="2" z_index="1" m_a="0.902985" m_b="0.000000" m_c="0.000000" m_d="0.902985" m_tx="0.000000" m_ty="0.000000"/>
  </frame>
  <frame idx="1000" w="148" h="203" x="5.309158" y="-43.950287">
   <element name="stone" layername="stonenew" frame="6" z_index="6" m_a="0.996232" m_b="-0.086723" m_c="0.086723" m_d="0.996232" m_tx="0.000000" m_ty="0.000000"/>
   <element name="stone" layername="deco2" frame="5" z_index="5" m_a="0.996232" m_b="-0.086723" m_c="0.086723" m_d="0.996232" m_tx="0.000000" m_ty="0.000000"/>
   <element name="stone" layername="deco" frame="4" z_index="4" m_a="0.996232" m_b="-0.086723" m_c="0.086723" m_d="0.996232" m_tx="0.000000" m_ty="0.000000"/>
   <element name="stone" layername="bod" frame="1" z_index="2" m_a="1.000000" m_b="0.000000" m_c="0.000000" m_d="1.000000" m_tx="0.000000" m_ty="0.000000"/>
   <element name="stone" layername="body2" frame="3" z_index="3" m_a="1.000000" m_b="0.000000" m_c="0.000000" m_d="1.000000" m_tx="0.000000" m_ty="0.000000"/>
   <element name="stone" layername="body3" frame="2" z_index="1" m_a="0.900497" m_b="0.000000" m_c="0.000000" m_d="0.900497" m_tx="0.000000" m_ty="0.000000"/>
  </frame>
  <frame idx="1025" w="148" h="202" x="5.232269" y="-43.866127">
   <element name="stone" layername="stonenew" frame="6" z_index="6" m_a="0.996346" m_b="-0.085408" m_c="0.085408" m_d="0.996346" m_tx="0.000000" m_ty="0.000000"/>
   <element name="stone" layername="deco2" frame="5" z_index="5" m_a="0.996346" m_b="-0.085408" m_c="0.085408" m_d="0.996346" m_tx="0.000000" m_ty="0.000000"/>
   <element name="stone" layername="deco" frame="4" z_index="4" m_a="0.996346" m_b="-0.085408" m_c="0.085408" m_d="0.996346" m_tx="0.000000" m_ty="0.000000"/>
   <element name="stone" layername="bod" frame="1" z_index="2" m_a="1.000000" m_b="0.000000" m_c="0.000000" m_d="1.000000" m_tx="0.000000" m_ty="0.000000"/>
   <element name="stone" layername="body2" frame="3" z_index="3" m_a="1.000000" m_b="0.000000" m_c="0.000000" m_d="1.000000" m_tx="0.000000" m_ty="0.000000"/>
   <element name="stone" layername="body3" frame="2" z_index="1" m_a="0.902010" m_b="0.000000" m_c="0.000000" m_d="0.902010" m_tx="0.000000" m_ty="0.000000"/>
  </frame>
  <frame idx="1050" w="148" h="202" x="5.104271" y="-43.726303">
   <element name="stone" layername="stonenew" frame="6" z_index="6" m_a="0.996531" m_b="-0.083223" m_c="0.083223" m_d="0.996531" m_tx="0.000000" m_ty="0.000000"/>
   <element name="stone" layername="deco2" frame="5" z_index="5" m_a="0.996531" m_b="-0.083223" m_c="0.083223" m_d="0.996531" m_tx="0.000000" m_ty="0.000000"/>
   <element name="stone" layername="deco" frame="4" z_index="4" m_a="0.996531" m_b="-0.083223" m_c="0.083223" m_d="0.996531" m_tx="0.000000" m_ty="0.000000"/>
   <element name="stone" layername="bod" frame="1" z_index="2" m_a="1.000000" m_b="0.000000" m_c="0.000000" m_d="1.000000" m_tx="0.000000" m_ty="0.000000"/>
   <element name="stone" layername="body2" frame="3" z_index="3" m_a="1.000000" m_b="0.000000" m_c="0.000000" m_d="1.000000" m_tx="0.000000" m_ty="0.000000"/>
   <element name="stone" layername="body3" frame="2" z_index="1" m_a="0.904523" m_b="0.000000" m_c="0.000000" m_d="0.904523" m_tx="0.000000" m_ty="0.000000"/>
  </frame>
  <frame idx="1075" w="147" h="201" x="4.975952" y="-43.586441">
   <element name="stone" layername="stonenew" frame="6" z_index="6" m_a="0.996711" m_b="-0.081038" m_c="0.081038" m_d="0.996711" m_tx="0.000000" m_ty="0.000000"/>
   <element name="stone" layername="deco2" frame="5" z_index="5" m_a="0.996711" m_b="-0.081038" m_c="0.081038" m_d="0.996711" m_tx="0.000000" m_ty="0.000000"/>
   <element name="stone" layername="deco" frame="4" z_index="4" m_a="0.996711" m_b="-0.081038" m_c="0.081038" m_d="0.996711" m_tx="0.000000" m_ty="0.000000"/>
   <element name="stone" layername="bod" frame="1" z_index="2" m_a="1.000000" m_b="0.000000" m_c="0.000000" m_d="1.000000" m_tx="0.000000" m_ty="0.000000"/>
   <element name="stone" layername="body2" frame="3" z_index="3" m_a="1.000000" m_b="0.000000" m_c="0.000000" m_d="1.000000" m_tx="0.000000" m_ty="0.000000"/>
   <element name="stone" layername="body3" frame="2" z_index="1" m_a="0.907035" m_b="0.000000" m_c="0.000000" m_d="0.907035" m_tx="0.000000" m_ty="0.000000"/>
  </frame>
  <frame idx="1100" w="147" h="201" x="4.847290" y="-43.446564">
   <element name="stone" layername="stonenew" frame="6" z_index="6" m_a="0.996886" m_b="-0.078853" m_c="0.078853" m_d="0.996886" m_tx="0.000000" m_ty="0.000000"/>
   <element name="stone" layername="deco2" frame="5" z_index="5" m_a="0.996886" m_b="-0.078853" m_c="0.078853" m_d="0.996886" m_tx="0.000000" m_ty="0.000000"/>
   <element name="stone" layername="deco" frame="4" z_index="4" m_a="0.996886" m_b="-0.078853" m_c="0.078853" m_d="0.996886" m_tx="0.000000" m_ty="0.000000"/>
   <element name="stone" layername="bod" frame="1" z_index="2" m_a="1.000000" m_b="0.000000" m_c="0.000000" m_d="1.000000" m_tx="0.000000" m_ty="0.000000"/>
   <element name="stone" layername="body2" frame="3" z_index="3" m_a="1.000000" m_b="0.000000" m_c="0.000000" m_d="1.000000" m_tx="0.000000" m_ty="0.000000"/>
   <element name="stone" layername="body3" frame="2" z_index="1" m_a="0.909548" m_b="0.000000" m_c="0.000000" m_d="0.909548" m_tx="0.000000" m_ty="0.000000"/>
  </frame>
  <frame idx="1125" w="147" h="201" x="4.718292" y="-43.306656">
   <element name="stone" layername="stonenew" frame="6" z_index="6" m_a="0.997057" m_b="-0.076667" m_c="0.076667" m_d="0.997057" m_tx="0.000000" m_ty="0.000000"/>
   <element name="stone" layername="deco2" frame="5" z_index="5" m_a="0.997057" m_b="-0.076667" m_c="0.076667" m_d="0.997057" m_tx="0.000000" m_ty="0.000000"/>
   <element name="stone" layername="deco" frame="4" z_index="4" m_a="0.997057" m_b="-0.076667" m_c="0.076667" m_d="0.997057" m_tx="0.000000" m_ty="0.000000"/>
   <element name="stone" layername="bod" frame="1" z_index="2" m_a="1.000000" m_b="0.000000" m_c="0.000000" m_d="1.000000" m_tx="0.000000" m_ty="0.000000"/>
   <element name="stone" layername="body2" frame="3" z_index="3" m_a="1.000000" m_b="0.000000" m_c="0.000000" m_d="1.000000" m_tx="0.000000" m_ty="0.000000"/>
   <element name="stone" layername="body3" frame="2" z_index="1" m_a="0.912060" m_b="0.000000" m_c="0.000000" m_d="0.912060" m_tx="0.000000" m_ty="0.000000"/>
  </frame>
  <frame idx="1150" w="147" h="200" x="4.588974" y="-43.166733">
   <element name="stone" layername="stonenew" frame="6" z_index="6" m_a="0.997222" m_b="-0.074480" m_c="0.074480" m_d="0.997222" m_tx="0.000000" m_ty="0.000000"/>
   <element name="stone" layername="deco2" frame="5" z_index="5" m_a="0.997222" m_b="-0.074480" m_c="0.074480" m_d="0.997222" m_tx="0.000000" m_ty="0.000000"/>
   <element name="stone" layername="deco" frame="4" z_index="4" m_a="0.997222" m_b="-0.074480" m_c="0.074480" m_d="0.997222" m_tx="0.000000" m_ty="0.000000"/>
   <element name="stone" layername="bod" frame="1" z_index="2" m_a="1.000000" m_b="0.000000" m_c="0.000000" m_d="1.000000" m_tx="0.000000" m_ty="0.000000"/>
   <element name="stone" layername="body2" frame="3" z_index="3" m_a="1.000000" m_b="0.000000" m_c="0.000000" m_d="1.000000" m_tx="0.000000" m_ty="0.000000"/>
   <element name="stone" layername="body3" frame="2" z_index="1" m_a="0.914573" m_b="0.000000" m_c="0.000000" m_d="0.914573" m_tx="0.000000" m_ty="0.000000"/>
  </frame>
  <frame idx="1175" w="147" h="200" x="4.459320" y="-43.026787">
   <element name="stone" layername="stonenew" frame="6" z_index="6" m_a="0.997383" m_b="-0.072293" m_c="0.072293" m_d="0.997383" m_tx="0.000000" m_ty="0.000000"/>
   <element name="stone" layername="deco2" frame="5" z_index="5" m_a="0.997383" m_b="-0.072293" m_c="0.072293" m_d="0.997383" m_tx="0.000000" m_ty="0.000000"/>
   <element name="stone" layername="deco" frame="4" z_index="4" m_a="0.997383" m_b="-0.072293" m_c="0.072293" m_d="0.997383" m_tx="0.000000" m_ty="0.000000"/>
   <element name="stone" layername="bod" frame="1" z_index="2" m_a="1.000000" m_b="0.000000" m_c="0.000000" m_d="1.000000" m_tx="0.000000" m_ty="0.000000"/>
   <element name="stone" layername="body2" frame="3" z_index="3" m_a="1.000000" m_b="0.000000" m_c="0.000000" m_d="1.000000" m_tx="0.000000" m_ty="0.000000"/>
   <element name="stone" layername="body3" frame="2" z_index="1" m_a="0.917085" m_b="0.000000" m_c="0.000000" m_d="0.917085" m_tx="0.000000" m_ty="0.000000"/>
  </frame>
  <frame idx="1200" w="147" h="198" x="4.329346" y="-42.886810">
   <element name="stone" layername="stonenew" frame="6" z_index="6" m_a="0.997540" m_b="-0.070106" m_c="0.070106" m_d="0.997540" m_tx="0.000000" m_ty="0.000000"/>
   <element name="stone" layername="deco2" frame="5" z_index="5" m_a="0.997540" m_b="-0.070106" m_c="0.070106" m_d="0.997540" m_tx="0.000000" m_ty="0.000000"/>
   <element name="stone" layername="deco" frame="4" z_index="4" m_a="0.997540" m_b="-0.070106" m_c="0.070106" m_d="0.997540" m_tx="0.000000" m_ty="0.000000"/>
   <element name="stone" layername="bod" frame="1" z_index="2" m_a="1.000000" m_b="0.000000" m_c="0.000000" m_d="1.000000" m_tx="0.000000" m_ty="0.000000"/>
   <element name="stone" layername="body2" frame="3" z_index="3" m_a="1.000000" m_b="0.000000" m_c="0.000000" m_d="1.000000" m_tx="0.000000" m_ty="0.000000"/>
   <element name="stone" layername="body3" frame="2" z_index="1" m_a="0.919598" m_b="0.000000" m_c="0.000000" m_d="0.919598" m_tx="0.000000" m_ty="0.000000"/>
  </frame>
  <frame idx="1225" w="147" h="198" x="4.199036" y="-42.746819">
   <element name="stone" layername="stonenew" frame="6" z_index="6" m_a="0.997691" m_b="-0.067919" m_c="0.067919" m_d="0.997691" m_tx="0.000000" m_ty="0.000000"/>
   <element name="stone" layername="deco2" frame="5" z_index="5" m_a="0.997691" m_b="-0.067919" m_c="0.067919" m_d="0.997691" m_tx="0.000000" m_ty="0.000000"/>
   <element name="stone" layername="deco" frame="4" z_index="4" m_a="0.997691" m_b="-0.067919" m_c="0.067919" m_d="0.997691" m_tx="0.000000" m_ty="0.000000"/>
   <element name="stone" layername="bod" frame="1" z_index="2" m_a="1.000000" m_b="0.000000" m_c="0.000000" m_d="1.000000" m_tx="0.000000" m_ty="0.000000"/>
   <element name="stone" layername="body2" frame="3" z_index="3" m_a="1.000000" m_b="0.000000" m_c="0.000000" m_d="1.000000" m_tx="0.000000" m_ty="0.000000"/>
   <element name="stone" layername="body3" frame="2" z_index="1" m_a="0.922111" m_b="0.000000" m_c="0.000000" m_d="0.922111" m_tx="0.000000" m_ty="0.000000"/>
  </frame>
  <frame idx="1250" w="147" h="198" x="4.068398" y="-42.606812">
   <element name="stone" layername="stonenew" frame="6" z_index="6" m_a="0.997837" m_b="-0.065731" m_c="0.065731" m_d="0.997837" m_tx="0.000000" m_ty="0.000000"/>
   <element name="stone" layername="deco2" frame="5" z_index="5" m_a="0.997837" m_b="-0.065731" m_c="0.065731" m_d="0.997837" m_tx="0.000000" m_ty="0.000000"/>
   <element name="stone" layername="deco" frame="4" z_index="4" m_a="0.997837" m_b="-0.065731" m_c="0.065731" m_d="0.997837" m_tx="0.000000" m_ty="0.000000"/>
   <element name="stone" layername="bod" frame="1" z_index="2" m_a="1.000000" m_b="0.000000" m_c="0.000000" m_d="1.000000" m_tx="0.000000" m_ty="0.000000"/>
   <element name="stone" layername="body2" frame="3" z_index="3" m_a="1.000000" m_b="0.000000" m_c="0.000000" m_d="1.000000" m_tx="0.000000" m_ty="0.000000"/>
   <element name="stone" layername="body3" frame="2" z_index="1" m_a="0.924623" m_b="0.000000" m_c="0.000000" m_d="0.924623" m_tx="0.000000" m_ty="0.000000"/>
  </frame>
  <frame idx="1275" w="146" h="197" x="3.937431" y="-42.466766">
   <element name="stone" layername="stonenew" frame="6" z_index="6" m_a="0.997979" m_b="-0.063543" m_c="0.063543" m_d="0.997979" m_tx="0.000000" m_ty="0.000000"/>
   <element name="stone" layername="deco2" frame="5" z_index="5" m_a="0.997979" m_b="-0.063543" m_c="0.063543" m_d="0.997979" m_tx="0.000000" m_ty="0.000000"/>
   <element name="stone" layername="deco" frame="4" z_index="4" m_a="0.997979" m_b="-0.063543" m_c="0.063543" m_d="0.997979" m_tx="0.000000" m_ty="0.000000"/>
   <element name="stone" layername="bod" frame="1" z_index="2" m_a="1.000000" m_b="0.000000" m_c="0.000000" m_d="1.000000" m_tx="0.000000" m_ty="0.000000"/>
   <element name="stone" layername="body2" frame="3" z_index="3" m_a="1.000000" m_b="0.000000" m_c="0.000000" m_d="1.000000" m_tx="0.000000" m_ty="0.000000"/>
   <element name="stone" layername="body3" frame="2" z_index="1" m_a="0.927136" m_b="0.000000" m_c="0.000000" m_d="0.927136" m_tx="0.000000" m_ty="0.000000"/>
  </frame>
  <frame idx="1300" w="146" h="197" x="3.806137" y="-42.326721">
   <element name="stone" layername="stonenew" frame="6" z_index="6" m_a="0.998116" m_b="-0.061355" m_c="0.061355" m_d="0.998116" m_tx="0.000000" m_ty="0.000000"/>
   <element name="stone" layername="deco2" frame="5" z_index="5" m_a="0.998116" m_b="-0.061355" m_c="0.061355" m_d="0.998116" m_tx="0.000000" m_ty="0.000000"/>
   <element name="stone" layername="deco" frame="4" z_index="4" m_a="0.998116" m_b="-0.061355" m_c="0.061355" m_d="0.998116" m_tx="0.000000" m_ty="0.000000"/>
   <element name="stone" layername="bod" frame="1" z_index="2" m_a="1.000000" m_b="0.000000" m_c="0.000000" m_d="1.000000" m_tx="0.000000" m_ty="0.000000"/>
   <element name="stone" layername="body2" frame="3" z_index="3" m_a="1.000000" m_b="0.000000" m_c="0.000000" m_d="1.000000" m_tx="0.000000" m_ty="0.000000"/>
   <element name="stone" layername="body3" frame="2" z_index="1" m_a="0.929648" m_b="0.000000" m_c="0.000000" m_d="0.929648" m_tx="0.000000" m_ty="0.000000"/>
  </frame>
  <frame idx="1325" w="146" h="196" x="3.674530" y="-42.186646">
   <element name="stone" layername="stonenew" frame="6" z_index="6" m_a="0.998248" m_b="-0.059166" m_c="0.059166" m_d="0.998248" m_tx="0.000000" m_ty="0.000000"/>
   <element name="stone" layername="deco2" frame="5" z_index="5" m_a="0.998248" m_b="-0.059166" m_c="0.059166" m_d="0.998248" m_tx="0.000000" m_ty="0.000000"/>
   <element name="stone" layername="deco" frame="4" z_index="4" m_a="0.998248" m_b="-0.059166" m_c="0.059166" m_d="0.998248" m_tx="0.000000" m_ty="0.000000"/>
   <element name="stone" layername="bod" frame="1" z_index="2" m_a="1.000000" m_b="0.000000" m_c="0.000000" m_d="1.000000" m_tx="0.000000" m_ty="0.000000"/>
   <element name="stone" layername="body2" frame="3" z_index="3" m_a="1.000000" m_b="0.000000" m_c="0.000000" m_d="1.000000" m_tx="0.000000" m_ty="0.000000"/>
   <element name="stone" layername="body3" frame="2" z_index="1" m_a="0.932161" m_b="0.000000" m_c="0.000000" m_d="0.932161" m_tx="0.000000" m_ty="0.000000"/>
  </frame>
  <frame idx="1350" w="146" h="196" x="3.542587" y="-42.046555">
   <element name="stone" layername="stonenew" frame="6" z_index="6" m_a="0.998375" m_b="-0.056977" m_c="0.056977" m_d="0.998375" m_tx="0.000000" m_ty="0.000000"/>
   <element name="stone" layername="deco2" frame="5" z_index="5" m_a="0.998375" m_b="-0.056977" m_c="0.056977" m_d="0.998375" m_tx="0.000000" m_ty="0.000000"/>
   <element name="stone" layername="deco" frame="4" z_index="4" m_a="0.998375" m_b="-0.056977" m_c="0.056977" m_d="0.998375" m_tx="0.000000" m_ty="0.000000"/>
   <element name="stone" layername="bod" frame="1" z_index="2" m_a="1.000000" m_b="0.000000" m_c="0.000000" m_d="1.000000" m_tx="0.000000" m_ty="0.000000"/>
   <element name="stone" layername="body2" frame="3" z_index="3" m_a="1.000000" m_b="0.000000" m_c="0.000000" m_d="1.000000" m_tx="0.000000" m_ty="0.000000"/>
   <element name="stone" layername="body3" frame="2" z_index="1" m_a="0.934673" m_b="0.000000" m_c="0.000000" m_d="0.934673" m_tx="0.000000" m_ty="0.000000"/>
  </frame>
  <frame idx="1375" w="146" h="195" x="3.410316" y="-41.906448">
   <element name="stone" layername="stonenew" frame="6" z_index="6" m_a="0.998498" m_b="-0.054788" m_c="0.054788" m_d="0.998498" m_tx="0.000000" m_ty="0.000000"/>
   <element name="stone" layername="deco2" frame="5" z_index="5" m_a="0.998498" m_b="-0.054788" m_c="0.054788" m_d="0.998498" m_tx="0.000000" m_ty="0.000000"/>
   <element name="stone" layername="deco" frame="4" z_index="4" m_a="0.998498" m_b="-0.054788" m_c="0.054788" m_d="0.998498" m_tx="0.000000" m_ty="0.000000"/>
   <element name="stone" layername="bod" frame="1" z_index="2" m_a="1.000000" m_b="0.000000" m_c="0.000000" m_d="1.000000" m_tx="0.000000" m_ty="0.000000"/>
   <element name="stone" layername="body2" frame="3" z_index="3" m_a="1.000000" m_b="0.000000" m_c="0.000000" m_d="1.000000" m_tx="0.000000" m_ty="0.000000"/>
   <element name="stone" layername="body3" frame="2" z_index="1" m_a="0.937186" m_b="0.000000" m_c="0.000000" m_d="0.937186" m_tx="0.000000" m_ty="0.000000"/>
  </frame>
  <frame idx="1400" w="146" h="195" x="3.277725" y="-41.766319">
   <element name="stone" layername="stonenew" frame="6" z_index="6" m_a="0.998616" m_b="-0.052599" m_c="0.052599" m_d="0.998616" m_tx="0.000000" m_ty="0.000000"/>
   <element name="stone" layername="deco2" frame="5" z_index="5" m_a="0.998616" m_b="-0.052599" m_c="0.052599" m_d="0.998616" m_tx="0.000000" m_ty="0.000000"/>
   <element name="stone" layername="deco" frame="4" z_index="4" m_a="0.998616" m_b="-0.052599" m_c="0.052599" m_d="0.998616" m_tx="0.000000" m_ty="0.000000"/>
   <element name="stone" layername="bod" frame="1" z_index="2" m_a="1.000000" m_b="0.000000" m_c="0.000000" m_d="1.000000" m_tx="0.000000" m_ty="0.000000"/>
   <element name="stone" layername="body2" frame="3" z_index="3" m_a="1.000000" m_b="0.000000" m_c="0.000000" m_d="1.000000" m_tx="0.000000" m_ty="0.000000"/>
   <element name="stone" layername="body3" frame="2" z_index="1" m_a="0.939698" m_b="0.000000" m_c="0.000000" m_d="0.939698" m_tx="0.000000" m_ty="0.000000"/>
  </frame>
  <frame idx="1425" w="146" h="195" x="3.144806" y="-41.626175">
   <element name="stone" layername="stonenew" frame="6" z_index="6" m_a="0.998729" m_b="-0.050409" m_c="0.050409" m_d="0.998729" m_tx="0.000000" m_ty="0.000000"/>
   <element name="stone" layername="deco2" frame="5" z_index="5" m_a="0.998729" m_b="-0.050409" m_c="0.050409" m_d="0.998729" m_tx="0.000000" m_ty="0.000000"/>
   <element name="stone" layername="deco" frame="4" z_index="4" m_a="0.998729" m_b="-0.050409" m_c="0.050409" m_d="0.998729" m_tx="0.000000" m_ty="0.000000"/>
   <element name="stone" layername="bod" frame="1" z_index="2" m_a="1.000000" m_b="0.000000" m_c="0.000000" m_d="1.000000" m_tx="0.000000" m_ty="0.000000"/>
   <element name="stone" layername="body2" frame="3" z_index="3" m_a="1.000000" m_b="0.000000" m_c="0.000000" m_d="1.000000" m_tx="0.000000" m_ty="0.000000"/>
   <element name="stone" layername="body3" frame="2" z_index="1" m_a="0.942211" m_b="0.000000" m_c="0.000000" m_d="0.942211" m_tx="0.000000" m_ty="0.000000"/>
  </frame>
  <frame idx="1450" w="146" h="194" x="3.011566" y="-41.486023">
   <element name="stone" layername="stonenew" frame="6" z_index="6" m_a="0.998837" m_b="-0.048219" m_c="0.048219" m_d="0.998837" m_tx="0.000000" m_ty="0.000000"/>
   <element name="stone" layername="deco2" frame="5" z_index="5" m_a="0.998837" m_b="-0.048219" m_c="0.048219" m_d="0.998837" m_tx="0.000000" m_ty="0.000000"/>
   <element name="stone" layername="deco" frame="4" z_index="4" m_a="0.998837" m_b="-0.048219" m_c="0.048219" m_d="0.998837" m_tx="0.000000" m_ty="0.000000"/>
   <element name="stone" layername="bod" frame="1" z_index="2" m_a="1.000000" m_b="0.000000" m_c="0.000000" m_d="1.000000" m_tx="0.000000" m_ty="0.000000"/>
   <element name="stone" layername="body2" frame="3" z_index="3" m_a="1.000000" m_b="0.000000" m_c="0.000000" m_d="1.000000" m_tx="0.000000" m_ty="0.000000"/>
   <element name="stone" layername="body3" frame="2" z_index="1" m_a="0.944724" m_b="0.000000" m_c="0.000000" m_d="0.944724" m_tx="0.000000" m_ty="0.000000"/>
  </frame>
  <frame idx="1475" w="145" h="194" x="2.878014" y="-41.345848">
   <element name="stone" layername="stonenew" frame="6" z_index="6" m_a="0.998940" m_b="-0.046029" m_c="0.046029" m_d="0.998940" m_tx="0.000000" m_ty="0.000000"/>
   <element name="stone" layername="deco2" frame="5" z_index="5" m_a="0.998940" m_b="-0.046029" m_c="0.046029" m_d="0.998940" m_tx="0.000000" m_ty="0.000000"/>
   <element name="stone" layername="deco" frame="4" z_index="4" m_a="0.998940" m_b="-0.046029" m_c="0.046029" m_d="0.998940" m_tx="0.000000" m_ty="0.000000"/>
   <element name="stone" layername="bod" frame="1" z_index="2" m_a="1.000000" m_b="0.000000" m_c="0.000000" m_d="1.000000" m_tx="0.000000" m_ty="0.000000"/>
   <element name="stone" layername="body2" frame="3" z_index="3" m_a="1.000000" m_b="0.000000" m_c="0.000000" m_d="1.000000" m_tx="0.000000" m_ty="0.000000"/>
   <element name="stone" layername="body3" frame="2" z_index="1" m_a="0.947236" m_b="0.000000" m_c="0.000000" m_d="0.947236" m_tx="0.000000" m_ty="0.000000"/>
  </frame>
  <frame idx="1500" w="145" h="193" x="2.744133" y="-41.205658">
   <element name="stone" layername="stonenew" frame="6" z_index="6" m_a="0.999039" m_b="-0.043838" m_c="0.043838" m_d="0.999039" m_tx="0.000000" m_ty="0.000000"/>
   <element name="stone" layername="deco2" frame="5" z_index="5" m_a="0.999039" m_b="-0.043838" m_c="0.043838" m_d="0.999039" m_tx="0.000000" m_ty="0.000000"/>
   <element name="stone" layername="deco" frame="4" z_index="4" m_a="0.999039" m_b="-0.043838" m_c="0.043838" m_d="0.999039" m_tx="0.000000" m_ty="0.000000"/>
   <element name="stone" layername="bod" frame="1" z_index="2" m_a="1.000000" m_b="0.000000" m_c="0.000000" m_d="1.000000" m_tx="0.000000" m_ty="0.000000"/>
   <element name="stone" layername="body2" frame="3" z_index="3" m_a="1.000000" m_b="0.000000" m_c="0.000000" m_d="1.000000" m_tx="0.000000" m_ty="0.000000"/>
   <element name="stone" layername="body3" frame="2" z_index="1" m_a="0.949749" m_b="0.000000" m_c="0.000000" m_d="0.949749" m_tx="0.000000" m_ty="0.000000"/>
  </frame>
  <frame idx="1525" w="145" h="193" x="2.609932" y="-41.065460">
   <element name="stone" layername="stonenew" frame="6" z_index="6" m_a="0.999132" m_b="-0.041648" m_c="0.041648" m_d="0.999132" m_tx="0.000000" m_ty="0.000000"/>
   <element name="stone" layername="deco2" frame="5" z_index="5" m_a="0.999132" m_b="-0.041648" m_c="0.041648" m_d="0.999132" m_tx="0.000000" m_ty="0.000000"/>
   <element name="stone" layername="deco" frame="4" z_index="4" m_a="0.999132" m_b="-0.041648" m_c="0.041648" m_d="0.999132" m_tx="0.000000" m_ty="0.000000"/>
   <element name="stone" layername="bod" frame="1" z_index="2" m_a="1.000000" m_b="0.000000" m_c="0.000000" m_d="1.000000" m_tx="0.000000" m_ty="0.000000"/>
   <element name="stone" layername="body2" frame="3" z_index="3" m_a="1.000000" m_b="0.000000" m_c="0.000000" m_d="1.000000" m_tx="0.000000" m_ty="0.000000"/>
   <element name="stone" layername="body3" frame="2" z_index="1" m_a="0.952261" m_b="0.000000" m_c="0.000000" m_d="0.952261" m_tx="0.000000" m_ty="0.000000"/>
  </frame>
  <frame idx="1550" w="145" h="192" x="2.475410" y="-40.925247">
   <element name="stone" layername="stonenew" frame="6" z_index="6" m_a="0.999221" m_b="-0.039457" m_c="0.039457" m_d="0.999221" m_tx="0.000000" m_ty="0.000000"/>
   <element name="stone" layername="deco2" frame="5" z_index="5" m_a="0.999221" m_b="-0.039457" m_c="0.039457" m_d="0.999221" m_tx="0.000000" m_ty="0.000000"/>
   <element name="stone" layername="deco" frame="4" z_index="4" m_a="0.999221" m_b="-0.039457" m_c="0.039457" m_d="0.999221" m_tx="0.000000" m_ty="0.000000"/>
   <element name="stone" layername="bod" frame="1" z_index="2" m_a="1.000000" m_b="0.000000" m_c="0.000000" m_d="1.000000" m_tx="0.000000" m_ty="0.000000"/>
   <element name="stone" layername="body2" frame="3" z_index="3" m_a="1.000000" m_b="0.000000" m_c="0.000000" m_d="1.000000" m_tx="0.000000" m_ty="0.000000"/>
   <element name="stone" layername="body3" frame="2" z_index="1" m_a="0.954774" m_b="0.000000" m_c="0.000000" m_d="0.954774" m_tx="0.000000" m_ty="0.000000"/>
  </frame>
  <frame idx="1575" w="145" h="192" x="2.340569" y="-40.785027">
   <element name="stone" layername="stonenew" frame="6" z_index="6" m_a="0.999305" m_b="-0.037266" m_c="0.037266" m_d="0.999305" m_tx="0.000000" m_ty="0.000000"/>
   <element name="stone" layername="deco2" frame="5" z_index="5" m_a="0.999305" m_b="-0.037266" m_c="0.037266" m_d="0.999305" m_tx="0.000000" m_ty="0.000000"/>
   <element name="stone" layername="deco" frame="4" z_index="4" m_a="0.999305" m_b="-0.037266" m_c="0.037266" m_d="0.999305" m_tx="0.000000" m_ty="0.000000"/>
   <element name="stone" layername="bod" frame="1" z_index="2" m_a="1.000000" m_b="0.000000" m_c="0.000000" m_d="1.000000" m_tx="0.000000" m_ty="0.000000"/>
   <element name="stone" layername="body2" frame="3" z_index="3" m_a="1.000000" m_b="0.000000" m_c="0.000000" m_d="1.000000" m_tx="0.000000" m_ty="0.000000"/>
   <element name="stone" layername="body3" frame="2" z_index="1" m_a="0.957286" m_b="0.000000" m_c="0.000000" m_d="0.957286" m_tx="0.000000" m_ty="0.000000"/>
  </frame>
  <frame idx="1600" w="145" h="192" x="2.205406" y="-40.644791">
   <element name="stone" layername="stonenew" frame="6" z_index="6" m_a="0.999385" m_b="-0.035075" m_c="0.035075" m_d="0.999385" m_tx="0.000000" m_ty="0.000000"/>
   <element name="stone" layername="deco2" frame="5" z_index="5" m_a="0.999385" m_b="-0.035075" m_c="0.035075" m_d="0.999385" m_tx="0.000000" m_ty="0.000000"/>
   <element name="stone" layername="deco" frame="4" z_index="4" m_a="0.999385" m_b="-0.035075" m_c="0.035075" m_d="0.999385" m_tx="0.000000" m_ty="0.000000"/>
   <element name="stone" layername="bod" frame="1" z_index="2" m_a="1.000000" m_b="0.000000" m_c="0.000000" m_d="1.000000" m_tx="0.000000" m_ty="0.000000"/>
   <element name="stone" layername="body2" frame="3" z_index="3" m_a="1.000000" m_b="0.000000" m_c="0.000000" m_d="1.000000" m_tx="0.000000" m_ty="0.000000"/>
   <element name="stone" layername="body3" frame="2" z_index="1" m_a="0.959799" m_b="0.000000" m_c="0.000000" m_d="0.959799" m_tx="0.000000" m_ty="0.000000"/>
  </frame>
  <frame idx="1625" w="145" h="191" x="2.069931" y="-40.504547">
   <element name="stone" layername="stonenew" frame="6" z_index="6" m_a="0.999459" m_b="-0.032883" m_c="0.032883" m_d="0.999459" m_tx="0.000000" m_ty="0.000000"/>
   <element name="stone" layername="deco2" frame="5" z_index="5" m_a="0.999459" m_b="-0.032883" m_c="0.032883" m_d="0.999459" m_tx="0.000000" m_ty="0.000000"/>
   <element name="stone" layername="deco" frame="4" z_index="4" m_a="0.999459" m_b="-0.032883" m_c="0.032883" m_d="0.999459" m_tx="0.000000" m_ty="0.000000"/>
   <element name="stone" layername="bod" frame="1" z_index="2" m_a="1.000000" m_b="0.000000" m_c="0.000000" m_d="1.000000" m_tx="0.000000" m_ty="0.000000"/>
   <element name="stone" layername="body2" frame="3" z_index="3" m_a="1.000000" m_b="0.000000" m_c="0.000000" m_d="1.000000" m_tx="0.000000" m_ty="0.000000"/>
   <element name="stone" layername="body3" frame="2" z_index="1" m_a="0.962312" m_b="0.000000" m_c="0.000000" m_d="0.962312" m_tx="0.000000" m_ty="0.000000"/>
  </frame>
  <frame idx="1650" w="143" h="191" x="1.934128" y="-40.364288">
   <element name="stone" layername="stonenew" frame="6" z_index="6" m_a="0.999529" m_b="-0.030692" m_c="0.030692" m_d="0.999529" m_tx="0.000000" m_ty="0.000000"/>
   <element name="stone" layername="deco2" frame="5" z_index="5" m_a="0.999529" m_b="-0.030692" m_c="0.030692" m_d="0.999529" m_tx="0.000000" m_ty="0.000000"/>
   <element name="stone" layername="deco" frame="4" z_index="4" m_a="0.999529" m_b="-0.030692" m_c="0.030692" m_d="0.999529" m_tx="0.000000" m_ty="0.000000"/>
   <element name="stone" layername="bod" frame="1" z_index="2" m_a="1.000000" m_b="0.000000" m_c="0.000000" m_d="1.000000" m_tx="0.000000" m_ty="0.000000"/>
   <element name="stone" layername="body2" frame="3" z_index="3" m_a="1.000000" m_b="0.000000" m_c="0.000000" m_d="1.000000" m_tx="0.000000" m_ty="0.000000"/>
   <element name="stone" layername="body3" frame="2" z_index="1" m_a="0.964824" m_b="0.000000" m_c="0.000000" m_d="0.964824" m_tx="0.000000" m_ty="0.000000"/>
  </frame>
  <frame idx="1675" w="143" h="190" x="1.798019" y="-40.224014">
   <element name="stone" layername="stonenew" frame="6" z_index="6" m_a="0.999594" m_b="-0.028500" m_c="0.028500" m_d="0.999594" m_tx="0.000000" m_ty="0.000000"/>
   <element name="stone" layername="deco2" frame="5" z_index="5" m_a="0.999594" m_b="-0.028500" m_c="0.028500" m_d="0.999594" m_tx="0.000000" m_ty="0.000000"/>
   <element name="stone" layername="deco" frame="4" z_index="4" m_a="0.999594" m_b="-0.028500" m_c="0.028500" m_d="0.999594" m_tx="0.000000" m_ty="0.000000"/>
   <element name="stone" layername="bod" frame="1" z_index="2" m_a="1.000000" m_b="0.000000" m_c="0.000000" m_d="1.000000" m_tx="0.000000" m_ty="0.000000"/>
   <element name="stone" layername="body2" frame="3" z_index="3" m_a="1.000000" m_b="0.000000" m_c="0.000000" m_d="1.000000" m_tx="0.000000" m_ty="0.000000"/>
   <element name="stone" layername="body3" frame="2" z_index="1" m_a="0.967337" m_b="0.000000" m_c="0.000000" m_d="0.967337" m_tx="0.000000" m_ty="0.000000"/>
  </frame>
  <frame idx="1700" w="143" h="190" x="1.661591" y="-40.083740">
   <element name="stone" layername="stonenew" frame="6" z_index="6" m_a="0.999654" m_b="-0.026308" m_c="0.026308" m_d="0.999654" m_tx="0.000000" m_ty="0.000000"/>
   <element name="stone" layername="deco2" frame="5" z_index="5" m_a="0.999654" m_b="-0.026308" m_c="0.026308" m_d="0.999654" m_tx="0.000000" m_ty="0.000000"/>
   <element name="stone" layername="deco" frame="4" z_index="4" m_a="0.999654" m_b="-0.026308" m_c="0.026308" m_d="0.999654" m_tx="0.000000" m_ty="0.000000"/>
   <element name="stone" layername="bod" frame="1" z_index="2" m_a="1.000000" m_b="0.000000" m_c="0.000000" m_d="1.000000" m_tx="0.000000" m_ty="0.000000"/>
   <element name="stone" layername="body2" frame="3" z_index="3" m_a="1.000000" m_b="0.000000" m_c="0.000000" m_d="1.000000" m_tx="0.000000" m_ty="0.000000"/>
   <element name="stone" layername="body3" frame="2" z_index="1" m_a="0.969849" m_b="0.000000" m_c="0.000000" m_d="0.969849" m_tx="0.000000" m_ty="0.000000"/>
  </frame>
  <frame idx="1725" w="143" h="190" x="1.524841" y="-39.943459">
   <element name="stone" layername="stonenew" frame="6" z_index="6" m_a="0.999709" m_b="-0.024117" m_c="0.024117" m_d="0.999709" m_tx="0.000000" m_ty="0.000000"/>
   <element name="stone" layername="deco2" frame="5" z_index="5" m_a="0.999709" m_b="-0.024117" m_c="0.024117" m_d="0.999709" m_tx="0.000000" m_ty="0.000000"/>
   <element name="stone" layername="deco" frame="4" z_index="4" m_a="0.999709" m_b="-0.024117" m_c="0.024117" m_d="0.999709" m_tx="0.000000" m_ty="0.000000"/>
   <element name="stone" layername="bod" frame="1" z_index="2" m_a="1.000000" m_b="0.000000" m_c="0.000000" m_d="1.000000" m_tx="0.000000" m_ty="0.000000"/>
   <element name="stone" layername="body2" frame="3" z_index="3" m_a="1.000000" m_b="0.000000" m_c="0.000000" m_d="1.000000" m_tx="0.000000" m_ty="0.000000"/>
   <element name="stone" layername="body3" frame="2" z_index="1" m_a="0.972362" m_b="0.000000" m_c="0.000000" m_d="0.972362" m_tx="0.000000" m_ty="0.000000"/>
  </frame>
  <frame idx="1750" w="143" h="189" x="1.387787" y="-39.803169">
   <element name="stone" layername="stonenew" frame="6" z_index="6" m_a="0.999760" m_b="-0.021924" m_c="0.021924" m_d="0.999760" m_tx="0.000000" m_ty="0.000000"/>
   <element name="stone" layername="deco2" frame="5" z_index="5" m_a="0.999760" m_b="-0.021924" m_c="0.021924" m_d="0.999760" m_tx="0.000000" m_ty="0.000000"/>
   <element name="stone" layername="deco" frame="4" z_index="4" m_a="0.999760" m_b="-0.021924" m_c="0.021924" m_d="0.999760" m_tx="0.000000" m_ty="0.000000"/>
   <element name="stone" layername="bod" frame="1" z_index="2" m_a="1.000000" m_b="0.000000" m_c="0.000000" m_d="1.000000" m_tx="0.000000" m_ty="0.000000"/>
   <element name="stone" layername="body2" frame="3" z_index="3" m_a="1.000000" m_b="0.000000" m_c="0.000000" m_d="1.000000" m_tx="0.000000" m_ty="0.000000"/>
   <element name="stone" layername="body3" frame="2" z_index="1" m_a="0.974874" m_b="0.000000" m_c="0.000000" m_d="0.974874" m_tx="0.000000" m_ty="0.000000"/>
  </frame>
  <frame idx="1775" w="143" h="189" x="1.250412" y="-39.662872">
   <element name="stone" layername="stonenew" frame="6" z_index="6" m_a="0.999805" m_b="-0.019732" m_c="0.019732" m_d="0.999805" m_tx="0.000000" m_ty="0.000000"/>
   <element name="stone" layername="deco2" frame="5" z_index="5" m_a="0.999805" m_b="-0.019732" m_c="0.019732" m_d="0.999805" m_tx="0.000000" m_ty="0.000000"/>
   <element name="stone" layername="deco" frame="4" z_index="4" m_a="0.999805" m_b="-0.019732" m_c="0.019732" m_d="0.999805" m_tx="0.000000" m_ty="0.000000"/>
   <element name="stone" layername="bod" frame="1" z_index="2" m_a="1.000000" m_b="0.000000" m_c="0.000000" m_d="1.000000" m_tx="0.000000" m_ty="0.000000"/>
   <element name="stone" layername="body2" frame="3" z_index="3" m_a="1.000000" m_b="0.000000" m_c="0.000000" m_d="1.000000" m_tx="0.000000" m_ty="0.000000"/>
   <element name="stone" layername="body3" frame="2" z_index="1" m_a="0.977387" m_b="0.000000" m_c="0.000000" m_d="0.977387" m_tx="0.000000" m_ty="0.000000"/>
  </frame>
  <frame idx="1800" w="143" h="187" x="1.112717" y="-39.522568">
   <element name="stone" layername="stonenew" frame="6" z_index="6" m_a="0.999846" m_b="-0.017540" m_c="0.017540" m_d="0.999846" m_tx="0.000000" m_ty="0.000000"/>
   <element name="stone" layername="deco2" frame="5" z_index="5" m_a="0.999846" m_b="-0.017540" m_c="0.017540" m_d="0.999846" m_tx="0.000000" m_ty="0.000000"/>
   <element name="stone" layername="deco" frame="4" z_index="4" m_a="0.999846" m_b="-0.017540" m_c="0.017540" m_d="0.999846" m_tx="0.000000" m_ty="0.000000"/>
   <element name="stone" layername="bod" frame="1" z_index="2" m_a="1.000000" m_b="0.000000" m_c="0.000000" m_d="1.000000" m_tx="0.000000" m_ty="0.000000"/>
   <element name="stone" layername="body2" frame="3" z_index="3" m_a="1.000000" m_b="0.000000" m_c="0.000000" m_d="1.000000" m_tx="0.000000" m_ty="0.000000"/>
   <element name="stone" layername="body3" frame="2" z_index="1" m_a="0.979899" m_b="0.000000" m_c="0.000000" m_d="0.979899" m_tx="0.000000" m_ty="0.000000"/>
  </frame>
  <frame idx="1825" w="142" h="187" x="0.974716" y="-39.382263">
   <element name="stone" layername="stonenew" frame="6" z_index="6" m_a="0.999882" m_b="-0.015348" m_c="0.015348" m_d="0.999882" m_tx="0.000000" m_ty="0.000000"/>
   <element name="stone" layername="deco2" frame="5" z_index="5" m_a="0.999882" m_b="-0.015348" m_c="0.015348" m_d="0.999882" m_tx="0.000000" m_ty="0.000000"/>
   <element name="stone" layername="deco" frame="4" z_index="4" m_a="0.999882" m_b="-0.015348" m_c="0.015348" m_d="0.999882" m_tx="0.000000" m_ty="0.000000"/>
   <element name="stone" layername="bod" frame="1" z_index="2" m_a="1.000000" m_b="0.000000" m_c="0.000000" m_d="1.000000" m_tx="0.000000" m_ty="0.000000"/>
   <element name="stone" layername="body2" frame="3" z_index="3" m_a="1.000000" m_b="0.000000" m_c="0.000000" m_d="1.000000" m_tx="0.000000" m_ty="0.000000"/>
   <element name="stone" layername="body3" frame="2" z_index="1" m_a="0.982412" m_b="0.000000" m_c="0.000000" m_d="0.982412" m_tx="0.000000" m_ty="0.000000"/>
  </frame>
  <frame idx="1850" w="142" h="186" x="0.836403" y="-39.241943">
   <element name="stone" layername="stonenew" frame="6" z_index="6" m_a="0.999913" m_b="-0.013155" m_c="0.013155" m_d="0.999913" m_tx="0.000000" m_ty="0.000000"/>
   <element name="stone" layername="deco2" frame="5" z_index="5" m_a="0.999913" m_b="-0.013155" m_c="0.013155" m_d="0.999913" m_tx="0.000000" m_ty="0.000000"/>
   <element name="stone" layername="deco" frame="4" z_index="4" m_a="0.999913" m_b="-0.013155" m_c="0.013155" m_d="0.999913" m_tx="0.000000" m_ty="0.000000"/>
   <element name="stone" layername="bod" frame="1" z_index="2" m_a="1.000000" m_b="0.000000" m_c="0.000000" m_d="1.000000" m_tx="0.000000" m_ty="0.000000"/>
   <element name="stone" layername="body2" frame="3" z_index="3" m_a="1.000000" m_b="0.000000" m_c="0.000000" m_d="1.000000" m_tx="0.000000" m_ty="0.000000"/>
   <element name="stone" layername="body3" frame="2" z_index="1" m_a="0.984925" m_b="0.000000" m_c="0.000000" m_d="0.984925" m_tx="0.000000" m_ty="0.000000"/>
  </frame>
  <frame idx="1875" w="142" h="186" x="0.697784" y="-39.101624">
   <element name="stone" layername="stonenew" frame="6" z_index="6" m_a="0.999940" m_b="-0.010963" m_c="0.010963" m_d="0.999940" m_tx="0.000000" m_ty="0.000000"/>
   <element name="stone" layername="deco2" frame="5" z_index="5" m_a="0.999940" m_b="-0.010963" m_c="0.010963" m_d="0.999940" m_tx="0.000000" m_ty="0.000000"/>
   <element name="stone" layername="deco" frame="4" z_index="4" m_a="0.999940" m_b="-0.010963" m_c="0.010963" m_d="0.999940" m_tx="0.000000" m_ty="0.000000"/>
   <element name="stone" layername="bod" frame="1" z_index="2" m_a="1.000000" m_b="0.000000" m_c="0.000000" m_d="1.000000" m_tx="0.000000" m_ty="0.000000"/>
   <element name="stone" layername="body2" frame="3" z_index="3" m_a="1.000000" m_b="0.000000" m_c="0.000000" m_d="1.000000" m_tx="0.000000" m_ty="0.000000"/>
   <element name="stone" layername="body3" frame="2" z_index="1" m_a="0.987437" m_b="0.000000" m_c="0.000000" m_d="0.987437" m_tx="0.000000" m_ty="0.000000"/>
  </frame>
  <frame idx="1900" w="142" h="186" x="0.558846" y="-38.961304">
   <element name="stone" layername="stonenew" frame="6" z_index="6" m_a="0.999962" m_b="-0.008770" m_c="0.008770" m_d="0.999962" m_tx="0.000000" m_ty="0.000000"/>
   <element name="stone" layername="deco2" frame="5" z_index="5" m_a="0.999962" m_b="-0.008770" m_c="0.008770" m_d="0.999962" m_tx="0.000000" m_ty="0.000000"/>
   <element name="stone" layername="deco" frame="4" z_index="4" m_a="0.999962" m_b="-0.008770" m_c="0.008770" m_d="0.999962" m_tx="0.000000" m_ty="0.000000"/>
   <element name="stone" layername="bod" frame="1" z_index="2" m_a="1.000000" m_b="0.000000" m_c="0.000000" m_d="1.000000" m_tx="0.000000" m_ty="0.000000"/>
   <element name="stone" layername="body2" frame="3" z_index="3" m_a="1.000000" m_b="0.000000" m_c="0.000000" m_d="1.000000" m_tx="0.000000" m_ty="0.000000"/>
   <element name="stone" layername="body3" frame="2" z_index="1" m_a="0.989950" m_b="0.000000" m_c="0.000000" m_d="0.989950" m_tx="0.000000" m_ty="0.000000"/>
  </frame>
  <frame idx="1925" w="142" h="185" x="0.419601" y="-38.820984">
   <element name="stone" layername="stonenew" frame="6" z_index="6" m_a="0.999978" m_b="-0.006578" m_c="0.006578" m_d="0.999978" m_tx="0.000000" m_ty="0.000000"/>
   <element name="stone" layername="deco2" frame="5" z_index="5" m_a="0.999978" m_b="-0.006578" m_c="0.006578" m_d="0.999978" m_tx="0.000000" m_ty="0.000000"/>
   <element name="stone" layername="deco" frame="4" z_index="4" m_a="0.999978" m_b="-0.006578" m_c="0.006578" m_d="0.999978" m_tx="0.000000" m_ty="0.000000"/>
   <element name="stone" layername="bod" frame="1" z_index="2" m_a="1.000000" m_b="0.000000" m_c="0.000000" m_d="1.000000" m_tx="0.000000" m_ty="0.000000"/>
   <element name="stone" layername="body2" frame="3" z_index="3" m_a="1.000000" m_b="0.000000" m_c="0.000000" m_d="1.000000" m_tx="0.000000" m_ty="0.000000"/>
   <element name="stone" layername="body3" frame="2" z_index="1" m_a="0.992462" m_b="0.000000" m_c="0.000000" m_d="0.992462" m_tx="0.000000" m_ty="0.000000"/>
  </frame>
  <frame idx="1950" w="142" h="185" x="0.280045" y="-38.680656">
   <element name="stone" layername="stonenew" frame="6" z_index="6" m_a="0.999990" m_b="-0.004385" m_c="0.004385" m_d="0.999990" m_tx="0.000000" m_ty="0.000000"/>
   <element name="stone" layername="deco2" frame="5" z_index="5" m_a="0.999990" m_b="-0.004385" m_c="0.004385" m_d="0.999990" m_tx="0.000000" m_ty="0.000000"/>
   <element name="stone" layername="deco" frame="4" z_index="4" m_a="0.999990" m_b="-0.004385" m_c="0.004385" m_d="0.999990" m_tx="0.000000" m_ty="0.000000"/>
   <element name="stone" layername="bod" frame="1" z_index="2" m_a="1.000000" m_b="0.000000" m_c="0.000000" m_d="1.000000" m_tx="0.000000" m_ty="0.000000"/>
   <element name="stone" layername="body2" frame="3" z_index="3" m_a="1.000000" m_b="0.000000" m_c="0.000000" m_d="1.000000" m_tx="0.000000" m_ty="0.000000"/>
   <element name="stone" layername="body3" frame="2" z_index="1" m_a="0.994975" m_b="0.000000" m_c="0.000000" m_d="0.994975" m_tx="0.000000" m_ty="0.000000"/>
  </frame>
  <frame idx="1975" w="142" h="184" x="0.140175" y="-38.540329">
   <element name="stone" layername="stonenew" frame="6" z_index="6" m_a="0.999998" m_b="-0.002193" m_c="0.002193" m_d="0.999998" m_tx="0.000000" m_ty="0.000000"/>
   <element name="stone" layername="deco2" frame="5" z_index="5" m_a="0.999998" m_b="-0.002193" m_c="0.002193" m_d="0.999998" m_tx="0.000000" m_ty="0.000000"/>
   <element name="stone" layername="deco" frame="4" z_index="4" m_a="0.999998" m_b="-0.002193" m_c="0.002193" m_d="0.999998" m_tx="0.000000" m_ty="0.000000"/>
   <element name="stone" layername="bod" frame="1" z_index="2" m_a="1.000000" m_b="0.000000" m_c="0.000000" m_d="1.000000" m_tx="0.000000" m_ty="0.000000"/>
   <element name="stone" layername="body2" frame="3" z_index="3" m_a="1.000000" m_b="0.000000" m_c="0.000000" m_d="1.000000" m_tx="0.000000" m_ty="0.000000"/>
   <element name="stone" layername="body3" frame="2" z_index="1" m_a="0.997487" m_b="0.000000" m_c="0.000000" m_d="0.997487" m_tx="0.000000" m_ty="0.000000"/>
  </frame>
 </anim>
</Anims>
