<Anims>
 <anim name="open" root="zxcatllight" numframes="3000" framerate="40">
  <frame idx="0" w="567" h="691" x="115.000000" y="-52.000000">
   <element name="images" layername="open" frame="1" z_index="2" m_a="1.000000" m_b="0.000000" m_c="0.000000" m_d="1.000000" m_tx="0.000000" m_ty="0.000000"/>
   <element name="images" layername="point" frame="2" z_index="3" m_a="5.000000" m_b="0.000000" m_c="0.000000" m_d="5.000000" m_tx="-20.000000" m_ty="-214.000000"/>
  </frame>
  <frame idx="25" w="569" h="693" x="116.666687" y="-50.333313">
   <element name="images" layername="open" frame="1" z_index="2" m_a="1.000000" m_b="0.000000" m_c="0.000000" m_d="1.000000" m_tx="0.000000" m_ty="0.000000"/>
   <element name="images" layername="point" frame="2" z_index="3" m_a="5.033333" m_b="0.000000" m_c="0.000000" m_d="5.033333" m_tx="-20.000000" m_ty="-214.000000"/>
  </frame>
  <frame idx="50" w="571" h="696" x="118.333313" y="-48.666687">
   <element name="images" layername="open" frame="1" z_index="2" m_a="1.000000" m_b="0.000000" m_c="0.000000" m_d="1.000000" m_tx="0.000000" m_ty="0.000000"/>
   <element name="images" layername="point" frame="2" z_index="3" m_a="5.066667" m_b="0.000000" m_c="0.000000" m_d="5.066667" m_tx="-20.000000" m_ty="-214.000000"/>
  </frame>
  <frame idx="75" w="572" h="697" x="120.000000" y="-47.000000">
   <element name="images" layername="open" frame="1" z_index="2" m_a="1.000000" m_b="0.000000" m_c="0.000000" m_d="1.000000" m_tx="0.000000" m_ty="0.000000"/>
   <element name="images" layername="point" frame="2" z_index="3" m_a="5.100000" m_b="0.000000" m_c="0.000000" m_d="5.100000" m_tx="-20.000000" m_ty="-214.000000"/>
  </frame>
  <frame idx="100" w="575" h="699" x="121.666656" y="-45.333344">
   <element name="images" layername="open" frame="1" z_index="2" m_a="1.000000" m_b="0.000000" m_c="0.000000" m_d="1.000000" m_tx="0.000000" m_ty="0.000000"/>
   <element name="images" layername="point" frame="2" z_index="3" m_a="5.133333" m_b="0.000000" m_c="0.000000" m_d="5.133333" m_tx="-20.000000" m_ty="-214.000000"/>
  </frame>
  <frame idx="125" w="577" h="701" x="123.333313" y="-43.666687">
   <element name="images" layername="open" frame="1" z_index="2" m_a="1.000000" m_b="0.000000" m_c="0.000000" m_d="1.000000" m_tx="0.000000" m_ty="0.000000"/>
   <element name="images" layername="point" frame="2" z_index="3" m_a="5.166667" m_b="0.000000" m_c="0.000000" m_d="5.166667" m_tx="-20.000000" m_ty="-214.000000"/>
  </frame>
  <frame idx="150" w="578" h="702" x="125.000000" y="-42.000000">
   <element name="images" layername="open" frame="1" z_index="2" m_a="1.000000" m_b="0.000000" m_c="0.000000" m_d="1.000000" m_tx="0.000000" m_ty="0.000000"/>
   <element name="images" layername="point" frame="2" z_index="3" m_a="5.200000" m_b="0.000000" m_c="0.000000" m_d="5.200000" m_tx="-20.000000" m_ty="-214.000000"/>
  </frame>
  <frame idx="175" w="580" h="704" x="126.666656" y="-40.333344">
   <element name="images" layername="open" frame="1" z_index="2" m_a="1.000000" m_b="0.000000" m_c="0.000000" m_d="1.000000" m_tx="0.000000" m_ty="0.000000"/>
   <element name="images" layername="point" frame="2" z_index="3" m_a="5.233333" m_b="0.000000" m_c="0.000000" m_d="5.233333" m_tx="-20.000000" m_ty="-214.000000"/>
  </frame>
  <frame idx="200" w="582" h="707" x="128.333344" y="-38.666656">
   <element name="images" layername="open" frame="1" z_index="2" m_a="1.000000" m_b="0.000000" m_c="0.000000" m_d="1.000000" m_tx="0.000000" m_ty="0.000000"/>
   <element name="images" layername="point" frame="2" z_index="3" m_a="5.266667" m_b="0.000000" m_c="0.000000" m_d="5.266667" m_tx="-20.000000" m_ty="-214.000000"/>
  </frame>
  <frame idx="225" w="583" h="708" x="130.000000" y="-37.000000">
   <element name="images" layername="open" frame="1" z_index="2" m_a="1.000000" m_b="0.000000" m_c="0.000000" m_d="1.000000" m_tx="0.000000" m_ty="0.000000"/>
   <element name="images" layername="point" frame="2" z_index="3" m_a="5.300000" m_b="0.000000" m_c="0.000000" m_d="5.300000" m_tx="-20.000000" m_ty="-214.000000"/>
  </frame>
  <frame idx="250" w="586" h="710" x="131.666687" y="-35.333313">
   <element name="images" layername="open" frame="1" z_index="2" m_a="1.000000" m_b="0.000000" m_c="0.000000" m_d="1.000000" m_tx="0.000000" m_ty="0.000000"/>
   <element name="images" layername="point" frame="2" z_index="3" m_a="5.333333" m_b="0.000000" m_c="0.000000" m_d="5.333333" m_tx="-20.000000" m_ty="-214.000000"/>
  </frame>
  <frame idx="275" w="588" h="712" x="133.333344" y="-33.666656">
   <element name="images" layername="open" frame="1" z_index="2" m_a="1.000000" m_b="0.000000" m_c="0.000000" m_d="1.000000" m_tx="0.000000" m_ty="0.000000"/>
   <element name="images" layername="point" frame="2" z_index="3" m_a="5.366667" m_b="0.000000" m_c="0.000000" m_d="5.366667" m_tx="-20.000000" m_ty="-214.000000"/>
  </frame>
  <frame idx="300" w="589" h="713" x="135.000000" y="-32.000000">
   <element name="images" layername="open" frame="1" z_index="2" m_a="1.000000" m_b="0.000000" m_c="0.000000" m_d="1.000000" m_tx="0.000000" m_ty="0.000000"/>
   <element name="images" layername="point" frame="2" z_index="3" m_a="5.400000" m_b="0.000000" m_c="0.000000" m_d="5.400000" m_tx="-20.000000" m_ty="-214.000000"/>
  </frame>
  <frame idx="325" w="591" h="715" x="136.666656" y="-30.333344">
   <element name="images" layername="open" frame="1" z_index="2" m_a="1.000000" m_b="0.000000" m_c="0.000000" m_d="1.000000" m_tx="0.000000" m_ty="0.000000"/>
   <element name="images" layername="point" frame="2" z_index="3" m_a="5.433333" m_b="0.000000" m_c="0.000000" m_d="5.433333" m_tx="-20.000000" m_ty="-214.000000"/>
  </frame>
  <frame idx="350" w="593" h="718" x="138.333344" y="-28.666656">
   <element name="images" layername="open" frame="1" z_index="2" m_a="1.000000" m_b="0.000000" m_c="0.000000" m_d="1.000000" m_tx="0.000000" m_ty="0.000000"/>
   <element name="images" layername="point" frame="2" z_index="3" m_a="5.466667" m_b="0.000000" m_c="0.000000" m_d="5.466667" m_tx="-20.000000" m_ty="-214.000000"/>
  </frame>
  <frame idx="375" w="594" h="719" x="140.000000" y="-27.000000">
   <element name="images" layername="open" frame="1" z_index="2" m_a="1.000000" m_b="0.000000" m_c="0.000000" m_d="1.000000" m_tx="0.000000" m_ty="0.000000"/>
   <element name="images" layername="point" frame="2" z_index="3" m_a="5.500000" m_b="0.000000" m_c="0.000000" m_d="5.500000" m_tx="-20.000000" m_ty="-214.000000"/>
  </frame>
  <frame idx="400" w="597" h="721" x="141.666656" y="-25.333344">
   <element name="images" layername="open" frame="1" z_index="2" m_a="1.000000" m_b="0.000000" m_c="0.000000" m_d="1.000000" m_tx="0.000000" m_ty="0.000000"/>
   <element name="images" layername="point" frame="2" z_index="3" m_a="5.533333" m_b="0.000000" m_c="0.000000" m_d="5.533333" m_tx="-20.000000" m_ty="-214.000000"/>
  </frame>
  <frame idx="425" w="599" h="723" x="143.333344" y="-23.666656">
   <element name="images" layername="open" frame="1" z_index="2" m_a="1.000000" m_b="0.000000" m_c="0.000000" m_d="1.000000" m_tx="0.000000" m_ty="0.000000"/>
   <element name="images" layername="point" frame="2" z_index="3" m_a="5.566667" m_b="0.000000" m_c="0.000000" m_d="5.566667" m_tx="-20.000000" m_ty="-214.000000"/>
  </frame>
  <frame idx="450" w="600" h="724" x="145.000000" y="-22.000000">
   <element name="images" layername="open" frame="1" z_index="2" m_a="1.000000" m_b="0.000000" m_c="0.000000" m_d="1.000000" m_tx="0.000000" m_ty="0.000000"/>
   <element name="images" layername="point" frame="2" z_index="3" m_a="5.600000" m_b="0.000000" m_c="0.000000" m_d="5.600000" m_tx="-20.000000" m_ty="-214.000000"/>
  </frame>
  <frame idx="475" w="602" h="726" x="146.666656" y="-20.333344">
   <element name="images" layername="open" frame="1" z_index="2" m_a="1.000000" m_b="0.000000" m_c="0.000000" m_d="1.000000" m_tx="0.000000" m_ty="0.000000"/>
   <element name="images" layername="point" frame="2" z_index="3" m_a="5.633333" m_b="0.000000" m_c="0.000000" m_d="5.633333" m_tx="-20.000000" m_ty="-214.000000"/>
  </frame>
  <frame idx="500" w="604" h="729" x="148.333313" y="-18.666687">
   <element name="images" layername="open" frame="1" z_index="2" m_a="1.000000" m_b="0.000000" m_c="0.000000" m_d="1.000000" m_tx="0.000000" m_ty="0.000000"/>
   <element name="images" layername="point" frame="2" z_index="3" m_a="5.666667" m_b="0.000000" m_c="0.000000" m_d="5.666667" m_tx="-20.000000" m_ty="-214.000000"/>
  </frame>
  <frame idx="525" w="605" h="730" x="150.000000" y="-17.000000">
   <element name="images" layername="open" frame="1" z_index="2" m_a="1.000000" m_b="0.000000" m_c="0.000000" m_d="1.000000" m_tx="0.000000" m_ty="0.000000"/>
   <element name="images" layername="point" frame="2" z_index="3" m_a="5.700000" m_b="0.000000" m_c="0.000000" m_d="5.700000" m_tx="-20.000000" m_ty="-214.000000"/>
  </frame>
  <frame idx="550" w="608" h="732" x="151.666687" y="-15.333313">
   <element name="images" layername="open" frame="1" z_index="2" m_a="1.000000" m_b="0.000000" m_c="0.000000" m_d="1.000000" m_tx="0.000000" m_ty="0.000000"/>
   <element name="images" layername="point" frame="2" z_index="3" m_a="5.733334" m_b="0.000000" m_c="0.000000" m_d="5.733334" m_tx="-20.000000" m_ty="-214.000000"/>
  </frame>
  <frame idx="575" w="610" h="734" x="153.333313" y="-13.666687">
   <element name="images" layername="open" frame="1" z_index="2" m_a="1.000000" m_b="0.000000" m_c="0.000000" m_d="1.000000" m_tx="0.000000" m_ty="0.000000"/>
   <element name="images" layername="point" frame="2" z_index="3" m_a="5.766666" m_b="0.000000" m_c="0.000000" m_d="5.766666" m_tx="-20.000000" m_ty="-214.000000"/>
  </frame>
  <frame idx="600" w="611" h="735" x="155.000000" y="-12.000000">
   <element name="images" layername="open" frame="1" z_index="2" m_a="1.000000" m_b="0.000000" m_c="0.000000" m_d="1.000000" m_tx="0.000000" m_ty="0.000000"/>
   <element name="images" layername="point" frame="2" z_index="3" m_a="5.800000" m_b="0.000000" m_c="0.000000" m_d="5.800000" m_tx="-20.000000" m_ty="-214.000000"/>
  </frame>
  <frame idx="625" w="613" h="737" x="156.666687" y="-10.333313">
   <element name="images" layername="open" frame="1" z_index="2" m_a="1.000000" m_b="0.000000" m_c="0.000000" m_d="1.000000" m_tx="0.000000" m_ty="0.000000"/>
   <element name="images" layername="point" frame="2" z_index="3" m_a="5.833333" m_b="0.000000" m_c="0.000000" m_d="5.833333" m_tx="-20.000000" m_ty="-214.000000"/>
  </frame>
  <frame idx="650" w="615" h="740" x="158.333344" y="-8.666656">
   <element name="images" layername="open" frame="1" z_index="2" m_a="1.000000" m_b="0.000000" m_c="0.000000" m_d="1.000000" m_tx="0.000000" m_ty="0.000000"/>
   <element name="images" layername="point" frame="2" z_index="3" m_a="5.866667" m_b="0.000000" m_c="0.000000" m_d="5.866667" m_tx="-20.000000" m_ty="-214.000000"/>
  </frame>
  <frame idx="675" w="616" h="741" x="160.000000" y="-7.000000">
   <element name="images" layername="open" frame="1" z_index="2" m_a="1.000000" m_b="0.000000" m_c="0.000000" m_d="1.000000" m_tx="0.000000" m_ty="0.000000"/>
   <element name="images" layername="point" frame="2" z_index="3" m_a="5.900000" m_b="0.000000" m_c="0.000000" m_d="5.900000" m_tx="-20.000000" m_ty="-214.000000"/>
  </frame>
  <frame idx="700" w="619" h="743" x="161.666656" y="-5.333344">
   <element name="images" layername="open" frame="1" z_index="2" m_a="1.000000" m_b="0.000000" m_c="0.000000" m_d="1.000000" m_tx="0.000000" m_ty="0.000000"/>
   <element name="images" layername="point" frame="2" z_index="3" m_a="5.933333" m_b="0.000000" m_c="0.000000" m_d="5.933333" m_tx="-20.000000" m_ty="-214.000000"/>
  </frame>
  <frame idx="725" w="621" h="745" x="163.333344" y="-3.666656">
   <element name="images" layername="open" frame="1" z_index="2" m_a="1.000000" m_b="0.000000" m_c="0.000000" m_d="1.000000" m_tx="0.000000" m_ty="0.000000"/>
   <element name="images" layername="point" frame="2" z_index="3" m_a="5.966667" m_b="0.000000" m_c="0.000000" m_d="5.966667" m_tx="-20.000000" m_ty="-214.000000"/>
  </frame>
  <frame idx="750" w="622" h="746" x="165.000000" y="-2.000000">
   <element name="images" layername="open" frame="1" z_index="2" m_a="1.000000" m_b="0.000000" m_c="0.000000" m_d="1.000000" m_tx="0.000000" m_ty="0.000000"/>
   <element name="images" layername="point" frame="2" z_index="3" m_a="6.000000" m_b="0.000000" m_c="0.000000" m_d="6.000000" m_tx="-20.000000" m_ty="-214.000000"/>
  </frame>
  <frame idx="775" w="624" h="748" x="166.666656" y="-0.333344">
   <element name="images" layername="open" frame="1" z_index="2" m_a="1.000000" m_b="0.000000" m_c="0.000000" m_d="1.000000" m_tx="0.000000" m_ty="0.000000"/>
   <element name="images" layername="point" frame="2" z_index="3" m_a="6.033333" m_b="0.000000" m_c="0.000000" m_d="6.033333" m_tx="-20.000000" m_ty="-214.000000"/>
  </frame>
  <frame idx="800" w="626" h="751" x="168.333344" y="1.333344">
   <element name="images" layername="open" frame="1" z_index="2" m_a="1.000000" m_b="0.000000" m_c="0.000000" m_d="1.000000" m_tx="0.000000" m_ty="0.000000"/>
   <element name="images" layername="point" frame="2" z_index="3" m_a="6.066667" m_b="0.000000" m_c="0.000000" m_d="6.066667" m_tx="-20.000000" m_ty="-214.000000"/>
  </frame>
  <frame idx="825" w="627" h="752" x="170.000000" y="3.000000">
   <element name="images" layername="open" frame="1" z_index="2" m_a="1.000000" m_b="0.000000" m_c="0.000000" m_d="1.000000" m_tx="0.000000" m_ty="0.000000"/>
   <element name="images" layername="point" frame="2" z_index="3" m_a="6.100000" m_b="0.000000" m_c="0.000000" m_d="6.100000" m_tx="-20.000000" m_ty="-214.000000"/>
  </frame>
  <frame idx="850" w="630" h="754" x="171.666656" y="4.666656">
   <element name="images" layername="open" frame="1" z_index="2" m_a="1.000000" m_b="0.000000" m_c="0.000000" m_d="1.000000" m_tx="0.000000" m_ty="0.000000"/>
   <element name="images" layername="point" frame="2" z_index="3" m_a="6.133333" m_b="0.000000" m_c="0.000000" m_d="6.133333" m_tx="-20.000000" m_ty="-214.000000"/>
  </frame>
  <frame idx="875" w="632" h="756" x="173.333313" y="6.333313">
   <element name="images" layername="open" frame="1" z_index="2" m_a="1.000000" m_b="0.000000" m_c="0.000000" m_d="1.000000" m_tx="0.000000" m_ty="0.000000"/>
   <element name="images" layername="point" frame="2" z_index="3" m_a="6.166667" m_b="0.000000" m_c="0.000000" m_d="6.166667" m_tx="-20.000000" m_ty="-214.000000"/>
  </frame>
  <frame idx="900" w="633" h="757" x="175.000000" y="8.000000">
   <element name="images" layername="open" frame="1" z_index="2" m_a="1.000000" m_b="0.000000" m_c="0.000000" m_d="1.000000" m_tx="0.000000" m_ty="0.000000"/>
   <element name="images" layername="point" frame="2" z_index="3" m_a="6.200000" m_b="0.000000" m_c="0.000000" m_d="6.200000" m_tx="-20.000000" m_ty="-214.000000"/>
  </frame>
  <frame idx="925" w="635" h="759" x="176.666687" y="9.666687">
   <element name="images" layername="open" frame="1" z_index="2" m_a="1.000000" m_b="0.000000" m_c="0.000000" m_d="1.000000" m_tx="0.000000" m_ty="0.000000"/>
   <element name="images" layername="point" frame="2" z_index="3" m_a="6.233334" m_b="0.000000" m_c="0.000000" m_d="6.233334" m_tx="-20.000000" m_ty="-214.000000"/>
  </frame>
  <frame idx="950" w="637" h="762" x="178.333313" y="11.333313">
   <element name="images" layername="open" frame="1" z_index="2" m_a="1.000000" m_b="0.000000" m_c="0.000000" m_d="1.000000" m_tx="0.000000" m_ty="0.000000"/>
   <element name="images" layername="point" frame="2" z_index="3" m_a="6.266666" m_b="0.000000" m_c="0.000000" m_d="6.266666" m_tx="-20.000000" m_ty="-214.000000"/>
  </frame>
  <frame idx="975" w="638" h="763" x="180.000000" y="13.000000">
   <element name="images" layername="open" frame="1" z_index="2" m_a="1.000000" m_b="0.000000" m_c="0.000000" m_d="1.000000" m_tx="0.000000" m_ty="0.000000"/>
   <element name="images" layername="point" frame="2" z_index="3" m_a="6.300000" m_b="0.000000" m_c="0.000000" m_d="6.300000" m_tx="-20.000000" m_ty="-214.000000"/>
  </frame>
  <frame idx="1000" w="641" h="765" x="181.666687" y="14.666687">
   <element name="images" layername="open" frame="1" z_index="2" m_a="1.000000" m_b="0.000000" m_c="0.000000" m_d="1.000000" m_tx="0.000000" m_ty="0.000000"/>
   <element name="images" layername="point" frame="2" z_index="3" m_a="6.333333" m_b="0.000000" m_c="0.000000" m_d="6.333333" m_tx="-20.000000" m_ty="-214.000000"/>
  </frame>
  <frame idx="1025" w="643" h="767" x="183.333344" y="16.333344">
   <element name="images" layername="open" frame="1" z_index="2" m_a="1.000000" m_b="0.000000" m_c="0.000000" m_d="1.000000" m_tx="0.000000" m_ty="0.000000"/>
   <element name="images" layername="point" frame="2" z_index="3" m_a="6.366667" m_b="0.000000" m_c="0.000000" m_d="6.366667" m_tx="-20.000000" m_ty="-214.000000"/>
  </frame>
  <frame idx="1050" w="644" h="768" x="185.000000" y="18.000000">
   <element name="images" layername="open" frame="1" z_index="2" m_a="1.000000" m_b="0.000000" m_c="0.000000" m_d="1.000000" m_tx="0.000000" m_ty="0.000000"/>
   <element name="images" layername="point" frame="2" z_index="3" m_a="6.400000" m_b="0.000000" m_c="0.000000" m_d="6.400000" m_tx="-20.000000" m_ty="-214.000000"/>
  </frame>
  <frame idx="1075" w="646" h="770" x="186.666656" y="19.666656">
   <element name="images" layername="open" frame="1" z_index="2" m_a="1.000000" m_b="0.000000" m_c="0.000000" m_d="1.000000" m_tx="0.000000" m_ty="0.000000"/>
   <element name="images" layername="point" frame="2" z_index="3" m_a="6.433333" m_b="0.000000" m_c="0.000000" m_d="6.433333" m_tx="-20.000000" m_ty="-214.000000"/>
  </frame>
  <frame idx="1100" w="648" h="773" x="188.333344" y="21.333344">
   <element name="images" layername="open" frame="1" z_index="2" m_a="1.000000" m_b="0.000000" m_c="0.000000" m_d="1.000000" m_tx="0.000000" m_ty="0.000000"/>
   <element name="images" layername="point" frame="2" z_index="3" m_a="6.466667" m_b="0.000000" m_c="0.000000" m_d="6.466667" m_tx="-20.000000" m_ty="-214.000000"/>
  </frame>
  <frame idx="1125" w="649" h="774" x="190.000000" y="23.000000">
   <element name="images" layername="open" frame="1" z_index="2" m_a="1.000000" m_b="0.000000" m_c="0.000000" m_d="1.000000" m_tx="0.000000" m_ty="0.000000"/>
   <element name="images" layername="point" frame="2" z_index="3" m_a="6.500000" m_b="0.000000" m_c="0.000000" m_d="6.500000" m_tx="-20.000000" m_ty="-214.000000"/>
  </frame>
  <frame idx="1150" w="652" h="776" x="191.666656" y="24.666656">
   <element name="images" layername="open" frame="1" z_index="2" m_a="1.000000" m_b="0.000000" m_c="0.000000" m_d="1.000000" m_tx="0.000000" m_ty="0.000000"/>
   <element name="images" layername="point" frame="2" z_index="3" m_a="6.533333" m_b="0.000000" m_c="0.000000" m_d="6.533333" m_tx="-20.000000" m_ty="-214.000000"/>
  </frame>
  <frame idx="1175" w="654" h="778" x="193.333344" y="26.333344">
   <element name="images" layername="open" frame="1" z_index="2" m_a="1.000000" m_b="0.000000" m_c="0.000000" m_d="1.000000" m_tx="0.000000" m_ty="0.000000"/>
   <element name="images" layername="point" frame="2" z_index="3" m_a="6.566667" m_b="0.000000" m_c="0.000000" m_d="6.566667" m_tx="-20.000000" m_ty="-214.000000"/>
  </frame>
  <frame idx="1200" w="655" h="779" x="195.000000" y="28.000000">
   <element name="images" layername="open" frame="1" z_index="2" m_a="1.000000" m_b="0.000000" m_c="0.000000" m_d="1.000000" m_tx="0.000000" m_ty="0.000000"/>
   <element name="images" layername="point" frame="2" z_index="3" m_a="6.600000" m_b="0.000000" m_c="0.000000" m_d="6.600000" m_tx="-20.000000" m_ty="-214.000000"/>
  </frame>
  <frame idx="1225" w="657" h="781" x="196.666656" y="29.666656">
   <element name="images" layername="open" frame="1" z_index="2" m_a="1.000000" m_b="0.000000" m_c="0.000000" m_d="1.000000" m_tx="0.000000" m_ty="0.000000"/>
   <element name="images" layername="point" frame="2" z_index="3" m_a="6.633333" m_b="0.000000" m_c="0.000000" m_d="6.633333" m_tx="-20.000000" m_ty="-214.000000"/>
  </frame>
  <frame idx="1250" w="659" h="784" x="198.333313" y="31.333313">
   <element name="images" layername="open" frame="1" z_index="2" m_a="1.000000" m_b="0.000000" m_c="0.000000" m_d="1.000000" m_tx="0.000000" m_ty="0.000000"/>
   <element name="images" layername="point" frame="2" z_index="3" m_a="6.666667" m_b="0.000000" m_c="0.000000" m_d="6.666667" m_tx="-20.000000" m_ty="-214.000000"/>
  </frame>
  <frame idx="1275" w="660" h="785" x="200.000000" y="33.000000">
   <element name="images" layername="open" frame="1" z_index="2" m_a="1.000000" m_b="0.000000" m_c="0.000000" m_d="1.000000" m_tx="0.000000" m_ty="0.000000"/>
   <element name="images" layername="point" frame="2" z_index="3" m_a="6.700000" m_b="0.000000" m_c="0.000000" m_d="6.700000" m_tx="-20.000000" m_ty="-214.000000"/>
  </frame>
  <frame idx="1300" w="663" h="787" x="201.666687" y="34.666687">
   <element name="images" layername="open" frame="1" z_index="2" m_a="1.000000" m_b="0.000000" m_c="0.000000" m_d="1.000000" m_tx="0.000000" m_ty="0.000000"/>
   <element name="images" layername="point" frame="2" z_index="3" m_a="6.733334" m_b="0.000000" m_c="0.000000" m_d="6.733334" m_tx="-20.000000" m_ty="-214.000000"/>
  </frame>
  <frame idx="1325" w="665" h="789" x="203.333313" y="36.333313">
   <element name="images" layername="open" frame="1" z_index="2" m_a="1.000000" m_b="0.000000" m_c="0.000000" m_d="1.000000" m_tx="0.000000" m_ty="0.000000"/>
   <element name="images" layername="point" frame="2" z_index="3" m_a="6.766666" m_b="0.000000" m_c="0.000000" m_d="6.766666" m_tx="-20.000000" m_ty="-214.000000"/>
  </frame>
  <frame idx="1350" w="666" h="790" x="205.000000" y="38.000000">
   <element name="images" layername="open" frame="1" z_index="2" m_a="1.000000" m_b="0.000000" m_c="0.000000" m_d="1.000000" m_tx="0.000000" m_ty="0.000000"/>
   <element name="images" layername="point" frame="2" z_index="3" m_a="6.800000" m_b="0.000000" m_c="0.000000" m_d="6.800000" m_tx="-20.000000" m_ty="-214.000000"/>
  </frame>
  <frame idx="1375" w="668" h="792" x="206.666687" y="39.666687">
   <element name="images" layername="open" frame="1" z_index="2" m_a="1.000000" m_b="0.000000" m_c="0.000000" m_d="1.000000" m_tx="0.000000" m_ty="0.000000"/>
   <element name="images" layername="point" frame="2" z_index="3" m_a="6.833333" m_b="0.000000" m_c="0.000000" m_d="6.833333" m_tx="-20.000000" m_ty="-214.000000"/>
  </frame>
  <frame idx="1400" w="670" h="795" x="208.333344" y="41.333344">
   <element name="images" layername="open" frame="1" z_index="2" m_a="1.000000" m_b="0.000000" m_c="0.000000" m_d="1.000000" m_tx="0.000000" m_ty="0.000000"/>
   <element name="images" layername="point" frame="2" z_index="3" m_a="6.866667" m_b="0.000000" m_c="0.000000" m_d="6.866667" m_tx="-20.000000" m_ty="-214.000000"/>
  </frame>
  <frame idx="1425" w="671" h="796" x="210.000000" y="43.000000">
   <element name="images" layername="open" frame="1" z_index="2" m_a="1.000000" m_b="0.000000" m_c="0.000000" m_d="1.000000" m_tx="0.000000" m_ty="0.000000"/>
   <element name="images" layername="point" frame="2" z_index="3" m_a="6.900000" m_b="0.000000" m_c="0.000000" m_d="6.900000" m_tx="-20.000000" m_ty="-214.000000"/>
  </frame>
  <frame idx="1450" w="674" h="798" x="211.666656" y="44.666656">
   <element name="images" layername="open" frame="1" z_index="2" m_a="1.000000" m_b="0.000000" m_c="0.000000" m_d="1.000000" m_tx="0.000000" m_ty="0.000000"/>
   <element name="images" layername="point" frame="2" z_index="3" m_a="6.933333" m_b="0.000000" m_c="0.000000" m_d="6.933333" m_tx="-20.000000" m_ty="-214.000000"/>
  </frame>
  <frame idx="1475" w="676" h="800" x="213.333344" y="46.333344">
   <element name="images" layername="open" frame="1" z_index="2" m_a="1.000000" m_b="0.000000" m_c="0.000000" m_d="1.000000" m_tx="0.000000" m_ty="0.000000"/>
   <element name="images" layername="point" frame="2" z_index="3" m_a="6.966667" m_b="0.000000" m_c="0.000000" m_d="6.966667" m_tx="-20.000000" m_ty="-214.000000"/>
  </frame>
  <frame idx="1500" w="677" h="801" x="215.000000" y="48.000000">
   <element name="images" layername="open" frame="1" z_index="2" m_a="1.000000" m_b="0.000000" m_c="0.000000" m_d="1.000000" m_tx="0.000000" m_ty="0.000000"/>
   <element name="images" layername="point" frame="2" z_index="3" m_a="7.000000" m_b="0.000000" m_c="0.000000" m_d="7.000000" m_tx="-20.000000" m_ty="-214.000000"/>
  </frame>
  <frame idx="1525" w="676" h="800" x="213.333344" y="46.333344">
   <element name="images" layername="open" frame="1" z_index="2" m_a="1.000000" m_b="0.000000" m_c="0.000000" m_d="1.000000" m_tx="0.000000" m_ty="0.000000"/>
   <element name="images" layername="point" frame="2" z_index="3" m_a="6.966667" m_b="0.000000" m_c="0.000000" m_d="6.966667" m_tx="-20.000000" m_ty="-214.000000"/>
  </frame>
  <frame idx="1550" w="674" h="798" x="211.666656" y="44.666656">
   <element name="images" layername="open" frame="1" z_index="2" m_a="1.000000" m_b="0.000000" m_c="0.000000" m_d="1.000000" m_tx="0.000000" m_ty="0.000000"/>
   <element name="images" layername="point" frame="2" z_index="3" m_a="6.933333" m_b="0.000000" m_c="0.000000" m_d="6.933333" m_tx="-20.000000" m_ty="-214.000000"/>
  </frame>
  <frame idx="1575" w="671" h="796" x="210.000000" y="43.000000">
   <element name="images" layername="open" frame="1" z_index="2" m_a="1.000000" m_b="0.000000" m_c="0.000000" m_d="1.000000" m_tx="0.000000" m_ty="0.000000"/>
   <element name="images" layername="point" frame="2" z_index="3" m_a="6.900000" m_b="0.000000" m_c="0.000000" m_d="6.900000" m_tx="-20.000000" m_ty="-214.000000"/>
  </frame>
  <frame idx="1600" w="670" h="795" x="208.333344" y="41.333344">
   <element name="images" layername="open" frame="1" z_index="2" m_a="1.000000" m_b="0.000000" m_c="0.000000" m_d="1.000000" m_tx="0.000000" m_ty="0.000000"/>
   <element name="images" layername="point" frame="2" z_index="3" m_a="6.866667" m_b="0.000000" m_c="0.000000" m_d="6.866667" m_tx="-20.000000" m_ty="-214.000000"/>
  </frame>
  <frame idx="1625" w="668" h="792" x="206.666687" y="39.666687">
   <element name="images" layername="open" frame="1" z_index="2" m_a="1.000000" m_b="0.000000" m_c="0.000000" m_d="1.000000" m_tx="0.000000" m_ty="0.000000"/>
   <element name="images" layername="point" frame="2" z_index="3" m_a="6.833333" m_b="0.000000" m_c="0.000000" m_d="6.833333" m_tx="-20.000000" m_ty="-214.000000"/>
  </frame>
  <frame idx="1650" w="666" h="790" x="205.000000" y="38.000000">
   <element name="images" layername="open" frame="1" z_index="2" m_a="1.000000" m_b="0.000000" m_c="0.000000" m_d="1.000000" m_tx="0.000000" m_ty="0.000000"/>
   <element name="images" layername="point" frame="2" z_index="3" m_a="6.800000" m_b="0.000000" m_c="0.000000" m_d="6.800000" m_tx="-20.000000" m_ty="-214.000000"/>
  </frame>
  <frame idx="1675" w="665" h="789" x="203.333344" y="36.333344">
   <element name="images" layername="open" frame="1" z_index="2" m_a="1.000000" m_b="0.000000" m_c="0.000000" m_d="1.000000" m_tx="0.000000" m_ty="0.000000"/>
   <element name="images" layername="point" frame="2" z_index="3" m_a="6.766667" m_b="0.000000" m_c="0.000000" m_d="6.766667" m_tx="-20.000000" m_ty="-214.000000"/>
  </frame>
  <frame idx="1700" w="663" h="787" x="201.666656" y="34.666656">
   <element name="images" layername="open" frame="1" z_index="2" m_a="1.000000" m_b="0.000000" m_c="0.000000" m_d="1.000000" m_tx="0.000000" m_ty="0.000000"/>
   <element name="images" layername="point" frame="2" z_index="3" m_a="6.733333" m_b="0.000000" m_c="0.000000" m_d="6.733333" m_tx="-20.000000" m_ty="-214.000000"/>
  </frame>
  <frame idx="1725" w="660" h="785" x="200.000000" y="33.000000">
   <element name="images" layername="open" frame="1" z_index="2" m_a="1.000000" m_b="0.000000" m_c="0.000000" m_d="1.000000" m_tx="0.000000" m_ty="0.000000"/>
   <element name="images" layername="point" frame="2" z_index="3" m_a="6.700000" m_b="0.000000" m_c="0.000000" m_d="6.700000" m_tx="-20.000000" m_ty="-214.000000"/>
  </frame>
  <frame idx="1750" w="659" h="784" x="198.333313" y="31.333313">
   <element name="images" layername="open" frame="1" z_index="2" m_a="1.000000" m_b="0.000000" m_c="0.000000" m_d="1.000000" m_tx="0.000000" m_ty="0.000000"/>
   <element name="images" layername="point" frame="2" z_index="3" m_a="6.666667" m_b="0.000000" m_c="0.000000" m_d="6.666667" m_tx="-20.000000" m_ty="-214.000000"/>
  </frame>
  <frame idx="1775" w="657" h="781" x="196.666656" y="29.666656">
   <element name="images" layername="open" frame="1" z_index="2" m_a="1.000000" m_b="0.000000" m_c="0.000000" m_d="1.000000" m_tx="0.000000" m_ty="0.000000"/>
   <element name="images" layername="point" frame="2" z_index="3" m_a="6.633333" m_b="0.000000" m_c="0.000000" m_d="6.633333" m_tx="-20.000000" m_ty="-214.000000"/>
  </frame>
  <frame idx="1800" w="655" h="779" x="195.000000" y="28.000000">
   <element name="images" layername="open" frame="1" z_index="2" m_a="1.000000" m_b="0.000000" m_c="0.000000" m_d="1.000000" m_tx="0.000000" m_ty="0.000000"/>
   <element name="images" layername="point" frame="2" z_index="3" m_a="6.600000" m_b="0.000000" m_c="0.000000" m_d="6.600000" m_tx="-20.000000" m_ty="-214.000000"/>
  </frame>
  <frame idx="1825" w="654" h="778" x="193.333344" y="26.333344">
   <element name="images" layername="open" frame="1" z_index="2" m_a="1.000000" m_b="0.000000" m_c="0.000000" m_d="1.000000" m_tx="0.000000" m_ty="0.000000"/>
   <element name="images" layername="point" frame="2" z_index="3" m_a="6.566667" m_b="0.000000" m_c="0.000000" m_d="6.566667" m_tx="-20.000000" m_ty="-214.000000"/>
  </frame>
  <frame idx="1850" w="652" h="776" x="191.666656" y="24.666656">
   <element name="images" layername="open" frame="1" z_index="2" m_a="1.000000" m_b="0.000000" m_c="0.000000" m_d="1.000000" m_tx="0.000000" m_ty="0.000000"/>
   <element name="images" layername="point" frame="2" z_index="3" m_a="6.533333" m_b="0.000000" m_c="0.000000" m_d="6.533333" m_tx="-20.000000" m_ty="-214.000000"/>
  </frame>
  <frame idx="1875" w="649" h="774" x="190.000000" y="23.000000">
   <element name="images" layername="open" frame="1" z_index="2" m_a="1.000000" m_b="0.000000" m_c="0.000000" m_d="1.000000" m_tx="0.000000" m_ty="0.000000"/>
   <element name="images" layername="point" frame="2" z_index="3" m_a="6.500000" m_b="0.000000" m_c="0.000000" m_d="6.500000" m_tx="-20.000000" m_ty="-214.000000"/>
  </frame>
  <frame idx="1900" w="648" h="773" x="188.333344" y="21.333344">
   <element name="images" layername="open" frame="1" z_index="2" m_a="1.000000" m_b="0.000000" m_c="0.000000" m_d="1.000000" m_tx="0.000000" m_ty="0.000000"/>
   <element name="images" layername="point" frame="2" z_index="3" m_a="6.466667" m_b="0.000000" m_c="0.000000" m_d="6.466667" m_tx="-20.000000" m_ty="-214.000000"/>
  </frame>
  <frame idx="1925" w="646" h="770" x="186.666656" y="19.666656">
   <element name="images" layername="open" frame="1" z_index="2" m_a="1.000000" m_b="0.000000" m_c="0.000000" m_d="1.000000" m_tx="0.000000" m_ty="0.000000"/>
   <element name="images" layername="point" frame="2" z_index="3" m_a="6.433333" m_b="0.000000" m_c="0.000000" m_d="6.433333" m_tx="-20.000000" m_ty="-214.000000"/>
  </frame>
  <frame idx="1950" w="644" h="768" x="185.000000" y="18.000000">
   <element name="images" layername="open" frame="1" z_index="2" m_a="1.000000" m_b="0.000000" m_c="0.000000" m_d="1.000000" m_tx="0.000000" m_ty="0.000000"/>
   <element name="images" layername="point" frame="2" z_index="3" m_a="6.400000" m_b="0.000000" m_c="0.000000" m_d="6.400000" m_tx="-20.000000" m_ty="-214.000000"/>
  </frame>
  <frame idx="1975" w="643" h="767" x="183.333344" y="16.333344">
   <element name="images" layername="open" frame="1" z_index="2" m_a="1.000000" m_b="0.000000" m_c="0.000000" m_d="1.000000" m_tx="0.000000" m_ty="0.000000"/>
   <element name="images" layername="point" frame="2" z_index="3" m_a="6.366667" m_b="0.000000" m_c="0.000000" m_d="6.366667" m_tx="-20.000000" m_ty="-214.000000"/>
  </frame>
  <frame idx="2000" w="641" h="765" x="181.666687" y="14.666687">
   <element name="images" layername="open" frame="1" z_index="2" m_a="1.000000" m_b="0.000000" m_c="0.000000" m_d="1.000000" m_tx="0.000000" m_ty="0.000000"/>
   <element name="images" layername="point" frame="2" z_index="3" m_a="6.333333" m_b="0.000000" m_c="0.000000" m_d="6.333333" m_tx="-20.000000" m_ty="-214.000000"/>
  </frame>
  <frame idx="2025" w="638" h="763" x="180.000000" y="13.000000">
   <element name="images" layername="open" frame="1" z_index="2" m_a="1.000000" m_b="0.000000" m_c="0.000000" m_d="1.000000" m_tx="0.000000" m_ty="0.000000"/>
   <element name="images" layername="point" frame="2" z_index="3" m_a="6.300000" m_b="0.000000" m_c="0.000000" m_d="6.300000" m_tx="-20.000000" m_ty="-214.000000"/>
  </frame>
  <frame idx="2050" w="637" h="762" x="178.333313" y="11.333313">
   <element name="images" layername="open" frame="1" z_index="2" m_a="1.000000" m_b="0.000000" m_c="0.000000" m_d="1.000000" m_tx="0.000000" m_ty="0.000000"/>
   <element name="images" layername="point" frame="2" z_index="3" m_a="6.266666" m_b="0.000000" m_c="0.000000" m_d="6.266666" m_tx="-20.000000" m_ty="-214.000000"/>
  </frame>
  <frame idx="2075" w="635" h="759" x="176.666687" y="9.666687">
   <element name="images" layername="open" frame="1" z_index="2" m_a="1.000000" m_b="0.000000" m_c="0.000000" m_d="1.000000" m_tx="0.000000" m_ty="0.000000"/>
   <element name="images" layername="point" frame="2" z_index="3" m_a="6.233334" m_b="0.000000" m_c="0.000000" m_d="6.233334" m_tx="-20.000000" m_ty="-214.000000"/>
  </frame>
  <frame idx="2100" w="633" h="757" x="175.000000" y="8.000000">
   <element name="images" layername="open" frame="1" z_index="2" m_a="1.000000" m_b="0.000000" m_c="0.000000" m_d="1.000000" m_tx="0.000000" m_ty="0.000000"/>
   <element name="images" layername="point" frame="2" z_index="3" m_a="6.200000" m_b="0.000000" m_c="0.000000" m_d="6.200000" m_tx="-20.000000" m_ty="-214.000000"/>
  </frame>
  <frame idx="2125" w="632" h="756" x="173.333313" y="6.333313">
   <element name="images" layername="open" frame="1" z_index="2" m_a="1.000000" m_b="0.000000" m_c="0.000000" m_d="1.000000" m_tx="0.000000" m_ty="0.000000"/>
   <element name="images" layername="point" frame="2" z_index="3" m_a="6.166667" m_b="0.000000" m_c="0.000000" m_d="6.166667" m_tx="-20.000000" m_ty="-214.000000"/>
  </frame>
  <frame idx="2150" w="630" h="754" x="171.666656" y="4.666656">
   <element name="images" layername="open" frame="1" z_index="2" m_a="1.000000" m_b="0.000000" m_c="0.000000" m_d="1.000000" m_tx="0.000000" m_ty="0.000000"/>
   <element name="images" layername="point" frame="2" z_index="3" m_a="6.133333" m_b="0.000000" m_c="0.000000" m_d="6.133333" m_tx="-20.000000" m_ty="-214.000000"/>
  </frame>
  <frame idx="2175" w="627" h="752" x="170.000000" y="3.000000">
   <element name="images" layername="open" frame="1" z_index="2" m_a="1.000000" m_b="0.000000" m_c="0.000000" m_d="1.000000" m_tx="0.000000" m_ty="0.000000"/>
   <element name="images" layername="point" frame="2" z_index="3" m_a="6.100000" m_b="0.000000" m_c="0.000000" m_d="6.100000" m_tx="-20.000000" m_ty="-214.000000"/>
  </frame>
  <frame idx="2200" w="626" h="751" x="168.333344" y="1.333344">
   <element name="images" layername="open" frame="1" z_index="2" m_a="1.000000" m_b="0.000000" m_c="0.000000" m_d="1.000000" m_tx="0.000000" m_ty="0.000000"/>
   <element name="images" layername="point" frame="2" z_index="3" m_a="6.066667" m_b="0.000000" m_c="0.000000" m_d="6.066667" m_tx="-20.000000" m_ty="-214.000000"/>
  </frame>
  <frame idx="2225" w="624" h="748" x="166.666656" y="-0.333344">
   <element name="images" layername="open" frame="1" z_index="2" m_a="1.000000" m_b="0.000000" m_c="0.000000" m_d="1.000000" m_tx="0.000000" m_ty="0.000000"/>
   <element name="images" layername="point" frame="2" z_index="3" m_a="6.033333" m_b="0.000000" m_c="0.000000" m_d="6.033333" m_tx="-20.000000" m_ty="-214.000000"/>
  </frame>
  <frame idx="2250" w="622" h="746" x="165.000000" y="-2.000000">
   <element name="images" layername="open" frame="1" z_index="2" m_a="1.000000" m_b="0.000000" m_c="0.000000" m_d="1.000000" m_tx="0.000000" m_ty="0.000000"/>
   <element name="images" layername="point" frame="2" z_index="3" m_a="6.000000" m_b="0.000000" m_c="0.000000" m_d="6.000000" m_tx="-20.000000" m_ty="-214.000000"/>
  </frame>
  <frame idx="2275" w="621" h="745" x="163.333344" y="-3.666656">
   <element name="images" layername="open" frame="1" z_index="2" m_a="1.000000" m_b="0.000000" m_c="0.000000" m_d="1.000000" m_tx="0.000000" m_ty="0.000000"/>
   <element name="images" layername="point" frame="2" z_index="3" m_a="5.966667" m_b="0.000000" m_c="0.000000" m_d="5.966667" m_tx="-20.000000" m_ty="-214.000000"/>
  </frame>
  <frame idx="2300" w="619" h="743" x="161.666656" y="-5.333344">
   <element name="images" layername="open" frame="1" z_index="2" m_a="1.000000" m_b="0.000000" m_c="0.000000" m_d="1.000000" m_tx="0.000000" m_ty="0.000000"/>
   <element name="images" layername="point" frame="2" z_index="3" m_a="5.933333" m_b="0.000000" m_c="0.000000" m_d="5.933333" m_tx="-20.000000" m_ty="-214.000000"/>
  </frame>
  <frame idx="2325" w="616" h="741" x="160.000000" y="-7.000000">
   <element name="images" layername="open" frame="1" z_index="2" m_a="1.000000" m_b="0.000000" m_c="0.000000" m_d="1.000000" m_tx="0.000000" m_ty="0.000000"/>
   <element name="images" layername="point" frame="2" z_index="3" m_a="5.900000" m_b="0.000000" m_c="0.000000" m_d="5.900000" m_tx="-20.000000" m_ty="-214.000000"/>
  </frame>
  <frame idx="2350" w="615" h="740" x="158.333344" y="-8.666656">
   <element name="images" layername="open" frame="1" z_index="2" m_a="1.000000" m_b="0.000000" m_c="0.000000" m_d="1.000000" m_tx="0.000000" m_ty="0.000000"/>
   <element name="images" layername="point" frame="2" z_index="3" m_a="5.866667" m_b="0.000000" m_c="0.000000" m_d="5.866667" m_tx="-20.000000" m_ty="-214.000000"/>
  </frame>
  <frame idx="2375" w="613" h="737" x="156.666687" y="-10.333313">
   <element name="images" layername="open" frame="1" z_index="2" m_a="1.000000" m_b="0.000000" m_c="0.000000" m_d="1.000000" m_tx="0.000000" m_ty="0.000000"/>
   <element name="images" layername="point" frame="2" z_index="3" m_a="5.833333" m_b="0.000000" m_c="0.000000" m_d="5.833333" m_tx="-20.000000" m_ty="-214.000000"/>
  </frame>
  <frame idx="2400" w="611" h="735" x="155.000000" y="-12.000000">
   <element name="images" layername="open" frame="1" z_index="2" m_a="1.000000" m_b="0.000000" m_c="0.000000" m_d="1.000000" m_tx="0.000000" m_ty="0.000000"/>
   <element name="images" layername="point" frame="2" z_index="3" m_a="5.800000" m_b="0.000000" m_c="0.000000" m_d="5.800000" m_tx="-20.000000" m_ty="-214.000000"/>
  </frame>
  <frame idx="2425" w="610" h="734" x="153.333313" y="-13.666687">
   <element name="images" layername="open" frame="1" z_index="2" m_a="1.000000" m_b="0.000000" m_c="0.000000" m_d="1.000000" m_tx="0.000000" m_ty="0.000000"/>
   <element name="images" layername="point" frame="2" z_index="3" m_a="5.766666" m_b="0.000000" m_c="0.000000" m_d="5.766666" m_tx="-20.000000" m_ty="-214.000000"/>
  </frame>
  <frame idx="2450" w="608" h="732" x="151.666687" y="-15.333313">
   <element name="images" layername="open" frame="1" z_index="2" m_a="1.000000" m_b="0.000000" m_c="0.000000" m_d="1.000000" m_tx="0.000000" m_ty="0.000000"/>
   <element name="images" layername="point" frame="2" z_index="3" m_a="5.733334" m_b="0.000000" m_c="0.000000" m_d="5.733334" m_tx="-20.000000" m_ty="-214.000000"/>
  </frame>
  <frame idx="2475" w="605" h="730" x="150.000000" y="-17.000000">
   <element name="images" layername="open" frame="1" z_index="2" m_a="1.000000" m_b="0.000000" m_c="0.000000" m_d="1.000000" m_tx="0.000000" m_ty="0.000000"/>
   <element name="images" layername="point" frame="2" z_index="3" m_a="5.700000" m_b="0.000000" m_c="0.000000" m_d="5.700000" m_tx="-20.000000" m_ty="-214.000000"/>
  </frame>
  <frame idx="2500" w="604" h="729" x="148.333313" y="-18.666687">
   <element name="images" layername="open" frame="1" z_index="2" m_a="1.000000" m_b="0.000000" m_c="0.000000" m_d="1.000000" m_tx="0.000000" m_ty="0.000000"/>
   <element name="images" layername="point" frame="2" z_index="3" m_a="5.666667" m_b="0.000000" m_c="0.000000" m_d="5.666667" m_tx="-20.000000" m_ty="-214.000000"/>
  </frame>
  <frame idx="2525" w="602" h="726" x="146.666656" y="-20.333344">
   <element name="images" layername="open" frame="1" z_index="2" m_a="1.000000" m_b="0.000000" m_c="0.000000" m_d="1.000000" m_tx="0.000000" m_ty="0.000000"/>
   <element name="images" layername="point" frame="2" z_index="3" m_a="5.633333" m_b="0.000000" m_c="0.000000" m_d="5.633333" m_tx="-20.000000" m_ty="-214.000000"/>
  </frame>
  <frame idx="2550" w="600" h="724" x="145.000000" y="-22.000000">
   <element name="images" layername="open" frame="1" z_index="2" m_a="1.000000" m_b="0.000000" m_c="0.000000" m_d="1.000000" m_tx="0.000000" m_ty="0.000000"/>
   <element name="images" layername="point" frame="2" z_index="3" m_a="5.600000" m_b="0.000000" m_c="0.000000" m_d="5.600000" m_tx="-20.000000" m_ty="-214.000000"/>
  </frame>
  <frame idx="2575" w="599" h="723" x="143.333344" y="-23.666656">
   <element name="images" layername="open" frame="1" z_index="2" m_a="1.000000" m_b="0.000000" m_c="0.000000" m_d="1.000000" m_tx="0.000000" m_ty="0.000000"/>
   <element name="images" layername="point" frame="2" z_index="3" m_a="5.566667" m_b="0.000000" m_c="0.000000" m_d="5.566667" m_tx="-20.000000" m_ty="-214.000000"/>
  </frame>
  <frame idx="2600" w="597" h="721" x="141.666656" y="-25.333344">
   <element name="images" layername="open" frame="1" z_index="2" m_a="1.000000" m_b="0.000000" m_c="0.000000" m_d="1.000000" m_tx="0.000000" m_ty="0.000000"/>
   <element name="images" layername="point" frame="2" z_index="3" m_a="5.533333" m_b="0.000000" m_c="0.000000" m_d="5.533333" m_tx="-20.000000" m_ty="-214.000000"/>
  </frame>
  <frame idx="2625" w="594" h="719" x="140.000000" y="-27.000000">
   <element name="images" layername="open" frame="1" z_index="2" m_a="1.000000" m_b="0.000000" m_c="0.000000" m_d="1.000000" m_tx="0.000000" m_ty="0.000000"/>
   <element name="images" layername="point" frame="2" z_index="3" m_a="5.500000" m_b="0.000000" m_c="0.000000" m_d="5.500000" m_tx="-20.000000" m_ty="-214.000000"/>
  </frame>
  <frame idx="2650" w="593" h="718" x="138.333344" y="-28.666656">
   <element name="images" layername="open" frame="1" z_index="2" m_a="1.000000" m_b="0.000000" m_c="0.000000" m_d="1.000000" m_tx="0.000000" m_ty="0.000000"/>
   <element name="images" layername="point" frame="2" z_index="3" m_a="5.466667" m_b="0.000000" m_c="0.000000" m_d="5.466667" m_tx="-20.000000" m_ty="-214.000000"/>
  </frame>
  <frame idx="2675" w="591" h="715" x="136.666656" y="-30.333344">
   <element name="images" layername="open" frame="1" z_index="2" m_a="1.000000" m_b="0.000000" m_c="0.000000" m_d="1.000000" m_tx="0.000000" m_ty="0.000000"/>
   <element name="images" layername="point" frame="2" z_index="3" m_a="5.433333" m_b="0.000000" m_c="0.000000" m_d="5.433333" m_tx="-20.000000" m_ty="-214.000000"/>
  </frame>
  <frame idx="2700" w="589" h="713" x="135.000000" y="-32.000000">
   <element name="images" layername="open" frame="1" z_index="2" m_a="1.000000" m_b="0.000000" m_c="0.000000" m_d="1.000000" m_tx="0.000000" m_ty="0.000000"/>
   <element name="images" layername="point" frame="2" z_index="3" m_a="5.400000" m_b="0.000000" m_c="0.000000" m_d="5.400000" m_tx="-20.000000" m_ty="-214.000000"/>
  </frame>
  <frame idx="2725" w="588" h="712" x="133.333344" y="-33.666656">
   <element name="images" layername="open" frame="1" z_index="2" m_a="1.000000" m_b="0.000000" m_c="0.000000" m_d="1.000000" m_tx="0.000000" m_ty="0.000000"/>
   <element name="images" layername="point" frame="2" z_index="3" m_a="5.366667" m_b="0.000000" m_c="0.000000" m_d="5.366667" m_tx="-20.000000" m_ty="-214.000000"/>
  </frame>
  <frame idx="2750" w="586" h="710" x="131.666687" y="-35.333313">
   <element name="images" layername="open" frame="1" z_index="2" m_a="1.000000" m_b="0.000000" m_c="0.000000" m_d="1.000000" m_tx="0.000000" m_ty="0.000000"/>
   <element name="images" layername="point" frame="2" z_index="3" m_a="5.333333" m_b="0.000000" m_c="0.000000" m_d="5.333333" m_tx="-20.000000" m_ty="-214.000000"/>
  </frame>
  <frame idx="2775" w="583" h="708" x="130.000000" y="-37.000000">
   <element name="images" layername="open" frame="1" z_index="2" m_a="1.000000" m_b="0.000000" m_c="0.000000" m_d="1.000000" m_tx="0.000000" m_ty="0.000000"/>
   <element name="images" layername="point" frame="2" z_index="3" m_a="5.300000" m_b="0.000000" m_c="0.000000" m_d="5.300000" m_tx="-20.000000" m_ty="-214.000000"/>
  </frame>
  <frame idx="2800" w="582" h="707" x="128.333313" y="-38.666687">
   <element name="images" layername="open" frame="1" z_index="2" m_a="1.000000" m_b="0.000000" m_c="0.000000" m_d="1.000000" m_tx="0.000000" m_ty="0.000000"/>
   <element name="images" layername="point" frame="2" z_index="3" m_a="5.266666" m_b="0.000000" m_c="0.000000" m_d="5.266666" m_tx="-20.000000" m_ty="-214.000000"/>
  </frame>
  <frame idx="2825" w="580" h="704" x="126.666687" y="-40.333313">
   <element name="images" layername="open" frame="1" z_index="2" m_a="1.000000" m_b="0.000000" m_c="0.000000" m_d="1.000000" m_tx="0.000000" m_ty="0.000000"/>
   <element name="images" layername="point" frame="2" z_index="3" m_a="5.233334" m_b="0.000000" m_c="0.000000" m_d="5.233334" m_tx="-20.000000" m_ty="-214.000000"/>
  </frame>
  <frame idx="2850" w="578" h="702" x="125.000000" y="-42.000000">
   <element name="images" layername="open" frame="1" z_index="2" m_a="1.000000" m_b="0.000000" m_c="0.000000" m_d="1.000000" m_tx="0.000000" m_ty="0.000000"/>
   <element name="images" layername="point" frame="2" z_index="3" m_a="5.200000" m_b="0.000000" m_c="0.000000" m_d="5.200000" m_tx="-20.000000" m_ty="-214.000000"/>
  </frame>
  <frame idx="2875" w="577" h="701" x="123.333313" y="-43.666687">
   <element name="images" layername="open" frame="1" z_index="2" m_a="1.000000" m_b="0.000000" m_c="0.000000" m_d="1.000000" m_tx="0.000000" m_ty="0.000000"/>
   <element name="images" layername="point" frame="2" z_index="3" m_a="5.166667" m_b="0.000000" m_c="0.000000" m_d="5.166667" m_tx="-20.000000" m_ty="-214.000000"/>
  </frame>
  <frame idx="2900" w="575" h="699" x="121.666656" y="-45.333344">
   <element name="images" layername="open" frame="1" z_index="2" m_a="1.000000" m_b="0.000000" m_c="0.000000" m_d="1.000000" m_tx="0.000000" m_ty="0.000000"/>
   <element name="images" layername="point" frame="2" z_index="3" m_a="5.133333" m_b="0.000000" m_c="0.000000" m_d="5.133333" m_tx="-20.000000" m_ty="-214.000000"/>
  </frame>
  <frame idx="2925" w="572" h="697" x="120.000000" y="-47.000000">
   <element name="images" layername="open" frame="1" z_index="2" m_a="1.000000" m_b="0.000000" m_c="0.000000" m_d="1.000000" m_tx="0.000000" m_ty="0.000000"/>
   <element name="images" layername="point" frame="2" z_index="3" m_a="5.100000" m_b="0.000000" m_c="0.000000" m_d="5.100000" m_tx="-20.000000" m_ty="-214.000000"/>
  </frame>
  <frame idx="2950" w="571" h="696" x="118.333313" y="-48.666687">
   <element name="images" layername="open" frame="1" z_index="2" m_a="1.000000" m_b="0.000000" m_c="0.000000" m_d="1.000000" m_tx="0.000000" m_ty="0.000000"/>
   <element name="images" layername="point" frame="2" z_index="3" m_a="5.066667" m_b="0.000000" m_c="0.000000" m_d="5.066667" m_tx="-20.000000" m_ty="-214.000000"/>
  </frame>
  <frame idx="2975" w="569" h="693" x="116.666687" y="-50.333313">
   <element name="images" layername="open" frame="1" z_index="2" m_a="1.000000" m_b="0.000000" m_c="0.000000" m_d="1.000000" m_tx="0.000000" m_ty="0.000000"/>
   <element name="images" layername="point" frame="2" z_index="3" m_a="5.033333" m_b="0.000000" m_c="0.000000" m_d="5.033333" m_tx="-20.000000" m_ty="-214.000000"/>
  </frame>
 </anim>
 <anim name="close" root="zxcatllight" numframes="1000" framerate="40">
  <frame idx="0" w="440" h="594" x="0.000000" y="-140.000000">
   <element name="images" layername="close" frame="0" z_index="3" m_a="1.000000" m_b="0.000000" m_c="0.000000" m_d="1.000000" m_tx="0.000000" m_ty="0.000000"/>
  </frame>
  <frame idx="25" w="440" h="594" x="0.000000" y="-140.000000">
   <element name="images" layername="close" frame="0" z_index="3" m_a="1.000000" m_b="0.000000" m_c="0.000000" m_d="1.000000" m_tx="0.000000" m_ty="0.000000"/>
  </frame>
  <frame idx="50" w="440" h="594" x="0.000000" y="-140.000000">
   <element name="images" layername="close" frame="0" z_index="3" m_a="1.000000" m_b="0.000000" m_c="0.000000" m_d="1.000000" m_tx="0.000000" m_ty="0.000000"/>
  </frame>
  <frame idx="75" w="440" h="594" x="0.000000" y="-140.000000">
   <element name="images" layername="close" frame="0" z_index="3" m_a="1.000000" m_b="0.000000" m_c="0.000000" m_d="1.000000" m_tx="0.000000" m_ty="0.000000"/>
  </frame>
  <frame idx="100" w="440" h="594" x="0.000000" y="-140.000000">
   <element name="images" layername="close" frame="0" z_index="3" m_a="1.000000" m_b="0.000000" m_c="0.000000" m_d="1.000000" m_tx="0.000000" m_ty="0.000000"/>
  </frame>
  <frame idx="125" w="440" h="594" x="0.000000" y="-140.000000">
   <element name="images" layername="close" frame="0" z_index="3" m_a="1.000000" m_b="0.000000" m_c="0.000000" m_d="1.000000" m_tx="0.000000" m_ty="0.000000"/>
  </frame>
  <frame idx="150" w="440" h="594" x="0.000000" y="-140.000000">
   <element name="images" layername="close" frame="0" z_index="3" m_a="1.000000" m_b="0.000000" m_c="0.000000" m_d="1.000000" m_tx="0.000000" m_ty="0.000000"/>
  </frame>
  <frame idx="175" w="440" h="594" x="0.000000" y="-140.000000">
   <element name="images" layername="close" frame="0" z_index="3" m_a="1.000000" m_b="0.000000" m_c="0.000000" m_d="1.000000" m_tx="0.000000" m_ty="0.000000"/>
  </frame>
  <frame idx="200" w="440" h="594" x="0.000000" y="-140.000000">
   <element name="images" layername="close" frame="0" z_index="3" m_a="1.000000" m_b="0.000000" m_c="0.000000" m_d="1.000000" m_tx="0.000000" m_ty="0.000000"/>
  </frame>
  <frame idx="225" w="440" h="594" x="0.000000" y="-140.000000">
   <element name="images" layername="close" frame="0" z_index="3" m_a="1.000000" m_b="0.000000" m_c="0.000000" m_d="1.000000" m_tx="0.000000" m_ty="0.000000"/>
  </frame>
  <frame idx="250" w="440" h="594" x="0.000000" y="-140.000000">
   <element name="images" layername="close" frame="0" z_index="3" m_a="1.000000" m_b="0.000000" m_c="0.000000" m_d="1.000000" m_tx="0.000000" m_ty="0.000000"/>
  </frame>
  <frame idx="275" w="440" h="594" x="0.000000" y="-140.000000">
   <element name="images" layername="close" frame="0" z_index="3" m_a="1.000000" m_b="0.000000" m_c="0.000000" m_d="1.000000" m_tx="0.000000" m_ty="0.000000"/>
  </frame>
  <frame idx="300" w="440" h="594" x="0.000000" y="-140.000000">
   <element name="images" layername="close" frame="0" z_index="3" m_a="1.000000" m_b="0.000000" m_c="0.000000" m_d="1.000000" m_tx="0.000000" m_ty="0.000000"/>
  </frame>
  <frame idx="325" w="440" h="594" x="0.000000" y="-140.000000">
   <element name="images" layername="close" frame="0" z_index="3" m_a="1.000000" m_b="0.000000" m_c="0.000000" m_d="1.000000" m_tx="0.000000" m_ty="0.000000"/>
  </frame>
  <frame idx="350" w="440" h="594" x="0.000000" y="-140.000000">
   <element name="images" layername="close" frame="0" z_index="3" m_a="1.000000" m_b="0.000000" m_c="0.000000" m_d="1.000000" m_tx="0.000000" m_ty="0.000000"/>
  </frame>
  <frame idx="375" w="440" h="594" x="0.000000" y="-140.000000">
   <element name="images" layername="close" frame="0" z_index="3" m_a="1.000000" m_b="0.000000" m_c="0.000000" m_d="1.000000" m_tx="0.000000" m_ty="0.000000"/>
  </frame>
  <frame idx="400" w="440" h="594" x="0.000000" y="-140.000000">
   <element name="images" layername="close" frame="0" z_index="3" m_a="1.000000" m_b="0.000000" m_c="0.000000" m_d="1.000000" m_tx="0.000000" m_ty="0.000000"/>
  </frame>
  <frame idx="425" w="440" h="594" x="0.000000" y="-140.000000">
   <element name="images" layername="close" frame="0" z_index="3" m_a="1.000000" m_b="0.000000" m_c="0.000000" m_d="1.000000" m_tx="0.000000" m_ty="0.000000"/>
  </frame>
  <frame idx="450" w="440" h="594" x="0.000000" y="-140.000000">
   <element name="images" layername="close" frame="0" z_index="3" m_a="1.000000" m_b="0.000000" m_c="0.000000" m_d="1.000000" m_tx="0.000000" m_ty="0.000000"/>
  </frame>
  <frame idx="475" w="440" h="594" x="0.000000" y="-140.000000">
   <element name="images" layername="close" frame="0" z_index="3" m_a="1.000000" m_b="0.000000" m_c="0.000000" m_d="1.000000" m_tx="0.000000" m_ty="0.000000"/>
  </frame>
  <frame idx="500" w="440" h="594" x="0.000000" y="-140.000000">
   <element name="images" layername="close" frame="0" z_index="3" m_a="1.000000" m_b="0.000000" m_c="0.000000" m_d="1.000000" m_tx="0.000000" m_ty="0.000000"/>
  </frame>
  <frame idx="525" w="440" h="594" x="0.000000" y="-140.000000">
   <element name="images" layername="close" frame="0" z_index="3" m_a="1.000000" m_b="0.000000" m_c="0.000000" m_d="1.000000" m_tx="0.000000" m_ty="0.000000"/>
  </frame>
  <frame idx="550" w="440" h="594" x="0.000000" y="-140.000000">
   <element name="images" layername="close" frame="0" z_index="3" m_a="1.000000" m_b="0.000000" m_c="0.000000" m_d="1.000000" m_tx="0.000000" m_ty="0.000000"/>
  </frame>
  <frame idx="575" w="440" h="594" x="0.000000" y="-140.000000">
   <element name="images" layername="close" frame="0" z_index="3" m_a="1.000000" m_b="0.000000" m_c="0.000000" m_d="1.000000" m_tx="0.000000" m_ty="0.000000"/>
  </frame>
  <frame idx="600" w="440" h="594" x="0.000000" y="-140.000000">
   <element name="images" layername="close" frame="0" z_index="3" m_a="1.000000" m_b="0.000000" m_c="0.000000" m_d="1.000000" m_tx="0.000000" m_ty="0.000000"/>
  </frame>
  <frame idx="625" w="440" h="594" x="0.000000" y="-140.000000">
   <element name="images" layername="close" frame="0" z_index="3" m_a="1.000000" m_b="0.000000" m_c="0.000000" m_d="1.000000" m_tx="0.000000" m_ty="0.000000"/>
  </frame>
  <frame idx="650" w="440" h="594" x="0.000000" y="-140.000000">
   <element name="images" layername="close" frame="0" z_index="3" m_a="1.000000" m_b="0.000000" m_c="0.000000" m_d="1.000000" m_tx="0.000000" m_ty="0.000000"/>
  </frame>
  <frame idx="675" w="440" h="594" x="0.000000" y="-140.000000">
   <element name="images" layername="close" frame="0" z_index="3" m_a="1.000000" m_b="0.000000" m_c="0.000000" m_d="1.000000" m_tx="0.000000" m_ty="0.000000"/>
  </frame>
  <frame idx="700" w="440" h="594" x="0.000000" y="-140.000000">
   <element name="images" layername="close" frame="0" z_index="3" m_a="1.000000" m_b="0.000000" m_c="0.000000" m_d="1.000000" m_tx="0.000000" m_ty="0.000000"/>
  </frame>
  <frame idx="725" w="440" h="594" x="0.000000" y="-140.000000">
   <element name="images" layername="close" frame="0" z_index="3" m_a="1.000000" m_b="0.000000" m_c="0.000000" m_d="1.000000" m_tx="0.000000" m_ty="0.000000"/>
  </frame>
  <frame idx="750" w="440" h="594" x="0.000000" y="-140.000000">
   <element name="images" layername="close" frame="0" z_index="3" m_a="1.000000" m_b="0.000000" m_c="0.000000" m_d="1.000000" m_tx="0.000000" m_ty="0.000000"/>
  </frame>
  <frame idx="775" w="440" h="594" x="0.000000" y="-140.000000">
   <element name="images" layername="close" frame="0" z_index="3" m_a="1.000000" m_b="0.000000" m_c="0.000000" m_d="1.000000" m_tx="0.000000" m_ty="0.000000"/>
  </frame>
  <frame idx="800" w="440" h="594" x="0.000000" y="-140.000000">
   <element name="images" layername="close" frame="0" z_index="3" m_a="1.000000" m_b="0.000000" m_c="0.000000" m_d="1.000000" m_tx="0.000000" m_ty="0.000000"/>
  </frame>
  <frame idx="825" w="440" h="594" x="0.000000" y="-140.000000">
   <element name="images" layername="close" frame="0" z_index="3" m_a="1.000000" m_b="0.000000" m_c="0.000000" m_d="1.000000" m_tx="0.000000" m_ty="0.000000"/>
  </frame>
  <frame idx="850" w="440" h="594" x="0.000000" y="-140.000000">
   <element name="images" layername="close" frame="0" z_index="3" m_a="1.000000" m_b="0.000000" m_c="0.000000" m_d="1.000000" m_tx="0.000000" m_ty="0.000000"/>
  </frame>
  <frame idx="875" w="440" h="594" x="0.000000" y="-140.000000">
   <element name="images" layername="close" frame="0" z_index="3" m_a="1.000000" m_b="0.000000" m_c="0.000000" m_d="1.000000" m_tx="0.000000" m_ty="0.000000"/>
  </frame>
  <frame idx="900" w="440" h="594" x="0.000000" y="-140.000000">
   <element name="images" layername="close" frame="0" z_index="3" m_a="1.000000" m_b="0.000000" m_c="0.000000" m_d="1.000000" m_tx="0.000000" m_ty="0.000000"/>
  </frame>
  <frame idx="925" w="440" h="594" x="0.000000" y="-140.000000">
   <element name="images" layername="close" frame="0" z_index="3" m_a="1.000000" m_b="0.000000" m_c="0.000000" m_d="1.000000" m_tx="0.000000" m_ty="0.000000"/>
  </frame>
  <frame idx="950" w="440" h="594" x="0.000000" y="-140.000000">
   <element name="images" layername="close" frame="0" z_index="3" m_a="1.000000" m_b="0.000000" m_c="0.000000" m_d="1.000000" m_tx="0.000000" m_ty="0.000000"/>
  </frame>
  <frame idx="975" w="440" h="594" x="0.000000" y="-140.000000">
   <element name="images" layername="close" frame="0" z_index="3" m_a="1.000000" m_b="0.000000" m_c="0.000000" m_d="1.000000" m_tx="0.000000" m_ty="0.000000"/>
  </frame>
 </anim>
</Anims>
