<Anims>
 <anim name="open" root="zxashcan2" numframes="400" framerate="40">
  <frame idx="0" w="440" h="616" x="0.000000" y="-160.000000">
   <element name="images" layername="open" frame="0" z_index="3" m_a="1.000000" m_b="0.000000" m_c="0.000000" m_d="1.000000" m_tx="0.000000" m_ty="0.000000"/>
  </frame>
  <frame idx="25" w="440" h="616" x="0.000000" y="-160.000000">
   <element name="images" layername="open" frame="0" z_index="3" m_a="1.000000" m_b="0.000000" m_c="0.000000" m_d="1.000000" m_tx="0.000000" m_ty="0.000000"/>
  </frame>
  <frame idx="50" w="440" h="616" x="0.000000" y="-160.000000">
   <element name="images" layername="open" frame="0" z_index="3" m_a="1.000000" m_b="0.000000" m_c="0.000000" m_d="1.000000" m_tx="0.000000" m_ty="0.000000"/>
  </frame>
  <frame idx="75" w="440" h="616" x="0.000000" y="-160.000000">
   <element name="images" layername="open" frame="0" z_index="3" m_a="1.000000" m_b="0.000000" m_c="0.000000" m_d="1.000000" m_tx="0.000000" m_ty="0.000000"/>
  </frame>
  <frame idx="100" w="440" h="616" x="0.000000" y="-160.000000">
   <element name="images" layername="open" frame="0" z_index="3" m_a="1.000000" m_b="0.000000" m_c="0.000000" m_d="1.000000" m_tx="0.000000" m_ty="0.000000"/>
  </frame>
  <frame idx="125" w="440" h="616" x="0.000000" y="-160.000000">
   <element name="images" layername="open" frame="0" z_index="3" m_a="1.000000" m_b="0.000000" m_c="0.000000" m_d="1.000000" m_tx="0.000000" m_ty="0.000000"/>
  </frame>
  <frame idx="150" w="440" h="616" x="0.000000" y="-160.000000">
   <element name="images" layername="open" frame="0" z_index="3" m_a="1.000000" m_b="0.000000" m_c="0.000000" m_d="1.000000" m_tx="0.000000" m_ty="0.000000"/>
  </frame>
  <frame idx="175" w="440" h="616" x="0.000000" y="-160.000000">
   <element name="images" layername="open" frame="0" z_index="3" m_a="1.000000" m_b="0.000000" m_c="0.000000" m_d="1.000000" m_tx="0.000000" m_ty="0.000000"/>
  </frame>
  <frame idx="200" w="440" h="616" x="0.000000" y="-160.000000">
   <element name="images" layername="open" frame="0" z_index="3" m_a="1.000000" m_b="0.000000" m_c="0.000000" m_d="1.000000" m_tx="0.000000" m_ty="0.000000"/>
  </frame>
  <frame idx="225" w="440" h="616" x="0.000000" y="-160.000000">
   <element name="images" layername="open" frame="0" z_index="3" m_a="1.000000" m_b="0.000000" m_c="0.000000" m_d="1.000000" m_tx="0.000000" m_ty="0.000000"/>
  </frame>
  <frame idx="250" w="440" h="616" x="0.000000" y="-160.000000">
   <element name="images" layername="open" frame="0" z_index="3" m_a="1.000000" m_b="0.000000" m_c="0.000000" m_d="1.000000" m_tx="0.000000" m_ty="0.000000"/>
  </frame>
  <frame idx="275" w="440" h="616" x="0.000000" y="-160.000000">
   <element name="images" layername="open" frame="0" z_index="3" m_a="1.000000" m_b="0.000000" m_c="0.000000" m_d="1.000000" m_tx="0.000000" m_ty="0.000000"/>
  </frame>
  <frame idx="300" w="440" h="616" x="0.000000" y="-160.000000">
   <element name="images" layername="open" frame="0" z_index="3" m_a="1.000000" m_b="0.000000" m_c="0.000000" m_d="1.000000" m_tx="0.000000" m_ty="0.000000"/>
  </frame>
  <frame idx="325" w="440" h="616" x="0.000000" y="-160.000000">
   <element name="images" layername="open" frame="0" z_index="3" m_a="1.000000" m_b="0.000000" m_c="0.000000" m_d="1.000000" m_tx="0.000000" m_ty="0.000000"/>
  </frame>
  <frame idx="350" w="440" h="616" x="0.000000" y="-160.000000">
   <element name="images" layername="open" frame="0" z_index="3" m_a="1.000000" m_b="0.000000" m_c="0.000000" m_d="1.000000" m_tx="0.000000" m_ty="0.000000"/>
  </frame>
  <frame idx="375" w="440" h="616" x="0.000000" y="-160.000000">
   <element name="images" layername="open" frame="0" z_index="3" m_a="1.000000" m_b="0.000000" m_c="0.000000" m_d="1.000000" m_tx="0.000000" m_ty="0.000000"/>
  </frame>
 </anim>
 <anim name="close" root="zxashcan2" numframes="400" framerate="40">
  <frame idx="0" w="440" h="616" x="0.000000" y="-160.000000">
   <element name="images" layername="close" frame="1" z_index="3" m_a="1.000000" m_b="0.000000" m_c="0.000000" m_d="1.000000" m_tx="0.000000" m_ty="0.000000"/>
  </frame>
  <frame idx="25" w="440" h="616" x="0.000000" y="-160.000000">
   <element name="images" layername="close" frame="1" z_index="3" m_a="1.000000" m_b="0.000000" m_c="0.000000" m_d="1.000000" m_tx="0.000000" m_ty="0.000000"/>
  </frame>
  <frame idx="50" w="440" h="616" x="0.000000" y="-160.000000">
   <element name="images" layername="close" frame="1" z_index="3" m_a="1.000000" m_b="0.000000" m_c="0.000000" m_d="1.000000" m_tx="0.000000" m_ty="0.000000"/>
  </frame>
  <frame idx="75" w="440" h="616" x="0.000000" y="-160.000000">
   <element name="images" layername="close" frame="1" z_index="3" m_a="1.000000" m_b="0.000000" m_c="0.000000" m_d="1.000000" m_tx="0.000000" m_ty="0.000000"/>
  </frame>
  <frame idx="100" w="440" h="616" x="0.000000" y="-160.000000">
   <element name="images" layername="close" frame="1" z_index="3" m_a="1.000000" m_b="0.000000" m_c="0.000000" m_d="1.000000" m_tx="0.000000" m_ty="0.000000"/>
  </frame>
  <frame idx="125" w="440" h="616" x="0.000000" y="-160.000000">
   <element name="images" layername="close" frame="1" z_index="3" m_a="1.000000" m_b="0.000000" m_c="0.000000" m_d="1.000000" m_tx="0.000000" m_ty="0.000000"/>
  </frame>
  <frame idx="150" w="440" h="616" x="0.000000" y="-160.000000">
   <element name="images" layername="close" frame="1" z_index="3" m_a="1.000000" m_b="0.000000" m_c="0.000000" m_d="1.000000" m_tx="0.000000" m_ty="0.000000"/>
  </frame>
  <frame idx="175" w="440" h="616" x="0.000000" y="-160.000000">
   <element name="images" layername="close" frame="1" z_index="3" m_a="1.000000" m_b="0.000000" m_c="0.000000" m_d="1.000000" m_tx="0.000000" m_ty="0.000000"/>
  </frame>
  <frame idx="200" w="440" h="616" x="0.000000" y="-160.000000">
   <element name="images" layername="close" frame="1" z_index="3" m_a="1.000000" m_b="0.000000" m_c="0.000000" m_d="1.000000" m_tx="0.000000" m_ty="0.000000"/>
  </frame>
  <frame idx="225" w="440" h="616" x="0.000000" y="-160.000000">
   <element name="images" layername="close" frame="1" z_index="3" m_a="1.000000" m_b="0.000000" m_c="0.000000" m_d="1.000000" m_tx="0.000000" m_ty="0.000000"/>
  </frame>
  <frame idx="250" w="440" h="616" x="0.000000" y="-160.000000">
   <element name="images" layername="close" frame="1" z_index="3" m_a="1.000000" m_b="0.000000" m_c="0.000000" m_d="1.000000" m_tx="0.000000" m_ty="0.000000"/>
  </frame>
  <frame idx="275" w="440" h="616" x="0.000000" y="-160.000000">
   <element name="images" layername="close" frame="1" z_index="3" m_a="1.000000" m_b="0.000000" m_c="0.000000" m_d="1.000000" m_tx="0.000000" m_ty="0.000000"/>
  </frame>
  <frame idx="300" w="440" h="616" x="0.000000" y="-160.000000">
   <element name="images" layername="close" frame="1" z_index="3" m_a="1.000000" m_b="0.000000" m_c="0.000000" m_d="1.000000" m_tx="0.000000" m_ty="0.000000"/>
  </frame>
  <frame idx="325" w="440" h="616" x="0.000000" y="-160.000000">
   <element name="images" layername="close" frame="1" z_index="3" m_a="1.000000" m_b="0.000000" m_c="0.000000" m_d="1.000000" m_tx="0.000000" m_ty="0.000000"/>
  </frame>
  <frame idx="350" w="440" h="616" x="0.000000" y="-160.000000">
   <element name="images" layername="close" frame="1" z_index="3" m_a="1.000000" m_b="0.000000" m_c="0.000000" m_d="1.000000" m_tx="0.000000" m_ty="0.000000"/>
  </frame>
  <frame idx="375" w="440" h="616" x="0.000000" y="-160.000000">
   <element name="images" layername="close" frame="1" z_index="3" m_a="1.000000" m_b="0.000000" m_c="0.000000" m_d="1.000000" m_tx="0.000000" m_ty="0.000000"/>
  </frame>
 </anim>
 <anim name="onhit" root="zxashcan2" numframes="400" framerate="40">
  <frame idx="0" w="440" h="616" x="0.000000" y="-160.000000">
   <element name="images" layername="close" frame="1" z_index="3" m_a="1.000000" m_b="0.000000" m_c="0.000000" m_d="1.000000" m_tx="0.000000" m_ty="0.000000"/>
  </frame>
  <frame idx="25" w="445" h="633" x="3.229553" y="-167.946777">
   <element name="images" layername="close" frame="1" z_index="3" m_a="0.999867" m_b="-0.016280" m_c="0.016280" m_d="0.999867" m_tx="0.000000" m_ty="-4.664179"/>
  </frame>
  <frame idx="50" w="448" h="648" x="6.405243" y="-175.945663">
   <element name="images" layername="close" frame="1" z_index="3" m_a="0.999470" m_b="-0.032556" m_c="0.032556" m_d="0.999470" m_tx="0.000000" m_ty="-9.328358"/>
  </frame>
  <frame idx="75" w="451" h="665" x="9.526245" y="-183.995819">
   <element name="images" layername="close" frame="1" z_index="3" m_a="0.998807" m_b="-0.048824" m_c="0.048824" m_d="0.998807" m_tx="0.000000" m_ty="-13.992537"/>
  </frame>
  <frame idx="100" w="455" h="680" x="12.591675" y="-192.096313">
   <element name="images" layername="close" frame="1" z_index="3" m_a="0.997880" m_b="-0.065078" m_c="0.065078" m_d="0.997880" m_tx="0.000000" m_ty="-18.656715"/>
  </frame>
  <frame idx="125" w="458" h="696" x="15.600769" y="-200.246277">
   <element name="images" layername="close" frame="1" z_index="3" m_a="0.996688" m_b="-0.081315" m_c="0.081315" m_d="0.996688" m_tx="0.000000" m_ty="-23.320896"/>
  </frame>
  <frame idx="150" w="455" h="688" x="12.891571" y="-198.781891">
   <element name="images" layername="close" frame="1" z_index="3" m_a="0.997774" m_b="-0.066684" m_c="0.066684" m_d="0.997774" m_tx="0.000000" m_ty="-25.000000"/>
  </frame>
  <frame idx="175" w="448" h="667" x="6.808563" y="-192.048645">
   <element name="images" layername="close" frame="1" z_index="3" m_a="0.999400" m_b="-0.034643" m_c="0.034643" m_d="0.999400" m_tx="0.000000" m_ty="-25.000000"/>
  </frame>
  <frame idx="200" w="442" h="646" x="0.512665" y="-185.513992">
   <element name="images" layername="close" frame="1" z_index="3" m_a="0.999997" m_b="-0.002567" m_c="0.002567" m_d="0.999997" m_tx="0.000000" m_ty="-25.000000"/>
  </frame>
  <frame idx="225" w="460" h="651" x="-5.989578" y="-179.184647">
   <element name="images" layername="close" frame="1" z_index="3" m_a="0.999564" m_b="0.029512" m_c="-0.029512" m_d="0.999564" m_tx="0.000000" m_ty="-25.000000"/>
  </frame>
  <frame idx="250" w="481" h="657" x="-12.691513" y="-173.067154">
   <element name="images" layername="close" frame="1" z_index="3" m_a="0.998103" m_b="0.061561" m_c="-0.061561" m_d="0.998103" m_tx="0.000000" m_ty="-25.000000"/>
  </frame>
  <frame idx="275" w="495" h="662" x="-17.465958" y="-167.979858">
   <element name="images" layername="close" frame="1" z_index="3" m_a="0.996482" m_b="0.083811" m_c="-0.083811" m_d="0.996482" m_tx="0.000000" m_ty="-24.038462"/>
  </frame>
  <frame idx="300" w="484" h="653" x="-13.866074" y="-166.265610">
   <element name="images" layername="close" frame="1" z_index="3" m_a="0.997748" m_b="0.067078" m_c="-0.067078" m_d="0.997748" m_tx="0.000000" m_ty="-19.230770"/>
  </frame>
  <frame idx="325" w="473" h="644" x="-10.318314" y="-164.611618">
   <element name="images" layername="close" frame="1" z_index="3" m_a="0.998733" m_b="0.050324" m_c="-0.050324" m_d="0.998733" m_tx="0.000000" m_ty="-14.423077"/>
  </frame>
  <frame idx="350" w="464" h="635" x="-6.824173" y="-163.016510">
   <element name="images" layername="close" frame="1" z_index="3" m_a="0.999437" m_b="0.033558" m_c="-0.033558" m_d="0.999437" m_tx="0.000000" m_ty="-9.615384"/>
  </frame>
  <frame idx="375" w="453" h="626" x="-3.384323" y="-161.479660">
   <element name="images" layername="close" frame="1" z_index="3" m_a="0.999859" m_b="0.016781" m_c="-0.016781" m_d="0.999859" m_tx="0.000000" m_ty="-4.807693"/>
  </frame>
 </anim>
</Anims>
