<Anims>
 <anim name="empty" root="zxeggbasket2" numframes="400" framerate="40">
  <frame idx="0" w="440" h="571" x="0.000000" y="-119.000000">
   <element name="body" layername="body" frame="0" z_index="7" m_a="1.000000" m_b="0.000000" m_c="0.000000" m_d="1.000000" m_tx="0.000000" m_ty="1.000000"/>
  </frame>
  <frame idx="25" w="440" h="571" x="0.000000" y="-119.000000">
   <element name="body" layername="body" frame="0" z_index="7" m_a="1.000000" m_b="0.000000" m_c="0.000000" m_d="1.000000" m_tx="0.000000" m_ty="1.000000"/>
  </frame>
  <frame idx="50" w="440" h="571" x="0.000000" y="-119.000000">
   <element name="body" layername="body" frame="0" z_index="7" m_a="1.000000" m_b="0.000000" m_c="0.000000" m_d="1.000000" m_tx="0.000000" m_ty="1.000000"/>
  </frame>
  <frame idx="75" w="440" h="571" x="0.000000" y="-119.000000">
   <element name="body" layername="body" frame="0" z_index="7" m_a="1.000000" m_b="0.000000" m_c="0.000000" m_d="1.000000" m_tx="0.000000" m_ty="1.000000"/>
  </frame>
  <frame idx="100" w="440" h="571" x="0.000000" y="-119.000000">
   <element name="body" layername="body" frame="0" z_index="7" m_a="1.000000" m_b="0.000000" m_c="0.000000" m_d="1.000000" m_tx="0.000000" m_ty="1.000000"/>
  </frame>
  <frame idx="125" w="440" h="571" x="0.000000" y="-119.000000">
   <element name="body" layername="body" frame="0" z_index="7" m_a="1.000000" m_b="0.000000" m_c="0.000000" m_d="1.000000" m_tx="0.000000" m_ty="1.000000"/>
  </frame>
  <frame idx="150" w="440" h="571" x="0.000000" y="-119.000000">
   <element name="body" layername="body" frame="0" z_index="7" m_a="1.000000" m_b="0.000000" m_c="0.000000" m_d="1.000000" m_tx="0.000000" m_ty="1.000000"/>
  </frame>
  <frame idx="175" w="440" h="571" x="0.000000" y="-119.000000">
   <element name="body" layername="body" frame="0" z_index="7" m_a="1.000000" m_b="0.000000" m_c="0.000000" m_d="1.000000" m_tx="0.000000" m_ty="1.000000"/>
  </frame>
  <frame idx="200" w="440" h="571" x="0.000000" y="-119.000000">
   <element name="body" layername="body" frame="0" z_index="7" m_a="1.000000" m_b="0.000000" m_c="0.000000" m_d="1.000000" m_tx="0.000000" m_ty="1.000000"/>
  </frame>
  <frame idx="225" w="440" h="571" x="0.000000" y="-119.000000">
   <element name="body" layername="body" frame="0" z_index="7" m_a="1.000000" m_b="0.000000" m_c="0.000000" m_d="1.000000" m_tx="0.000000" m_ty="1.000000"/>
  </frame>
  <frame idx="250" w="440" h="571" x="0.000000" y="-119.000000">
   <element name="body" layername="body" frame="0" z_index="7" m_a="1.000000" m_b="0.000000" m_c="0.000000" m_d="1.000000" m_tx="0.000000" m_ty="1.000000"/>
  </frame>
  <frame idx="275" w="440" h="571" x="0.000000" y="-119.000000">
   <element name="body" layername="body" frame="0" z_index="7" m_a="1.000000" m_b="0.000000" m_c="0.000000" m_d="1.000000" m_tx="0.000000" m_ty="1.000000"/>
  </frame>
  <frame idx="300" w="440" h="571" x="0.000000" y="-119.000000">
   <element name="body" layername="body" frame="0" z_index="7" m_a="1.000000" m_b="0.000000" m_c="0.000000" m_d="1.000000" m_tx="0.000000" m_ty="1.000000"/>
  </frame>
  <frame idx="325" w="440" h="571" x="0.000000" y="-119.000000">
   <element name="body" layername="body" frame="0" z_index="7" m_a="1.000000" m_b="0.000000" m_c="0.000000" m_d="1.000000" m_tx="0.000000" m_ty="1.000000"/>
  </frame>
  <frame idx="350" w="440" h="571" x="0.000000" y="-119.000000">
   <element name="body" layername="body" frame="0" z_index="7" m_a="1.000000" m_b="0.000000" m_c="0.000000" m_d="1.000000" m_tx="0.000000" m_ty="1.000000"/>
  </frame>
  <frame idx="375" w="440" h="571" x="0.000000" y="-119.000000">
   <element name="body" layername="body" frame="0" z_index="7" m_a="1.000000" m_b="0.000000" m_c="0.000000" m_d="1.000000" m_tx="0.000000" m_ty="1.000000"/>
  </frame>
 </anim>
 <anim name="onhit" root="zxeggbasket2" numframes="400" framerate="40">
  <frame idx="0" w="440" h="572" x="0.000000" y="-120.000000">
   <element name="body" layername="body" frame="0" z_index="7" m_a="1.000000" m_b="0.000000" m_c="0.000000" m_d="1.000000" m_tx="0.000000" m_ty="0.000000"/>
  </frame>
  <frame idx="25" w="445" h="589" x="3.328094" y="-128.192078">
   <element name="body" layername="body" frame="0" z_index="7" m_a="0.999859" m_b="-0.016781" m_c="0.016781" m_d="0.999859" m_tx="0.000000" m_ty="-4.807693"/>
  </frame>
  <frame idx="50" w="448" h="605" x="6.598907" y="-136.439575">
   <element name="body" layername="body" frame="0" z_index="7" m_a="0.999437" m_b="-0.033558" m_c="0.033558" m_d="0.999437" m_tx="0.000000" m_ty="-9.615385"/>
  </frame>
  <frame idx="75" w="451" h="622" x="9.811539" y="-144.741470">
   <element name="body" layername="body" frame="0" z_index="7" m_a="0.998733" m_b="-0.050325" m_c="0.050325" m_d="0.998733" m_tx="0.000000" m_ty="-14.423077"/>
  </frame>
  <frame idx="100" w="455" h="638" x="12.965088" y="-153.096741">
   <element name="body" layername="body" frame="0" z_index="7" m_a="0.997748" m_b="-0.067078" m_c="0.067078" m_d="0.997748" m_tx="0.000000" m_ty="-19.230770"/>
  </frame>
  <frame idx="125" w="459" h="654" x="16.058655" y="-161.504456">
   <element name="body" layername="body" frame="0" z_index="7" m_a="0.996482" m_b="-0.083812" m_c="0.083812" m_d="0.996482" m_tx="0.000000" m_ty="-24.038462"/>
  </frame>
  <frame idx="150" w="455" h="641" x="12.070160" y="-157.846985">
   <element name="body" layername="body" frame="0" z_index="7" m_a="0.998058" m_b="-0.062293" m_c="0.062293" m_d="0.998058" m_tx="0.000000" m_ty="-25.000000"/>
  </frame>
  <frame idx="175" w="448" h="621" x="6.135162" y="-151.329453">
   <element name="body" layername="body" frame="0" z_index="7" m_a="0.999514" m_b="-0.031162" m_c="0.031162" m_d="0.999514" m_tx="0.000000" m_ty="-25.000000"/>
  </frame>
  <frame idx="200" w="440" h="600" x="0.000000" y="-145.000000">
   <element name="body" layername="body" frame="0" z_index="7" m_a="1.000000" m_b="0.000000" m_c="0.000000" m_d="1.000000" m_tx="0.000000" m_ty="-25.000000"/>
  </frame>
  <frame idx="225" w="461" h="608" x="-6.329453" y="-138.864822">
   <element name="body" layername="body" frame="0" z_index="7" m_a="0.999514" m_b="0.031162" m_c="-0.031162" m_d="0.999514" m_tx="0.000000" m_ty="-25.000000"/>
  </frame>
  <frame idx="250" w="481" h="614" x="-12.846970" y="-132.929840">
   <element name="body" layername="body" frame="0" z_index="7" m_a="0.998058" m_b="0.062293" m_c="-0.062293" m_d="0.998058" m_tx="0.000000" m_ty="-25.000000"/>
  </frame>
  <frame idx="275" w="495" h="618" x="-17.465958" y="-127.979858">
   <element name="body" layername="body" frame="0" z_index="7" m_a="0.996482" m_b="0.083811" m_c="-0.083811" m_d="0.996482" m_tx="0.000000" m_ty="-24.038462"/>
  </frame>
  <frame idx="300" w="484" h="609" x="-13.866074" y="-126.265610">
   <element name="body" layername="body" frame="0" z_index="7" m_a="0.997748" m_b="0.067078" m_c="-0.067078" m_d="0.997748" m_tx="0.000000" m_ty="-19.230770"/>
  </frame>
  <frame idx="325" w="473" h="600" x="-10.318314" y="-124.611618">
   <element name="body" layername="body" frame="0" z_index="7" m_a="0.998733" m_b="0.050324" m_c="-0.050324" m_d="0.998733" m_tx="0.000000" m_ty="-14.423077"/>
  </frame>
  <frame idx="350" w="464" h="591" x="-6.824173" y="-123.016510">
   <element name="body" layername="body" frame="0" z_index="7" m_a="0.999437" m_b="0.033558" m_c="-0.033558" m_d="0.999437" m_tx="0.000000" m_ty="-9.615384"/>
  </frame>
  <frame idx="375" w="453" h="582" x="-3.384323" y="-121.479660">
   <element name="body" layername="body" frame="0" z_index="7" m_a="0.999859" m_b="0.016781" m_c="-0.016781" m_d="0.999859" m_tx="0.000000" m_ty="-4.807693"/>
  </frame>
 </anim>
 <anim name="onbuild" root="zxeggbasket2" numframes="400" framerate="40">
  <frame idx="0" w="2" h="0" x="0.000000" y="0.000000"/>
  <frame idx="25" w="2" h="0" x="0.000000" y="0.000000"/>
  <frame idx="50" w="2" h="0" x="0.000000" y="0.000000"/>
  <frame idx="75" w="2" h="0" x="0.000000" y="0.000000"/>
  <frame idx="100" w="313" h="445" x="-116.666664" y="-236.666656">
   <element name="body" layername="body" frame="0" z_index="7" m_a="0.416667" m_b="0.000000" m_c="0.000000" m_d="0.416667" m_tx="0.000000" m_ty="0.000000"/>
  </frame>
  <frame idx="125" w="345" h="477" x="-87.500000" y="-207.500000">
   <element name="body" layername="body" frame="0" z_index="7" m_a="0.562500" m_b="0.000000" m_c="0.000000" m_d="0.562500" m_tx="0.000000" m_ty="0.000000"/>
  </frame>
  <frame idx="150" w="377" h="509" x="-58.333344" y="-178.333344">
   <element name="body" layername="body" frame="0" z_index="7" m_a="0.708333" m_b="0.000000" m_c="0.000000" m_d="0.708333" m_tx="0.000000" m_ty="0.000000"/>
  </frame>
  <frame idx="175" w="409" h="541" x="-29.166656" y="-149.166656">
   <element name="body" layername="body" frame="0" z_index="7" m_a="0.854167" m_b="0.000000" m_c="0.000000" m_d="0.854167" m_tx="0.000000" m_ty="0.000000"/>
  </frame>
  <frame idx="200" w="440" h="572" x="0.000000" y="-120.000000">
   <element name="body" layername="body" frame="0" z_index="7" m_a="1.000000" m_b="0.000000" m_c="0.000000" m_d="1.000000" m_tx="0.000000" m_ty="0.000000"/>
  </frame>
  <frame idx="225" w="440" h="572" x="0.000000" y="-120.000000">
   <element name="body" layername="body" frame="0" z_index="7" m_a="1.000000" m_b="0.000000" m_c="0.000000" m_d="1.000000" m_tx="0.000000" m_ty="0.000000"/>
  </frame>
  <frame idx="250" w="440" h="572" x="0.000000" y="-120.000000">
   <element name="body" layername="body" frame="0" z_index="7" m_a="1.000000" m_b="0.000000" m_c="0.000000" m_d="1.000000" m_tx="0.000000" m_ty="0.000000"/>
  </frame>
  <frame idx="275" w="440" h="572" x="0.000000" y="-120.000000">
   <element name="body" layername="body" frame="0" z_index="7" m_a="1.000000" m_b="0.000000" m_c="0.000000" m_d="1.000000" m_tx="0.000000" m_ty="0.000000"/>
  </frame>
  <frame idx="300" w="440" h="572" x="0.000000" y="-120.000000">
   <element name="body" layername="body" frame="0" z_index="7" m_a="1.000000" m_b="0.000000" m_c="0.000000" m_d="1.000000" m_tx="0.000000" m_ty="0.000000"/>
  </frame>
  <frame idx="325" w="440" h="572" x="0.000000" y="-120.000000">
   <element name="body" layername="body" frame="0" z_index="7" m_a="1.000000" m_b="0.000000" m_c="0.000000" m_d="1.000000" m_tx="0.000000" m_ty="0.000000"/>
  </frame>
  <frame idx="350" w="440" h="572" x="0.000000" y="-120.000000">
   <element name="body" layername="body" frame="0" z_index="7" m_a="1.000000" m_b="0.000000" m_c="0.000000" m_d="1.000000" m_tx="0.000000" m_ty="0.000000"/>
  </frame>
  <frame idx="375" w="440" h="572" x="0.000000" y="-120.000000">
   <element name="body" layername="body" frame="0" z_index="7" m_a="1.000000" m_b="0.000000" m_c="0.000000" m_d="1.000000" m_tx="0.000000" m_ty="0.000000"/>
  </frame>
 </anim>
 <anim name="half" root="zxeggbasket2" numframes="400" framerate="40">
  <frame idx="0" w="440" h="574" x="0.000000" y="-119.500000">
   <element name="body" layername="body" frame="0" z_index="7" m_a="1.000000" m_b="0.000000" m_c="0.000000" m_d="1.000000" m_tx="0.000000" m_ty="1.000000"/>
   <element name="egg1" layername="eg" frame="0" z_index="6" m_a="1.000000" m_b="0.000000" m_c="0.000000" m_d="1.000000" m_tx="0.000000" m_ty="0.000000"/>
  </frame>
  <frame idx="25" w="440" h="574" x="0.000000" y="-119.500000">
   <element name="body" layername="body" frame="0" z_index="7" m_a="1.000000" m_b="0.000000" m_c="0.000000" m_d="1.000000" m_tx="0.000000" m_ty="1.000000"/>
   <element name="egg1" layername="eg" frame="0" z_index="6" m_a="1.000000" m_b="0.000000" m_c="0.000000" m_d="1.000000" m_tx="0.000000" m_ty="0.000000"/>
  </frame>
  <frame idx="50" w="440" h="574" x="0.000000" y="-119.500000">
   <element name="body" layername="body" frame="0" z_index="7" m_a="1.000000" m_b="0.000000" m_c="0.000000" m_d="1.000000" m_tx="0.000000" m_ty="1.000000"/>
   <element name="egg1" layername="eg" frame="0" z_index="6" m_a="1.000000" m_b="0.000000" m_c="0.000000" m_d="1.000000" m_tx="0.000000" m_ty="0.000000"/>
  </frame>
  <frame idx="75" w="440" h="574" x="0.000000" y="-119.500000">
   <element name="body" layername="body" frame="0" z_index="7" m_a="1.000000" m_b="0.000000" m_c="0.000000" m_d="1.000000" m_tx="0.000000" m_ty="1.000000"/>
   <element name="egg1" layername="eg" frame="0" z_index="6" m_a="1.000000" m_b="0.000000" m_c="0.000000" m_d="1.000000" m_tx="0.000000" m_ty="0.000000"/>
  </frame>
  <frame idx="100" w="440" h="574" x="0.000000" y="-119.500000">
   <element name="body" layername="body" frame="0" z_index="7" m_a="1.000000" m_b="0.000000" m_c="0.000000" m_d="1.000000" m_tx="0.000000" m_ty="1.000000"/>
   <element name="egg1" layername="eg" frame="0" z_index="6" m_a="1.000000" m_b="0.000000" m_c="0.000000" m_d="1.000000" m_tx="0.000000" m_ty="0.000000"/>
  </frame>
  <frame idx="125" w="440" h="574" x="0.000000" y="-119.500000">
   <element name="body" layername="body" frame="0" z_index="7" m_a="1.000000" m_b="0.000000" m_c="0.000000" m_d="1.000000" m_tx="0.000000" m_ty="1.000000"/>
   <element name="egg1" layername="eg" frame="0" z_index="6" m_a="1.000000" m_b="0.000000" m_c="0.000000" m_d="1.000000" m_tx="0.000000" m_ty="0.000000"/>
  </frame>
  <frame idx="150" w="440" h="574" x="0.000000" y="-119.500000">
   <element name="body" layername="body" frame="0" z_index="7" m_a="1.000000" m_b="0.000000" m_c="0.000000" m_d="1.000000" m_tx="0.000000" m_ty="1.000000"/>
   <element name="egg1" layername="eg" frame="0" z_index="6" m_a="1.000000" m_b="0.000000" m_c="0.000000" m_d="1.000000" m_tx="0.000000" m_ty="0.000000"/>
  </frame>
  <frame idx="175" w="440" h="574" x="0.000000" y="-119.500000">
   <element name="body" layername="body" frame="0" z_index="7" m_a="1.000000" m_b="0.000000" m_c="0.000000" m_d="1.000000" m_tx="0.000000" m_ty="1.000000"/>
   <element name="egg1" layername="eg" frame="0" z_index="6" m_a="1.000000" m_b="0.000000" m_c="0.000000" m_d="1.000000" m_tx="0.000000" m_ty="0.000000"/>
  </frame>
  <frame idx="200" w="440" h="574" x="0.000000" y="-119.500000">
   <element name="body" layername="body" frame="0" z_index="7" m_a="1.000000" m_b="0.000000" m_c="0.000000" m_d="1.000000" m_tx="0.000000" m_ty="1.000000"/>
   <element name="egg1" layername="eg" frame="0" z_index="6" m_a="1.000000" m_b="0.000000" m_c="0.000000" m_d="1.000000" m_tx="0.000000" m_ty="0.000000"/>
  </frame>
  <frame idx="225" w="440" h="574" x="0.000000" y="-119.500000">
   <element name="body" layername="body" frame="0" z_index="7" m_a="1.000000" m_b="0.000000" m_c="0.000000" m_d="1.000000" m_tx="0.000000" m_ty="1.000000"/>
   <element name="egg1" layername="eg" frame="0" z_index="6" m_a="1.000000" m_b="0.000000" m_c="0.000000" m_d="1.000000" m_tx="0.000000" m_ty="0.000000"/>
  </frame>
  <frame idx="250" w="440" h="574" x="0.000000" y="-119.500000">
   <element name="body" layername="body" frame="0" z_index="7" m_a="1.000000" m_b="0.000000" m_c="0.000000" m_d="1.000000" m_tx="0.000000" m_ty="1.000000"/>
   <element name="egg1" layername="eg" frame="0" z_index="6" m_a="1.000000" m_b="0.000000" m_c="0.000000" m_d="1.000000" m_tx="0.000000" m_ty="0.000000"/>
  </frame>
  <frame idx="275" w="440" h="574" x="0.000000" y="-119.500000">
   <element name="body" layername="body" frame="0" z_index="7" m_a="1.000000" m_b="0.000000" m_c="0.000000" m_d="1.000000" m_tx="0.000000" m_ty="1.000000"/>
   <element name="egg1" layername="eg" frame="0" z_index="6" m_a="1.000000" m_b="0.000000" m_c="0.000000" m_d="1.000000" m_tx="0.000000" m_ty="0.000000"/>
  </frame>
  <frame idx="300" w="440" h="574" x="0.000000" y="-119.500000">
   <element name="body" layername="body" frame="0" z_index="7" m_a="1.000000" m_b="0.000000" m_c="0.000000" m_d="1.000000" m_tx="0.000000" m_ty="1.000000"/>
   <element name="egg1" layername="eg" frame="0" z_index="6" m_a="1.000000" m_b="0.000000" m_c="0.000000" m_d="1.000000" m_tx="0.000000" m_ty="0.000000"/>
  </frame>
  <frame idx="325" w="440" h="574" x="0.000000" y="-119.500000">
   <element name="body" layername="body" frame="0" z_index="7" m_a="1.000000" m_b="0.000000" m_c="0.000000" m_d="1.000000" m_tx="0.000000" m_ty="1.000000"/>
   <element name="egg1" layername="eg" frame="0" z_index="6" m_a="1.000000" m_b="0.000000" m_c="0.000000" m_d="1.000000" m_tx="0.000000" m_ty="0.000000"/>
  </frame>
  <frame idx="350" w="440" h="574" x="0.000000" y="-119.500000">
   <element name="body" layername="body" frame="0" z_index="7" m_a="1.000000" m_b="0.000000" m_c="0.000000" m_d="1.000000" m_tx="0.000000" m_ty="1.000000"/>
   <element name="egg1" layername="eg" frame="0" z_index="6" m_a="1.000000" m_b="0.000000" m_c="0.000000" m_d="1.000000" m_tx="0.000000" m_ty="0.000000"/>
  </frame>
  <frame idx="375" w="440" h="574" x="0.000000" y="-119.500000">
   <element name="body" layername="body" frame="0" z_index="7" m_a="1.000000" m_b="0.000000" m_c="0.000000" m_d="1.000000" m_tx="0.000000" m_ty="1.000000"/>
   <element name="egg1" layername="eg" frame="0" z_index="6" m_a="1.000000" m_b="0.000000" m_c="0.000000" m_d="1.000000" m_tx="0.000000" m_ty="0.000000"/>
  </frame>
 </anim>
 <anim name="full" root="zxeggbasket2" numframes="400" framerate="40">
  <frame idx="0" w="440" h="574" x="0.000000" y="-119.500000">
   <element name="body" layername="body" frame="0" z_index="7" m_a="1.000000" m_b="0.000000" m_c="0.000000" m_d="1.000000" m_tx="0.000000" m_ty="1.000000"/>
   <element name="egg2" layername="egg2" frame="0" z_index="6" m_a="1.000000" m_b="0.000000" m_c="0.000000" m_d="1.000000" m_tx="0.000000" m_ty="0.000000"/>
  </frame>
  <frame idx="25" w="440" h="574" x="0.000000" y="-119.500000">
   <element name="body" layername="body" frame="0" z_index="7" m_a="1.000000" m_b="0.000000" m_c="0.000000" m_d="1.000000" m_tx="0.000000" m_ty="1.000000"/>
   <element name="egg2" layername="egg2" frame="0" z_index="6" m_a="1.000000" m_b="0.000000" m_c="0.000000" m_d="1.000000" m_tx="0.000000" m_ty="0.000000"/>
  </frame>
  <frame idx="50" w="440" h="574" x="0.000000" y="-119.500000">
   <element name="body" layername="body" frame="0" z_index="7" m_a="1.000000" m_b="0.000000" m_c="0.000000" m_d="1.000000" m_tx="0.000000" m_ty="1.000000"/>
   <element name="egg2" layername="egg2" frame="0" z_index="6" m_a="1.000000" m_b="0.000000" m_c="0.000000" m_d="1.000000" m_tx="0.000000" m_ty="0.000000"/>
  </frame>
  <frame idx="75" w="440" h="574" x="0.000000" y="-119.500000">
   <element name="body" layername="body" frame="0" z_index="7" m_a="1.000000" m_b="0.000000" m_c="0.000000" m_d="1.000000" m_tx="0.000000" m_ty="1.000000"/>
   <element name="egg2" layername="egg2" frame="0" z_index="6" m_a="1.000000" m_b="0.000000" m_c="0.000000" m_d="1.000000" m_tx="0.000000" m_ty="0.000000"/>
  </frame>
  <frame idx="100" w="440" h="574" x="0.000000" y="-119.500000">
   <element name="body" layername="body" frame="0" z_index="7" m_a="1.000000" m_b="0.000000" m_c="0.000000" m_d="1.000000" m_tx="0.000000" m_ty="1.000000"/>
   <element name="egg2" layername="egg2" frame="0" z_index="6" m_a="1.000000" m_b="0.000000" m_c="0.000000" m_d="1.000000" m_tx="0.000000" m_ty="0.000000"/>
  </frame>
  <frame idx="125" w="440" h="574" x="0.000000" y="-119.500000">
   <element name="body" layername="body" frame="0" z_index="7" m_a="1.000000" m_b="0.000000" m_c="0.000000" m_d="1.000000" m_tx="0.000000" m_ty="1.000000"/>
   <element name="egg2" layername="egg2" frame="0" z_index="6" m_a="1.000000" m_b="0.000000" m_c="0.000000" m_d="1.000000" m_tx="0.000000" m_ty="0.000000"/>
  </frame>
  <frame idx="150" w="440" h="574" x="0.000000" y="-119.500000">
   <element name="body" layername="body" frame="0" z_index="7" m_a="1.000000" m_b="0.000000" m_c="0.000000" m_d="1.000000" m_tx="0.000000" m_ty="1.000000"/>
   <element name="egg2" layername="egg2" frame="0" z_index="6" m_a="1.000000" m_b="0.000000" m_c="0.000000" m_d="1.000000" m_tx="0.000000" m_ty="0.000000"/>
  </frame>
  <frame idx="175" w="440" h="574" x="0.000000" y="-119.500000">
   <element name="body" layername="body" frame="0" z_index="7" m_a="1.000000" m_b="0.000000" m_c="0.000000" m_d="1.000000" m_tx="0.000000" m_ty="1.000000"/>
   <element name="egg2" layername="egg2" frame="0" z_index="6" m_a="1.000000" m_b="0.000000" m_c="0.000000" m_d="1.000000" m_tx="0.000000" m_ty="0.000000"/>
  </frame>
  <frame idx="200" w="440" h="574" x="0.000000" y="-119.500000">
   <element name="body" layername="body" frame="0" z_index="7" m_a="1.000000" m_b="0.000000" m_c="0.000000" m_d="1.000000" m_tx="0.000000" m_ty="1.000000"/>
   <element name="egg2" layername="egg2" frame="0" z_index="6" m_a="1.000000" m_b="0.000000" m_c="0.000000" m_d="1.000000" m_tx="0.000000" m_ty="0.000000"/>
  </frame>
  <frame idx="225" w="440" h="574" x="0.000000" y="-119.500000">
   <element name="body" layername="body" frame="0" z_index="7" m_a="1.000000" m_b="0.000000" m_c="0.000000" m_d="1.000000" m_tx="0.000000" m_ty="1.000000"/>
   <element name="egg2" layername="egg2" frame="0" z_index="6" m_a="1.000000" m_b="0.000000" m_c="0.000000" m_d="1.000000" m_tx="0.000000" m_ty="0.000000"/>
  </frame>
  <frame idx="250" w="440" h="574" x="0.000000" y="-119.500000">
   <element name="body" layername="body" frame="0" z_index="7" m_a="1.000000" m_b="0.000000" m_c="0.000000" m_d="1.000000" m_tx="0.000000" m_ty="1.000000"/>
   <element name="egg2" layername="egg2" frame="0" z_index="6" m_a="1.000000" m_b="0.000000" m_c="0.000000" m_d="1.000000" m_tx="0.000000" m_ty="0.000000"/>
  </frame>
  <frame idx="275" w="440" h="574" x="0.000000" y="-119.500000">
   <element name="body" layername="body" frame="0" z_index="7" m_a="1.000000" m_b="0.000000" m_c="0.000000" m_d="1.000000" m_tx="0.000000" m_ty="1.000000"/>
   <element name="egg2" layername="egg2" frame="0" z_index="6" m_a="1.000000" m_b="0.000000" m_c="0.000000" m_d="1.000000" m_tx="0.000000" m_ty="0.000000"/>
  </frame>
  <frame idx="300" w="440" h="574" x="0.000000" y="-119.500000">
   <element name="body" layername="body" frame="0" z_index="7" m_a="1.000000" m_b="0.000000" m_c="0.000000" m_d="1.000000" m_tx="0.000000" m_ty="1.000000"/>
   <element name="egg2" layername="egg2" frame="0" z_index="6" m_a="1.000000" m_b="0.000000" m_c="0.000000" m_d="1.000000" m_tx="0.000000" m_ty="0.000000"/>
  </frame>
  <frame idx="325" w="440" h="574" x="0.000000" y="-119.500000">
   <element name="body" layername="body" frame="0" z_index="7" m_a="1.000000" m_b="0.000000" m_c="0.000000" m_d="1.000000" m_tx="0.000000" m_ty="1.000000"/>
   <element name="egg2" layername="egg2" frame="0" z_index="6" m_a="1.000000" m_b="0.000000" m_c="0.000000" m_d="1.000000" m_tx="0.000000" m_ty="0.000000"/>
  </frame>
  <frame idx="350" w="440" h="574" x="0.000000" y="-119.500000">
   <element name="body" layername="body" frame="0" z_index="7" m_a="1.000000" m_b="0.000000" m_c="0.000000" m_d="1.000000" m_tx="0.000000" m_ty="1.000000"/>
   <element name="egg2" layername="egg2" frame="0" z_index="6" m_a="1.000000" m_b="0.000000" m_c="0.000000" m_d="1.000000" m_tx="0.000000" m_ty="0.000000"/>
  </frame>
  <frame idx="375" w="440" h="574" x="0.000000" y="-119.500000">
   <element name="body" layername="body" frame="0" z_index="7" m_a="1.000000" m_b="0.000000" m_c="0.000000" m_d="1.000000" m_tx="0.000000" m_ty="1.000000"/>
   <element name="egg2" layername="egg2" frame="0" z_index="6" m_a="1.000000" m_b="0.000000" m_c="0.000000" m_d="1.000000" m_tx="0.000000" m_ty="0.000000"/>
  </frame>
 </anim>
</Anims>
