<Anims>
 <anim name="idle" root="zxpigmanfarm" numframes="400" framerate="40">
  <frame idx="0" w="484" h="528" x="-40.000015" y="-80.000000">
   <element name="house" layername="0" frame="0" z_index="3" m_a="1.000000" m_b="0.000000" m_c="0.000000" m_d="1.000000" m_tx="0.000000" m_ty="0.000000"/>
  </frame>
  <frame idx="25" w="484" h="528" x="-40.000015" y="-80.000000">
   <element name="house" layername="0" frame="0" z_index="3" m_a="1.000000" m_b="0.000000" m_c="0.000000" m_d="1.000000" m_tx="0.000000" m_ty="0.000000"/>
  </frame>
  <frame idx="50" w="484" h="528" x="-40.000015" y="-80.000000">
   <element name="house" layername="0" frame="0" z_index="3" m_a="1.000000" m_b="0.000000" m_c="0.000000" m_d="1.000000" m_tx="0.000000" m_ty="0.000000"/>
  </frame>
  <frame idx="75" w="484" h="528" x="-40.000015" y="-80.000000">
   <element name="house" layername="0" frame="0" z_index="3" m_a="1.000000" m_b="0.000000" m_c="0.000000" m_d="1.000000" m_tx="0.000000" m_ty="0.000000"/>
  </frame>
  <frame idx="100" w="484" h="528" x="-40.000015" y="-80.000000">
   <element name="house" layername="0" frame="0" z_index="3" m_a="1.000000" m_b="0.000000" m_c="0.000000" m_d="1.000000" m_tx="0.000000" m_ty="0.000000"/>
  </frame>
  <frame idx="125" w="484" h="528" x="-40.000015" y="-80.000000">
   <element name="house" layername="0" frame="0" z_index="3" m_a="1.000000" m_b="0.000000" m_c="0.000000" m_d="1.000000" m_tx="0.000000" m_ty="0.000000"/>
  </frame>
  <frame idx="150" w="484" h="528" x="-40.000015" y="-80.000000">
   <element name="house" layername="0" frame="0" z_index="3" m_a="1.000000" m_b="0.000000" m_c="0.000000" m_d="1.000000" m_tx="0.000000" m_ty="0.000000"/>
  </frame>
  <frame idx="175" w="484" h="528" x="-40.000015" y="-80.000000">
   <element name="house" layername="0" frame="0" z_index="3" m_a="1.000000" m_b="0.000000" m_c="0.000000" m_d="1.000000" m_tx="0.000000" m_ty="0.000000"/>
  </frame>
  <frame idx="200" w="484" h="528" x="-40.000015" y="-80.000000">
   <element name="house" layername="0" frame="0" z_index="3" m_a="1.000000" m_b="0.000000" m_c="0.000000" m_d="1.000000" m_tx="0.000000" m_ty="0.000000"/>
  </frame>
  <frame idx="225" w="484" h="528" x="-40.000015" y="-80.000000">
   <element name="house" layername="0" frame="0" z_index="3" m_a="1.000000" m_b="0.000000" m_c="0.000000" m_d="1.000000" m_tx="0.000000" m_ty="0.000000"/>
  </frame>
  <frame idx="250" w="484" h="528" x="-40.000015" y="-80.000000">
   <element name="house" layername="0" frame="0" z_index="3" m_a="1.000000" m_b="0.000000" m_c="0.000000" m_d="1.000000" m_tx="0.000000" m_ty="0.000000"/>
  </frame>
  <frame idx="275" w="484" h="528" x="-40.000015" y="-80.000000">
   <element name="house" layername="0" frame="0" z_index="3" m_a="1.000000" m_b="0.000000" m_c="0.000000" m_d="1.000000" m_tx="0.000000" m_ty="0.000000"/>
  </frame>
  <frame idx="300" w="484" h="528" x="-40.000015" y="-80.000000">
   <element name="house" layername="0" frame="0" z_index="3" m_a="1.000000" m_b="0.000000" m_c="0.000000" m_d="1.000000" m_tx="0.000000" m_ty="0.000000"/>
  </frame>
  <frame idx="325" w="484" h="528" x="-40.000015" y="-80.000000">
   <element name="house" layername="0" frame="0" z_index="3" m_a="1.000000" m_b="0.000000" m_c="0.000000" m_d="1.000000" m_tx="0.000000" m_ty="0.000000"/>
  </frame>
  <frame idx="350" w="484" h="528" x="-40.000015" y="-80.000000">
   <element name="house" layername="0" frame="0" z_index="3" m_a="1.000000" m_b="0.000000" m_c="0.000000" m_d="1.000000" m_tx="0.000000" m_ty="0.000000"/>
  </frame>
  <frame idx="375" w="484" h="528" x="-40.000015" y="-80.000000">
   <element name="house" layername="0" frame="0" z_index="3" m_a="1.000000" m_b="0.000000" m_c="0.000000" m_d="1.000000" m_tx="0.000000" m_ty="0.000000"/>
  </frame>
 </anim>
 <anim name="onbuild" root="zxpigmanfarm" numframes="400" framerate="40">
  <frame idx="0" w="484" h="528" x="-40.000015" y="-80.000000">
   <element name="house" layername="0" frame="0" z_index="3" m_a="1.000000" m_b="0.000000" m_c="0.000000" m_d="1.000000" m_tx="0.000000" m_ty="0.000000"/>
  </frame>
  <frame idx="25" w="484" h="528" x="-40.000015" y="-80.000000">
   <element name="house" layername="0" frame="0" z_index="3" m_a="1.000000" m_b="0.000000" m_c="0.000000" m_d="1.000000" m_tx="0.000000" m_ty="0.000000"/>
  </frame>
  <frame idx="50" w="484" h="528" x="-40.000015" y="-80.000000">
   <element name="house" layername="0" frame="0" z_index="3" m_a="1.000000" m_b="0.000000" m_c="0.000000" m_d="1.000000" m_tx="0.000000" m_ty="0.000000"/>
  </frame>
  <frame idx="75" w="484" h="528" x="-40.000015" y="-80.000000">
   <element name="house" layername="0" frame="0" z_index="3" m_a="1.000000" m_b="0.000000" m_c="0.000000" m_d="1.000000" m_tx="0.000000" m_ty="0.000000"/>
  </frame>
  <frame idx="100" w="484" h="528" x="-40.000015" y="-80.000000">
   <element name="house" layername="0" frame="0" z_index="3" m_a="1.000000" m_b="0.000000" m_c="0.000000" m_d="1.000000" m_tx="0.000000" m_ty="0.000000"/>
  </frame>
  <frame idx="125" w="484" h="528" x="-40.000015" y="-80.000000">
   <element name="house" layername="0" frame="0" z_index="3" m_a="1.000000" m_b="0.000000" m_c="0.000000" m_d="1.000000" m_tx="0.000000" m_ty="0.000000"/>
  </frame>
  <frame idx="150" w="484" h="528" x="-40.000015" y="-80.000000">
   <element name="house" layername="0" frame="0" z_index="3" m_a="1.000000" m_b="0.000000" m_c="0.000000" m_d="1.000000" m_tx="0.000000" m_ty="0.000000"/>
  </frame>
  <frame idx="175" w="484" h="528" x="-40.000015" y="-80.000000">
   <element name="house" layername="0" frame="0" z_index="3" m_a="1.000000" m_b="0.000000" m_c="0.000000" m_d="1.000000" m_tx="0.000000" m_ty="0.000000"/>
  </frame>
  <frame idx="200" w="484" h="528" x="-40.000015" y="-80.000000">
   <element name="house" layername="0" frame="0" z_index="3" m_a="1.000000" m_b="0.000000" m_c="0.000000" m_d="1.000000" m_tx="0.000000" m_ty="0.000000"/>
  </frame>
  <frame idx="225" w="484" h="528" x="-40.000015" y="-80.000000">
   <element name="house" layername="0" frame="0" z_index="3" m_a="1.000000" m_b="0.000000" m_c="0.000000" m_d="1.000000" m_tx="0.000000" m_ty="0.000000"/>
  </frame>
  <frame idx="250" w="484" h="528" x="-40.000015" y="-80.000000">
   <element name="house" layername="0" frame="0" z_index="3" m_a="1.000000" m_b="0.000000" m_c="0.000000" m_d="1.000000" m_tx="0.000000" m_ty="0.000000"/>
  </frame>
  <frame idx="275" w="484" h="528" x="-40.000015" y="-80.000000">
   <element name="house" layername="0" frame="0" z_index="3" m_a="1.000000" m_b="0.000000" m_c="0.000000" m_d="1.000000" m_tx="0.000000" m_ty="0.000000"/>
  </frame>
  <frame idx="300" w="484" h="528" x="-40.000015" y="-80.000000">
   <element name="house" layername="0" frame="0" z_index="3" m_a="1.000000" m_b="0.000000" m_c="0.000000" m_d="1.000000" m_tx="0.000000" m_ty="0.000000"/>
  </frame>
  <frame idx="325" w="484" h="528" x="-40.000015" y="-80.000000">
   <element name="house" layername="0" frame="0" z_index="3" m_a="1.000000" m_b="0.000000" m_c="0.000000" m_d="1.000000" m_tx="0.000000" m_ty="0.000000"/>
  </frame>
  <frame idx="350" w="484" h="528" x="-40.000015" y="-80.000000">
   <element name="house" layername="0" frame="0" z_index="3" m_a="1.000000" m_b="0.000000" m_c="0.000000" m_d="1.000000" m_tx="0.000000" m_ty="0.000000"/>
  </frame>
  <frame idx="375" w="484" h="528" x="-40.000015" y="-80.000000">
   <element name="house" layername="0" frame="0" z_index="3" m_a="1.000000" m_b="0.000000" m_c="0.000000" m_d="1.000000" m_tx="0.000000" m_ty="0.000000"/>
  </frame>
 </anim>
 <anim name="onhit" root="zxpigmanfarm" numframes="400" framerate="40">
  <frame idx="0" w="484" h="528" x="-40.000015" y="-80.000000">
   <element name="house" layername="0" frame="0" z_index="3" m_a="1.000000" m_b="0.000000" m_c="0.000000" m_d="1.000000" m_tx="0.000000" m_ty="0.000000"/>
  </frame>
  <frame idx="25" w="489" h="546" x="-36.794189" y="-88.813614">
   <element name="house" layername="0" frame="0" z_index="3" m_a="0.999869" m_b="-0.016160" m_c="0.016160" m_d="0.999869" m_tx="0.000000" m_ty="-5.555555"/>
  </frame>
  <frame idx="50" w="492" h="563" x="-33.641403" y="-97.678619">
   <element name="house" layername="0" frame="0" z_index="3" m_a="0.999478" m_b="-0.032315" m_c="0.032315" m_d="0.999478" m_tx="0.000000" m_ty="-11.111111"/>
  </frame>
  <frame idx="75" w="495" h="579" x="-30.542542" y="-106.594131">
   <element name="house" layername="0" frame="0" z_index="3" m_a="0.998825" m_b="-0.048462" m_c="0.048462" m_d="0.998825" m_tx="0.000000" m_ty="-16.666668"/>
  </frame>
  <frame idx="100" w="499" h="596" x="-27.498367" y="-115.559296">
   <element name="house" layername="0" frame="0" z_index="3" m_a="0.997911" m_b="-0.064597" m_c="0.064597" m_d="0.997911" m_tx="0.000000" m_ty="-22.222221"/>
  </frame>
  <frame idx="125" w="502" h="612" x="-24.509689" y="-124.573212">
   <element name="house" layername="0" frame="0" z_index="3" m_a="0.996737" m_b="-0.080714" m_c="0.080714" m_d="0.996737" m_tx="0.000000" m_ty="-27.777777"/>
  </frame>
  <frame idx="150" w="500" h="607" x="-26.896164" y="-124.024872">
   <element name="house" layername="0" frame="0" z_index="3" m_a="0.997697" m_b="-0.067822" m_c="0.067822" m_d="0.997697" m_tx="0.000000" m_ty="-30.000000"/>
  </frame>
  <frame idx="175" w="492" h="586" x="-33.017303" y="-117.235489">
   <element name="house" layername="0" frame="0" z_index="3" m_a="0.999368" m_b="-0.035546" m_c="0.035546" m_d="0.999368" m_tx="0.000000" m_ty="-30.000000"/>
  </frame>
  <frame idx="200" w="486" h="564" x="-39.354660" y="-110.647476">
   <element name="house" layername="0" frame="0" z_index="3" m_a="0.999995" m_b="-0.003232" m_c="0.003232" m_d="0.999995" m_tx="0.000000" m_ty="-30.000000"/>
  </frame>
  <frame idx="225" w="504" h="568" x="-45.901581" y="-104.267670">
   <element name="house" layername="0" frame="0" z_index="3" m_a="0.999577" m_b="0.029085" m_c="-0.029085" m_d="0.999577" m_tx="0.000000" m_ty="-30.000000"/>
  </frame>
  <frame idx="250" w="525" h="575" x="-52.651245" y="-98.102768">
   <element name="house" layername="0" frame="0" z_index="3" m_a="0.998115" m_b="0.061371" m_c="-0.061371" m_d="0.998115" m_tx="0.000000" m_ty="-30.000000"/>
  </frame>
  <frame idx="275" w="539" h="578" x="-57.465973" y="-92.787552">
   <element name="house" layername="0" frame="0" z_index="3" m_a="0.996482" m_b="0.083811" m_c="-0.083811" m_d="0.996482" m_tx="0.000000" m_ty="-28.846153"/>
  </frame>
  <frame idx="300" w="528" h="569" x="-53.866089" y="-90.111740">
   <element name="house" layername="0" frame="0" z_index="3" m_a="0.997748" m_b="0.067078" m_c="-0.067078" m_d="0.997748" m_tx="0.000000" m_ty="-23.076923"/>
  </frame>
  <frame idx="325" w="517" h="559" x="-50.318329" y="-87.496201">
   <element name="house" layername="0" frame="0" z_index="3" m_a="0.998733" m_b="0.050324" m_c="-0.050324" m_d="0.998733" m_tx="0.000000" m_ty="-17.307693"/>
  </frame>
  <frame idx="350" w="508" h="549" x="-46.824188" y="-84.939575">
   <element name="house" layername="0" frame="0" z_index="3" m_a="0.999437" m_b="0.033558" m_c="-0.033558" m_d="0.999437" m_tx="0.000000" m_ty="-11.538462"/>
  </frame>
  <frame idx="375" w="497" h="539" x="-43.384338" y="-82.441208">
   <element name="house" layername="0" frame="0" z_index="3" m_a="0.999859" m_b="0.016781" m_c="-0.016781" m_d="0.999859" m_tx="0.000000" m_ty="-5.769232"/>
  </frame>
 </anim>
</Anims>
