<Anims>
 <anim name="idle" root="zx_granary_veggie" numframes="1000" framerate="40">
  <frame idx="0" w="770" h="1001" x="0.000000" y="-210.000000">
   <element name="images" layername="images" frame="0" z_index="3" m_a="1.000000" m_b="0.000000" m_c="0.000000" m_d="1.000000" m_tx="0.000000" m_ty="0.000000"/>
  </frame>
  <frame idx="25" w="770" h="1001" x="0.000000" y="-210.000000">
   <element name="images" layername="images" frame="0" z_index="3" m_a="1.000000" m_b="0.000000" m_c="0.000000" m_d="1.000000" m_tx="0.000000" m_ty="0.000000"/>
  </frame>
  <frame idx="50" w="770" h="1001" x="0.000000" y="-210.000000">
   <element name="images" layername="images" frame="0" z_index="3" m_a="1.000000" m_b="0.000000" m_c="0.000000" m_d="1.000000" m_tx="0.000000" m_ty="0.000000"/>
  </frame>
  <frame idx="75" w="770" h="1001" x="0.000000" y="-210.000000">
   <element name="images" layername="images" frame="0" z_index="3" m_a="1.000000" m_b="0.000000" m_c="0.000000" m_d="1.000000" m_tx="0.000000" m_ty="0.000000"/>
  </frame>
  <frame idx="100" w="770" h="1001" x="0.000000" y="-210.000000">
   <element name="images" layername="images" frame="0" z_index="3" m_a="1.000000" m_b="0.000000" m_c="0.000000" m_d="1.000000" m_tx="0.000000" m_ty="0.000000"/>
  </frame>
  <frame idx="125" w="770" h="1001" x="0.000000" y="-210.000000">
   <element name="images" layername="images" frame="0" z_index="3" m_a="1.000000" m_b="0.000000" m_c="0.000000" m_d="1.000000" m_tx="0.000000" m_ty="0.000000"/>
  </frame>
  <frame idx="150" w="770" h="1001" x="0.000000" y="-210.000000">
   <element name="images" layername="images" frame="0" z_index="3" m_a="1.000000" m_b="0.000000" m_c="0.000000" m_d="1.000000" m_tx="0.000000" m_ty="0.000000"/>
  </frame>
  <frame idx="175" w="770" h="1001" x="0.000000" y="-210.000000">
   <element name="images" layername="images" frame="0" z_index="3" m_a="1.000000" m_b="0.000000" m_c="0.000000" m_d="1.000000" m_tx="0.000000" m_ty="0.000000"/>
  </frame>
  <frame idx="200" w="770" h="1001" x="0.000000" y="-210.000000">
   <element name="images" layername="images" frame="0" z_index="3" m_a="1.000000" m_b="0.000000" m_c="0.000000" m_d="1.000000" m_tx="0.000000" m_ty="0.000000"/>
  </frame>
  <frame idx="225" w="770" h="1001" x="0.000000" y="-210.000000">
   <element name="images" layername="images" frame="0" z_index="3" m_a="1.000000" m_b="0.000000" m_c="0.000000" m_d="1.000000" m_tx="0.000000" m_ty="0.000000"/>
  </frame>
  <frame idx="250" w="770" h="1001" x="0.000000" y="-210.000000">
   <element name="images" layername="images" frame="0" z_index="3" m_a="1.000000" m_b="0.000000" m_c="0.000000" m_d="1.000000" m_tx="0.000000" m_ty="0.000000"/>
  </frame>
  <frame idx="275" w="770" h="1001" x="0.000000" y="-210.000000">
   <element name="images" layername="images" frame="0" z_index="3" m_a="1.000000" m_b="0.000000" m_c="0.000000" m_d="1.000000" m_tx="0.000000" m_ty="0.000000"/>
  </frame>
  <frame idx="300" w="770" h="1001" x="0.000000" y="-210.000000">
   <element name="images" layername="images" frame="0" z_index="3" m_a="1.000000" m_b="0.000000" m_c="0.000000" m_d="1.000000" m_tx="0.000000" m_ty="0.000000"/>
  </frame>
  <frame idx="325" w="770" h="1001" x="0.000000" y="-210.000000">
   <element name="images" layername="images" frame="0" z_index="3" m_a="1.000000" m_b="0.000000" m_c="0.000000" m_d="1.000000" m_tx="0.000000" m_ty="0.000000"/>
  </frame>
  <frame idx="350" w="770" h="1001" x="0.000000" y="-210.000000">
   <element name="images" layername="images" frame="0" z_index="3" m_a="1.000000" m_b="0.000000" m_c="0.000000" m_d="1.000000" m_tx="0.000000" m_ty="0.000000"/>
  </frame>
  <frame idx="375" w="770" h="1001" x="0.000000" y="-210.000000">
   <element name="images" layername="images" frame="0" z_index="3" m_a="1.000000" m_b="0.000000" m_c="0.000000" m_d="1.000000" m_tx="0.000000" m_ty="0.000000"/>
  </frame>
  <frame idx="400" w="770" h="1001" x="0.000000" y="-210.000000">
   <element name="images" layername="images" frame="0" z_index="3" m_a="1.000000" m_b="0.000000" m_c="0.000000" m_d="1.000000" m_tx="0.000000" m_ty="0.000000"/>
  </frame>
  <frame idx="425" w="770" h="1001" x="0.000000" y="-210.000000">
   <element name="images" layername="images" frame="0" z_index="3" m_a="1.000000" m_b="0.000000" m_c="0.000000" m_d="1.000000" m_tx="0.000000" m_ty="0.000000"/>
  </frame>
  <frame idx="450" w="770" h="1001" x="0.000000" y="-210.000000">
   <element name="images" layername="images" frame="0" z_index="3" m_a="1.000000" m_b="0.000000" m_c="0.000000" m_d="1.000000" m_tx="0.000000" m_ty="0.000000"/>
  </frame>
  <frame idx="475" w="770" h="1001" x="0.000000" y="-210.000000">
   <element name="images" layername="images" frame="0" z_index="3" m_a="1.000000" m_b="0.000000" m_c="0.000000" m_d="1.000000" m_tx="0.000000" m_ty="0.000000"/>
  </frame>
  <frame idx="500" w="770" h="1001" x="0.000000" y="-210.000000">
   <element name="images" layername="images" frame="0" z_index="3" m_a="1.000000" m_b="0.000000" m_c="0.000000" m_d="1.000000" m_tx="0.000000" m_ty="0.000000"/>
  </frame>
  <frame idx="525" w="770" h="1001" x="0.000000" y="-210.000000">
   <element name="images" layername="images" frame="0" z_index="3" m_a="1.000000" m_b="0.000000" m_c="0.000000" m_d="1.000000" m_tx="0.000000" m_ty="0.000000"/>
  </frame>
  <frame idx="550" w="770" h="1001" x="0.000000" y="-210.000000">
   <element name="images" layername="images" frame="0" z_index="3" m_a="1.000000" m_b="0.000000" m_c="0.000000" m_d="1.000000" m_tx="0.000000" m_ty="0.000000"/>
  </frame>
  <frame idx="575" w="770" h="1001" x="0.000000" y="-210.000000">
   <element name="images" layername="images" frame="0" z_index="3" m_a="1.000000" m_b="0.000000" m_c="0.000000" m_d="1.000000" m_tx="0.000000" m_ty="0.000000"/>
  </frame>
  <frame idx="600" w="770" h="1001" x="0.000000" y="-210.000000">
   <element name="images" layername="images" frame="0" z_index="3" m_a="1.000000" m_b="0.000000" m_c="0.000000" m_d="1.000000" m_tx="0.000000" m_ty="0.000000"/>
  </frame>
  <frame idx="625" w="770" h="1001" x="0.000000" y="-210.000000">
   <element name="images" layername="images" frame="0" z_index="3" m_a="1.000000" m_b="0.000000" m_c="0.000000" m_d="1.000000" m_tx="0.000000" m_ty="0.000000"/>
  </frame>
  <frame idx="650" w="770" h="1001" x="0.000000" y="-210.000000">
   <element name="images" layername="images" frame="0" z_index="3" m_a="1.000000" m_b="0.000000" m_c="0.000000" m_d="1.000000" m_tx="0.000000" m_ty="0.000000"/>
  </frame>
  <frame idx="675" w="770" h="1001" x="0.000000" y="-210.000000">
   <element name="images" layername="images" frame="0" z_index="3" m_a="1.000000" m_b="0.000000" m_c="0.000000" m_d="1.000000" m_tx="0.000000" m_ty="0.000000"/>
  </frame>
  <frame idx="700" w="770" h="1001" x="0.000000" y="-210.000000">
   <element name="images" layername="images" frame="0" z_index="3" m_a="1.000000" m_b="0.000000" m_c="0.000000" m_d="1.000000" m_tx="0.000000" m_ty="0.000000"/>
  </frame>
  <frame idx="725" w="770" h="1001" x="0.000000" y="-210.000000">
   <element name="images" layername="images" frame="0" z_index="3" m_a="1.000000" m_b="0.000000" m_c="0.000000" m_d="1.000000" m_tx="0.000000" m_ty="0.000000"/>
  </frame>
  <frame idx="750" w="770" h="1001" x="0.000000" y="-210.000000">
   <element name="images" layername="images" frame="0" z_index="3" m_a="1.000000" m_b="0.000000" m_c="0.000000" m_d="1.000000" m_tx="0.000000" m_ty="0.000000"/>
  </frame>
  <frame idx="775" w="770" h="1001" x="0.000000" y="-210.000000">
   <element name="images" layername="images" frame="0" z_index="3" m_a="1.000000" m_b="0.000000" m_c="0.000000" m_d="1.000000" m_tx="0.000000" m_ty="0.000000"/>
  </frame>
  <frame idx="800" w="770" h="1001" x="0.000000" y="-210.000000">
   <element name="images" layername="images" frame="0" z_index="3" m_a="1.000000" m_b="0.000000" m_c="0.000000" m_d="1.000000" m_tx="0.000000" m_ty="0.000000"/>
  </frame>
  <frame idx="825" w="770" h="1001" x="0.000000" y="-210.000000">
   <element name="images" layername="images" frame="0" z_index="3" m_a="1.000000" m_b="0.000000" m_c="0.000000" m_d="1.000000" m_tx="0.000000" m_ty="0.000000"/>
  </frame>
  <frame idx="850" w="770" h="1001" x="0.000000" y="-210.000000">
   <element name="images" layername="images" frame="0" z_index="3" m_a="1.000000" m_b="0.000000" m_c="0.000000" m_d="1.000000" m_tx="0.000000" m_ty="0.000000"/>
  </frame>
  <frame idx="875" w="770" h="1001" x="0.000000" y="-210.000000">
   <element name="images" layername="images" frame="0" z_index="3" m_a="1.000000" m_b="0.000000" m_c="0.000000" m_d="1.000000" m_tx="0.000000" m_ty="0.000000"/>
  </frame>
  <frame idx="900" w="770" h="1001" x="0.000000" y="-210.000000">
   <element name="images" layername="images" frame="0" z_index="3" m_a="1.000000" m_b="0.000000" m_c="0.000000" m_d="1.000000" m_tx="0.000000" m_ty="0.000000"/>
  </frame>
  <frame idx="925" w="770" h="1001" x="0.000000" y="-210.000000">
   <element name="images" layername="images" frame="0" z_index="3" m_a="1.000000" m_b="0.000000" m_c="0.000000" m_d="1.000000" m_tx="0.000000" m_ty="0.000000"/>
  </frame>
  <frame idx="950" w="770" h="1001" x="0.000000" y="-210.000000">
   <element name="images" layername="images" frame="0" z_index="3" m_a="1.000000" m_b="0.000000" m_c="0.000000" m_d="1.000000" m_tx="0.000000" m_ty="0.000000"/>
  </frame>
  <frame idx="975" w="770" h="1001" x="0.000000" y="-210.000000">
   <element name="images" layername="images" frame="0" z_index="3" m_a="1.000000" m_b="0.000000" m_c="0.000000" m_d="1.000000" m_tx="0.000000" m_ty="0.000000"/>
  </frame>
 </anim>
 <anim name="onbuild" root="zx_granary_veggie" numframes="1000" framerate="40">
  <frame idx="0" w="770" h="1001" x="0.000000" y="-210.000000">
   <element name="images" layername="images" frame="0" z_index="3" m_a="1.000000" m_b="0.000000" m_c="0.000000" m_d="1.000000" m_tx="0.000000" m_ty="0.000000"/>
  </frame>
  <frame idx="25" w="770" h="1001" x="0.000000" y="-210.000000">
   <element name="images" layername="images" frame="0" z_index="3" m_a="1.000000" m_b="0.000000" m_c="0.000000" m_d="1.000000" m_tx="0.000000" m_ty="0.000000"/>
  </frame>
  <frame idx="50" w="770" h="1001" x="0.000000" y="-210.000000">
   <element name="images" layername="images" frame="0" z_index="3" m_a="1.000000" m_b="0.000000" m_c="0.000000" m_d="1.000000" m_tx="0.000000" m_ty="0.000000"/>
  </frame>
  <frame idx="75" w="770" h="1001" x="0.000000" y="-210.000000">
   <element name="images" layername="images" frame="0" z_index="3" m_a="1.000000" m_b="0.000000" m_c="0.000000" m_d="1.000000" m_tx="0.000000" m_ty="0.000000"/>
  </frame>
  <frame idx="100" w="770" h="1001" x="0.000000" y="-210.000000">
   <element name="images" layername="images" frame="0" z_index="3" m_a="1.000000" m_b="0.000000" m_c="0.000000" m_d="1.000000" m_tx="0.000000" m_ty="0.000000"/>
  </frame>
  <frame idx="125" w="770" h="1001" x="0.000000" y="-210.000000">
   <element name="images" layername="images" frame="0" z_index="3" m_a="1.000000" m_b="0.000000" m_c="0.000000" m_d="1.000000" m_tx="0.000000" m_ty="0.000000"/>
  </frame>
  <frame idx="150" w="770" h="1001" x="0.000000" y="-210.000000">
   <element name="images" layername="images" frame="0" z_index="3" m_a="1.000000" m_b="0.000000" m_c="0.000000" m_d="1.000000" m_tx="0.000000" m_ty="0.000000"/>
  </frame>
  <frame idx="175" w="770" h="1001" x="0.000000" y="-210.000000">
   <element name="images" layername="images" frame="0" z_index="3" m_a="1.000000" m_b="0.000000" m_c="0.000000" m_d="1.000000" m_tx="0.000000" m_ty="0.000000"/>
  </frame>
  <frame idx="200" w="770" h="1001" x="0.000000" y="-210.000000">
   <element name="images" layername="images" frame="0" z_index="3" m_a="1.000000" m_b="0.000000" m_c="0.000000" m_d="1.000000" m_tx="0.000000" m_ty="0.000000"/>
  </frame>
  <frame idx="225" w="770" h="1001" x="0.000000" y="-210.000000">
   <element name="images" layername="images" frame="0" z_index="3" m_a="1.000000" m_b="0.000000" m_c="0.000000" m_d="1.000000" m_tx="0.000000" m_ty="0.000000"/>
  </frame>
  <frame idx="250" w="770" h="1001" x="0.000000" y="-210.000000">
   <element name="images" layername="images" frame="0" z_index="3" m_a="1.000000" m_b="0.000000" m_c="0.000000" m_d="1.000000" m_tx="0.000000" m_ty="0.000000"/>
  </frame>
  <frame idx="275" w="770" h="1001" x="0.000000" y="-210.000000">
   <element name="images" layername="images" frame="0" z_index="3" m_a="1.000000" m_b="0.000000" m_c="0.000000" m_d="1.000000" m_tx="0.000000" m_ty="0.000000"/>
  </frame>
  <frame idx="300" w="770" h="1001" x="0.000000" y="-210.000000">
   <element name="images" layername="images" frame="0" z_index="3" m_a="1.000000" m_b="0.000000" m_c="0.000000" m_d="1.000000" m_tx="0.000000" m_ty="0.000000"/>
  </frame>
  <frame idx="325" w="770" h="1001" x="0.000000" y="-210.000000">
   <element name="images" layername="images" frame="0" z_index="3" m_a="1.000000" m_b="0.000000" m_c="0.000000" m_d="1.000000" m_tx="0.000000" m_ty="0.000000"/>
  </frame>
  <frame idx="350" w="770" h="1001" x="0.000000" y="-210.000000">
   <element name="images" layername="images" frame="0" z_index="3" m_a="1.000000" m_b="0.000000" m_c="0.000000" m_d="1.000000" m_tx="0.000000" m_ty="0.000000"/>
  </frame>
  <frame idx="375" w="770" h="1001" x="0.000000" y="-210.000000">
   <element name="images" layername="images" frame="0" z_index="3" m_a="1.000000" m_b="0.000000" m_c="0.000000" m_d="1.000000" m_tx="0.000000" m_ty="0.000000"/>
  </frame>
  <frame idx="400" w="770" h="1001" x="0.000000" y="-210.000000">
   <element name="images" layername="images" frame="0" z_index="3" m_a="1.000000" m_b="0.000000" m_c="0.000000" m_d="1.000000" m_tx="0.000000" m_ty="0.000000"/>
  </frame>
  <frame idx="425" w="770" h="1001" x="0.000000" y="-210.000000">
   <element name="images" layername="images" frame="0" z_index="3" m_a="1.000000" m_b="0.000000" m_c="0.000000" m_d="1.000000" m_tx="0.000000" m_ty="0.000000"/>
  </frame>
  <frame idx="450" w="770" h="1001" x="0.000000" y="-210.000000">
   <element name="images" layername="images" frame="0" z_index="3" m_a="1.000000" m_b="0.000000" m_c="0.000000" m_d="1.000000" m_tx="0.000000" m_ty="0.000000"/>
  </frame>
  <frame idx="475" w="770" h="1001" x="0.000000" y="-210.000000">
   <element name="images" layername="images" frame="0" z_index="3" m_a="1.000000" m_b="0.000000" m_c="0.000000" m_d="1.000000" m_tx="0.000000" m_ty="0.000000"/>
  </frame>
  <frame idx="500" w="770" h="1001" x="0.000000" y="-210.000000">
   <element name="images" layername="images" frame="0" z_index="3" m_a="1.000000" m_b="0.000000" m_c="0.000000" m_d="1.000000" m_tx="0.000000" m_ty="0.000000"/>
  </frame>
  <frame idx="525" w="770" h="1001" x="0.000000" y="-210.000000">
   <element name="images" layername="images" frame="0" z_index="3" m_a="1.000000" m_b="0.000000" m_c="0.000000" m_d="1.000000" m_tx="0.000000" m_ty="0.000000"/>
  </frame>
  <frame idx="550" w="770" h="1001" x="0.000000" y="-210.000000">
   <element name="images" layername="images" frame="0" z_index="3" m_a="1.000000" m_b="0.000000" m_c="0.000000" m_d="1.000000" m_tx="0.000000" m_ty="0.000000"/>
  </frame>
  <frame idx="575" w="770" h="1001" x="0.000000" y="-210.000000">
   <element name="images" layername="images" frame="0" z_index="3" m_a="1.000000" m_b="0.000000" m_c="0.000000" m_d="1.000000" m_tx="0.000000" m_ty="0.000000"/>
  </frame>
  <frame idx="600" w="770" h="1001" x="0.000000" y="-210.000000">
   <element name="images" layername="images" frame="0" z_index="3" m_a="1.000000" m_b="0.000000" m_c="0.000000" m_d="1.000000" m_tx="0.000000" m_ty="0.000000"/>
  </frame>
  <frame idx="625" w="770" h="1001" x="0.000000" y="-210.000000">
   <element name="images" layername="images" frame="0" z_index="3" m_a="1.000000" m_b="0.000000" m_c="0.000000" m_d="1.000000" m_tx="0.000000" m_ty="0.000000"/>
  </frame>
  <frame idx="650" w="770" h="1001" x="0.000000" y="-210.000000">
   <element name="images" layername="images" frame="0" z_index="3" m_a="1.000000" m_b="0.000000" m_c="0.000000" m_d="1.000000" m_tx="0.000000" m_ty="0.000000"/>
  </frame>
  <frame idx="675" w="770" h="1001" x="0.000000" y="-210.000000">
   <element name="images" layername="images" frame="0" z_index="3" m_a="1.000000" m_b="0.000000" m_c="0.000000" m_d="1.000000" m_tx="0.000000" m_ty="0.000000"/>
  </frame>
  <frame idx="700" w="770" h="1001" x="0.000000" y="-210.000000">
   <element name="images" layername="images" frame="0" z_index="3" m_a="1.000000" m_b="0.000000" m_c="0.000000" m_d="1.000000" m_tx="0.000000" m_ty="0.000000"/>
  </frame>
  <frame idx="725" w="770" h="1001" x="0.000000" y="-210.000000">
   <element name="images" layername="images" frame="0" z_index="3" m_a="1.000000" m_b="0.000000" m_c="0.000000" m_d="1.000000" m_tx="0.000000" m_ty="0.000000"/>
  </frame>
  <frame idx="750" w="770" h="1001" x="0.000000" y="-210.000000">
   <element name="images" layername="images" frame="0" z_index="3" m_a="1.000000" m_b="0.000000" m_c="0.000000" m_d="1.000000" m_tx="0.000000" m_ty="0.000000"/>
  </frame>
  <frame idx="775" w="770" h="1001" x="0.000000" y="-210.000000">
   <element name="images" layername="images" frame="0" z_index="3" m_a="1.000000" m_b="0.000000" m_c="0.000000" m_d="1.000000" m_tx="0.000000" m_ty="0.000000"/>
  </frame>
  <frame idx="800" w="770" h="1001" x="0.000000" y="-210.000000">
   <element name="images" layername="images" frame="0" z_index="3" m_a="1.000000" m_b="0.000000" m_c="0.000000" m_d="1.000000" m_tx="0.000000" m_ty="0.000000"/>
  </frame>
  <frame idx="825" w="770" h="1001" x="0.000000" y="-210.000000">
   <element name="images" layername="images" frame="0" z_index="3" m_a="1.000000" m_b="0.000000" m_c="0.000000" m_d="1.000000" m_tx="0.000000" m_ty="0.000000"/>
  </frame>
  <frame idx="850" w="770" h="1001" x="0.000000" y="-210.000000">
   <element name="images" layername="images" frame="0" z_index="3" m_a="1.000000" m_b="0.000000" m_c="0.000000" m_d="1.000000" m_tx="0.000000" m_ty="0.000000"/>
  </frame>
  <frame idx="875" w="770" h="1001" x="0.000000" y="-210.000000">
   <element name="images" layername="images" frame="0" z_index="3" m_a="1.000000" m_b="0.000000" m_c="0.000000" m_d="1.000000" m_tx="0.000000" m_ty="0.000000"/>
  </frame>
  <frame idx="900" w="770" h="1001" x="0.000000" y="-210.000000">
   <element name="images" layername="images" frame="0" z_index="3" m_a="1.000000" m_b="0.000000" m_c="0.000000" m_d="1.000000" m_tx="0.000000" m_ty="0.000000"/>
  </frame>
  <frame idx="925" w="770" h="1001" x="0.000000" y="-210.000000">
   <element name="images" layername="images" frame="0" z_index="3" m_a="1.000000" m_b="0.000000" m_c="0.000000" m_d="1.000000" m_tx="0.000000" m_ty="0.000000"/>
  </frame>
  <frame idx="950" w="770" h="1001" x="0.000000" y="-210.000000">
   <element name="images" layername="images" frame="0" z_index="3" m_a="1.000000" m_b="0.000000" m_c="0.000000" m_d="1.000000" m_tx="0.000000" m_ty="0.000000"/>
  </frame>
  <frame idx="975" w="770" h="1001" x="0.000000" y="-210.000000">
   <element name="images" layername="images" frame="0" z_index="3" m_a="1.000000" m_b="0.000000" m_c="0.000000" m_d="1.000000" m_tx="0.000000" m_ty="0.000000"/>
  </frame>
 </anim>
 <anim name="onhit" root="zx_granary_veggie" numframes="400" framerate="40">
  <frame idx="0" w="770" h="1001" x="0.000000" y="-210.000000">
   <element name="images" layername="images" frame="0" z_index="3" m_a="1.000000" m_b="0.000000" m_c="0.000000" m_d="1.000000" m_tx="0.000000" m_ty="0.000000"/>
  </frame>
  <frame idx="25" w="777" h="1027" x="5.651733" y="-221.341553">
   <element name="images" layername="images" frame="0" z_index="3" m_a="0.999867" m_b="-0.016280" m_c="0.016280" m_d="0.999867" m_tx="0.000000" m_ty="-5.597015"/>
  </frame>
  <frame idx="50" w="784" h="1052" x="11.209167" y="-232.774292">
   <element name="images" layername="images" frame="0" z_index="3" m_a="0.999470" m_b="-0.032556" m_c="0.032556" m_d="0.999470" m_tx="0.000000" m_ty="-11.194030"/>
  </frame>
  <frame idx="75" w="789" h="1076" x="16.670929" y="-244.296722">
   <element name="images" layername="images" frame="0" z_index="3" m_a="0.998807" m_b="-0.048824" m_c="0.048824" m_d="0.998807" m_tx="0.000000" m_ty="-16.791044"/>
  </frame>
  <frame idx="100" w="796" h="1100" x="22.035431" y="-255.907379">
   <element name="images" layername="images" frame="0" z_index="3" m_a="0.997880" m_b="-0.065078" m_c="0.065078" m_d="0.997880" m_tx="0.000000" m_ty="-22.388060"/>
  </frame>
  <frame idx="125" w="801" h="1126" x="27.301331" y="-267.604553">
   <element name="images" layername="images" frame="0" z_index="3" m_a="0.996688" m_b="-0.081315" m_c="0.081315" m_d="0.996688" m_tx="0.000000" m_ty="-27.985075"/>
  </frame>
  <frame idx="150" w="796" h="1111" x="22.560242" y="-264.118317">
   <element name="images" layername="images" frame="0" z_index="3" m_a="0.997774" m_b="-0.066684" m_c="0.066684" m_d="0.997774" m_tx="0.000000" m_ty="-30.000000"/>
  </frame>
  <frame idx="175" w="784" h="1075" x="11.914978" y="-252.335144">
   <element name="images" layername="images" frame="0" z_index="3" m_a="0.999400" m_b="-0.034643" m_c="0.034643" m_d="0.999400" m_tx="0.000000" m_ty="-30.000000"/>
  </frame>
  <frame idx="200" w="772" h="1038" x="0.897156" y="-240.899506">
   <element name="images" layername="images" frame="0" z_index="3" m_a="0.999997" m_b="-0.002567" m_c="0.002567" m_d="0.999997" m_tx="0.000000" m_ty="-30.000000"/>
  </frame>
  <frame idx="225" w="805" h="1047" x="-10.481781" y="-229.823151">
   <element name="images" layername="images" frame="0" z_index="3" m_a="0.999564" m_b="0.029512" m_c="-0.029512" m_d="0.999564" m_tx="0.000000" m_ty="-30.000000"/>
  </frame>
  <frame idx="250" w="841" h="1058" x="-22.210175" y="-219.117523">
   <element name="images" layername="images" frame="0" z_index="3" m_a="0.998103" m_b="0.061561" m_c="-0.061561" m_d="0.998103" m_tx="0.000000" m_ty="-30.000000"/>
  </frame>
  <frame idx="275" w="866" h="1064" x="-30.565399" y="-210.743622">
   <element name="images" layername="images" frame="0" z_index="3" m_a="0.996482" m_b="0.083811" m_c="-0.083811" m_d="0.996482" m_tx="0.000000" m_ty="-28.846153"/>
  </frame>
  <frame idx="300" w="847" h="1052" x="-24.265625" y="-210.387878">
   <element name="images" layername="images" frame="0" z_index="3" m_a="0.997748" m_b="0.067078" m_c="-0.067078" m_d="0.997748" m_tx="0.000000" m_ty="-23.076923"/>
  </frame>
  <frame idx="325" w="829" h="1040" x="-18.057037" y="-210.137604">
   <element name="images" layername="images" frame="0" z_index="3" m_a="0.998733" m_b="0.050324" m_c="-0.050324" m_d="0.998733" m_tx="0.000000" m_ty="-17.307693"/>
  </frame>
  <frame idx="350" w="810" h="1028" x="-11.942291" y="-209.990387">
   <element name="images" layername="images" frame="0" z_index="3" m_a="0.999437" m_b="0.033558" m_c="-0.033558" m_d="0.999437" m_tx="0.000000" m_ty="-11.538462"/>
  </frame>
  <frame idx="375" w="790" h="1015" x="-5.922577" y="-209.945221">
   <element name="images" layername="images" frame="0" z_index="3" m_a="0.999859" m_b="0.016781" m_c="-0.016781" m_d="0.999859" m_tx="0.000000" m_ty="-5.769232"/>
  </frame>
 </anim>
</Anims>
