<Anims>
 <anim name="empty" root="zxeggbasket3" numframes="400" framerate="40">
  <frame idx="0" w="484" h="572" x="-40.000015" y="-120.000000">
   <element name="body" layername="body" frame="0" z_index="8" m_a="1.000000" m_b="0.000000" m_c="0.000000" m_d="1.000000" m_tx="0.000000" m_ty="0.000000"/>
  </frame>
  <frame idx="25" w="484" h="572" x="-40.000015" y="-120.000000">
   <element name="body" layername="body" frame="0" z_index="8" m_a="1.000000" m_b="0.000000" m_c="0.000000" m_d="1.000000" m_tx="0.000000" m_ty="0.000000"/>
  </frame>
  <frame idx="50" w="484" h="572" x="-40.000015" y="-120.000000">
   <element name="body" layername="body" frame="0" z_index="8" m_a="1.000000" m_b="0.000000" m_c="0.000000" m_d="1.000000" m_tx="0.000000" m_ty="0.000000"/>
  </frame>
  <frame idx="75" w="484" h="572" x="-40.000015" y="-120.000000">
   <element name="body" layername="body" frame="0" z_index="8" m_a="1.000000" m_b="0.000000" m_c="0.000000" m_d="1.000000" m_tx="0.000000" m_ty="0.000000"/>
  </frame>
  <frame idx="100" w="484" h="572" x="-40.000015" y="-120.000000">
   <element name="body" layername="body" frame="0" z_index="8" m_a="1.000000" m_b="0.000000" m_c="0.000000" m_d="1.000000" m_tx="0.000000" m_ty="0.000000"/>
  </frame>
  <frame idx="125" w="484" h="572" x="-40.000015" y="-120.000000">
   <element name="body" layername="body" frame="0" z_index="8" m_a="1.000000" m_b="0.000000" m_c="0.000000" m_d="1.000000" m_tx="0.000000" m_ty="0.000000"/>
  </frame>
  <frame idx="150" w="484" h="572" x="-40.000015" y="-120.000000">
   <element name="body" layername="body" frame="0" z_index="8" m_a="1.000000" m_b="0.000000" m_c="0.000000" m_d="1.000000" m_tx="0.000000" m_ty="0.000000"/>
  </frame>
  <frame idx="175" w="484" h="572" x="-40.000015" y="-120.000000">
   <element name="body" layername="body" frame="0" z_index="8" m_a="1.000000" m_b="0.000000" m_c="0.000000" m_d="1.000000" m_tx="0.000000" m_ty="0.000000"/>
  </frame>
  <frame idx="200" w="484" h="572" x="-40.000015" y="-120.000000">
   <element name="body" layername="body" frame="0" z_index="8" m_a="1.000000" m_b="0.000000" m_c="0.000000" m_d="1.000000" m_tx="0.000000" m_ty="0.000000"/>
  </frame>
  <frame idx="225" w="484" h="572" x="-40.000015" y="-120.000000">
   <element name="body" layername="body" frame="0" z_index="8" m_a="1.000000" m_b="0.000000" m_c="0.000000" m_d="1.000000" m_tx="0.000000" m_ty="0.000000"/>
  </frame>
  <frame idx="250" w="484" h="572" x="-40.000015" y="-120.000000">
   <element name="body" layername="body" frame="0" z_index="8" m_a="1.000000" m_b="0.000000" m_c="0.000000" m_d="1.000000" m_tx="0.000000" m_ty="0.000000"/>
  </frame>
  <frame idx="275" w="484" h="572" x="-40.000015" y="-120.000000">
   <element name="body" layername="body" frame="0" z_index="8" m_a="1.000000" m_b="0.000000" m_c="0.000000" m_d="1.000000" m_tx="0.000000" m_ty="0.000000"/>
  </frame>
  <frame idx="300" w="484" h="572" x="-40.000015" y="-120.000000">
   <element name="body" layername="body" frame="0" z_index="8" m_a="1.000000" m_b="0.000000" m_c="0.000000" m_d="1.000000" m_tx="0.000000" m_ty="0.000000"/>
  </frame>
  <frame idx="325" w="484" h="572" x="-40.000015" y="-120.000000">
   <element name="body" layername="body" frame="0" z_index="8" m_a="1.000000" m_b="0.000000" m_c="0.000000" m_d="1.000000" m_tx="0.000000" m_ty="0.000000"/>
  </frame>
  <frame idx="350" w="484" h="572" x="-40.000015" y="-120.000000">
   <element name="body" layername="body" frame="0" z_index="8" m_a="1.000000" m_b="0.000000" m_c="0.000000" m_d="1.000000" m_tx="0.000000" m_ty="0.000000"/>
  </frame>
  <frame idx="375" w="484" h="572" x="-40.000015" y="-120.000000">
   <element name="body" layername="body" frame="0" z_index="8" m_a="1.000000" m_b="0.000000" m_c="0.000000" m_d="1.000000" m_tx="0.000000" m_ty="0.000000"/>
  </frame>
 </anim>
 <anim name="onbuild" root="zxeggbasket3" numframes="400" framerate="40">
  <frame idx="0" w="484" h="572" x="-40.000015" y="-120.000000">
   <element name="body" layername="body" frame="0" z_index="8" m_a="1.000000" m_b="0.000000" m_c="0.000000" m_d="1.000000" m_tx="0.000000" m_ty="0.000000"/>
  </frame>
  <frame idx="25" w="484" h="572" x="-40.000015" y="-120.000000">
   <element name="body" layername="body" frame="0" z_index="8" m_a="1.000000" m_b="0.000000" m_c="0.000000" m_d="1.000000" m_tx="0.000000" m_ty="0.000000"/>
  </frame>
  <frame idx="50" w="484" h="572" x="-40.000015" y="-120.000000">
   <element name="body" layername="body" frame="0" z_index="8" m_a="1.000000" m_b="0.000000" m_c="0.000000" m_d="1.000000" m_tx="0.000000" m_ty="0.000000"/>
  </frame>
  <frame idx="75" w="484" h="572" x="-40.000015" y="-120.000000">
   <element name="body" layername="body" frame="0" z_index="8" m_a="1.000000" m_b="0.000000" m_c="0.000000" m_d="1.000000" m_tx="0.000000" m_ty="0.000000"/>
  </frame>
  <frame idx="100" w="484" h="572" x="-40.000015" y="-120.000000">
   <element name="body" layername="body" frame="0" z_index="8" m_a="1.000000" m_b="0.000000" m_c="0.000000" m_d="1.000000" m_tx="0.000000" m_ty="0.000000"/>
  </frame>
  <frame idx="125" w="484" h="572" x="-40.000015" y="-120.000000">
   <element name="body" layername="body" frame="0" z_index="8" m_a="1.000000" m_b="0.000000" m_c="0.000000" m_d="1.000000" m_tx="0.000000" m_ty="0.000000"/>
  </frame>
  <frame idx="150" w="484" h="572" x="-40.000015" y="-120.000000">
   <element name="body" layername="body" frame="0" z_index="8" m_a="1.000000" m_b="0.000000" m_c="0.000000" m_d="1.000000" m_tx="0.000000" m_ty="0.000000"/>
  </frame>
  <frame idx="175" w="484" h="572" x="-40.000015" y="-120.000000">
   <element name="body" layername="body" frame="0" z_index="8" m_a="1.000000" m_b="0.000000" m_c="0.000000" m_d="1.000000" m_tx="0.000000" m_ty="0.000000"/>
  </frame>
  <frame idx="200" w="484" h="572" x="-40.000015" y="-120.000000">
   <element name="body" layername="body" frame="0" z_index="8" m_a="1.000000" m_b="0.000000" m_c="0.000000" m_d="1.000000" m_tx="0.000000" m_ty="0.000000"/>
  </frame>
  <frame idx="225" w="484" h="572" x="-40.000015" y="-120.000000">
   <element name="body" layername="body" frame="0" z_index="8" m_a="1.000000" m_b="0.000000" m_c="0.000000" m_d="1.000000" m_tx="0.000000" m_ty="0.000000"/>
  </frame>
  <frame idx="250" w="484" h="572" x="-40.000015" y="-120.000000">
   <element name="body" layername="body" frame="0" z_index="8" m_a="1.000000" m_b="0.000000" m_c="0.000000" m_d="1.000000" m_tx="0.000000" m_ty="0.000000"/>
  </frame>
  <frame idx="275" w="484" h="572" x="-40.000015" y="-120.000000">
   <element name="body" layername="body" frame="0" z_index="8" m_a="1.000000" m_b="0.000000" m_c="0.000000" m_d="1.000000" m_tx="0.000000" m_ty="0.000000"/>
  </frame>
  <frame idx="300" w="484" h="572" x="-40.000015" y="-120.000000">
   <element name="body" layername="body" frame="0" z_index="8" m_a="1.000000" m_b="0.000000" m_c="0.000000" m_d="1.000000" m_tx="0.000000" m_ty="0.000000"/>
  </frame>
  <frame idx="325" w="484" h="572" x="-40.000015" y="-120.000000">
   <element name="body" layername="body" frame="0" z_index="8" m_a="1.000000" m_b="0.000000" m_c="0.000000" m_d="1.000000" m_tx="0.000000" m_ty="0.000000"/>
  </frame>
  <frame idx="350" w="484" h="572" x="-40.000015" y="-120.000000">
   <element name="body" layername="body" frame="0" z_index="8" m_a="1.000000" m_b="0.000000" m_c="0.000000" m_d="1.000000" m_tx="0.000000" m_ty="0.000000"/>
  </frame>
  <frame idx="375" w="484" h="572" x="-40.000015" y="-120.000000">
   <element name="body" layername="body" frame="0" z_index="8" m_a="1.000000" m_b="0.000000" m_c="0.000000" m_d="1.000000" m_tx="0.000000" m_ty="0.000000"/>
  </frame>
 </anim>
 <anim name="onhit" root="zxeggbasket3" numframes="400" framerate="40">
  <frame idx="0" w="484" h="572" x="-40.000015" y="-120.000000">
   <element name="body" layername="body" frame="0" z_index="8" m_a="1.000000" m_b="0.000000" m_c="0.000000" m_d="1.000000" m_tx="0.000000" m_ty="0.000000"/>
  </frame>
  <frame idx="25" w="489" h="590" x="-36.671921" y="-129.153625">
   <element name="body" layername="body" frame="0" z_index="8" m_a="0.999859" m_b="-0.016781" m_c="0.016781" m_d="0.999859" m_tx="0.000000" m_ty="-5.769231"/>
  </frame>
  <frame idx="50" w="492" h="608" x="-33.401108" y="-138.362640">
   <element name="body" layername="body" frame="0" z_index="8" m_a="0.999437" m_b="-0.033558" m_c="0.033558" m_d="0.999437" m_tx="0.000000" m_ty="-11.538462"/>
  </frame>
  <frame idx="75" w="495" h="625" x="-30.188477" y="-147.626053">
   <element name="body" layername="body" frame="0" z_index="8" m_a="0.998733" m_b="-0.050325" m_c="0.050325" m_d="0.998733" m_tx="0.000000" m_ty="-17.307692"/>
  </frame>
  <frame idx="100" w="499" h="642" x="-27.034927" y="-156.942871">
   <element name="body" layername="body" frame="0" z_index="8" m_a="0.997748" m_b="-0.067078" m_c="0.067078" m_d="0.997748" m_tx="0.000000" m_ty="-23.076923"/>
  </frame>
  <frame idx="125" w="503" h="659" x="-23.941360" y="-166.312164">
   <element name="body" layername="body" frame="0" z_index="8" m_a="0.996482" m_b="-0.083812" m_c="0.083812" m_d="0.996482" m_tx="0.000000" m_ty="-28.846153"/>
  </frame>
  <frame idx="150" w="499" h="646" x="-27.929855" y="-162.846985">
   <element name="body" layername="body" frame="0" z_index="8" m_a="0.998058" m_b="-0.062293" m_c="0.062293" m_d="0.998058" m_tx="0.000000" m_ty="-30.000000"/>
  </frame>
  <frame idx="175" w="492" h="626" x="-33.864853" y="-156.329453">
   <element name="body" layername="body" frame="0" z_index="8" m_a="0.999514" m_b="-0.031162" m_c="0.031162" m_d="0.999514" m_tx="0.000000" m_ty="-30.000000"/>
  </frame>
  <frame idx="200" w="484" h="605" x="-40.000015" y="-150.000000">
   <element name="body" layername="body" frame="0" z_index="8" m_a="1.000000" m_b="0.000000" m_c="0.000000" m_d="1.000000" m_tx="0.000000" m_ty="-30.000000"/>
  </frame>
  <frame idx="225" w="505" h="613" x="-46.329468" y="-143.864822">
   <element name="body" layername="body" frame="0" z_index="8" m_a="0.999514" m_b="0.031162" m_c="-0.031162" m_d="0.999514" m_tx="0.000000" m_ty="-30.000000"/>
  </frame>
  <frame idx="250" w="525" h="620" x="-52.846985" y="-137.929840">
   <element name="body" layername="body" frame="0" z_index="8" m_a="0.998058" m_b="0.062293" m_c="-0.062293" m_d="0.998058" m_tx="0.000000" m_ty="-30.000000"/>
  </frame>
  <frame idx="275" w="539" h="622" x="-57.465973" y="-132.787552">
   <element name="body" layername="body" frame="0" z_index="8" m_a="0.996482" m_b="0.083811" m_c="-0.083811" m_d="0.996482" m_tx="0.000000" m_ty="-28.846153"/>
  </frame>
  <frame idx="300" w="528" h="613" x="-53.866089" y="-130.111740">
   <element name="body" layername="body" frame="0" z_index="8" m_a="0.997748" m_b="0.067078" m_c="-0.067078" m_d="0.997748" m_tx="0.000000" m_ty="-23.076923"/>
  </frame>
  <frame idx="325" w="517" h="603" x="-50.318329" y="-127.496201">
   <element name="body" layername="body" frame="0" z_index="8" m_a="0.998733" m_b="0.050324" m_c="-0.050324" m_d="0.998733" m_tx="0.000000" m_ty="-17.307693"/>
  </frame>
  <frame idx="350" w="508" h="593" x="-46.824188" y="-124.939575">
   <element name="body" layername="body" frame="0" z_index="8" m_a="0.999437" m_b="0.033558" m_c="-0.033558" m_d="0.999437" m_tx="0.000000" m_ty="-11.538462"/>
  </frame>
  <frame idx="375" w="497" h="583" x="-43.384338" y="-122.441208">
   <element name="body" layername="body" frame="0" z_index="8" m_a="0.999859" m_b="0.016781" m_c="-0.016781" m_d="0.999859" m_tx="0.000000" m_ty="-5.769232"/>
  </frame>
 </anim>
 <anim name="full" root="zxeggbasket3" numframes="400" framerate="40">
  <frame idx="0" w="484" h="572" x="-40.000015" y="-120.000000">
   <element name="body" layername="body" frame="0" z_index="8" m_a="1.000000" m_b="0.000000" m_c="0.000000" m_d="1.000000" m_tx="0.000000" m_ty="0.000000"/>
   <element name="egg" layername="egg2" frame="1" z_index="7" m_a="1.000000" m_b="0.000000" m_c="0.000000" m_d="1.000000" m_tx="0.000000" m_ty="0.000000"/>
   <element name="egg" layername="eg" frame="0" z_index="6" m_a="1.000000" m_b="0.000000" m_c="0.000000" m_d="1.000000" m_tx="0.000000" m_ty="0.000000"/>
  </frame>
  <frame idx="25" w="484" h="572" x="-40.000015" y="-120.000000">
   <element name="body" layername="body" frame="0" z_index="8" m_a="1.000000" m_b="0.000000" m_c="0.000000" m_d="1.000000" m_tx="0.000000" m_ty="0.000000"/>
   <element name="egg" layername="egg2" frame="1" z_index="7" m_a="1.000000" m_b="0.000000" m_c="0.000000" m_d="1.000000" m_tx="0.000000" m_ty="0.000000"/>
   <element name="egg" layername="eg" frame="0" z_index="6" m_a="1.000000" m_b="0.000000" m_c="0.000000" m_d="1.000000" m_tx="0.000000" m_ty="0.000000"/>
  </frame>
  <frame idx="50" w="484" h="572" x="-40.000015" y="-120.000000">
   <element name="body" layername="body" frame="0" z_index="8" m_a="1.000000" m_b="0.000000" m_c="0.000000" m_d="1.000000" m_tx="0.000000" m_ty="0.000000"/>
   <element name="egg" layername="egg2" frame="1" z_index="7" m_a="1.000000" m_b="0.000000" m_c="0.000000" m_d="1.000000" m_tx="0.000000" m_ty="0.000000"/>
   <element name="egg" layername="eg" frame="0" z_index="6" m_a="1.000000" m_b="0.000000" m_c="0.000000" m_d="1.000000" m_tx="0.000000" m_ty="0.000000"/>
  </frame>
  <frame idx="75" w="484" h="572" x="-40.000015" y="-120.000000">
   <element name="body" layername="body" frame="0" z_index="8" m_a="1.000000" m_b="0.000000" m_c="0.000000" m_d="1.000000" m_tx="0.000000" m_ty="0.000000"/>
   <element name="egg" layername="egg2" frame="1" z_index="7" m_a="1.000000" m_b="0.000000" m_c="0.000000" m_d="1.000000" m_tx="0.000000" m_ty="0.000000"/>
   <element name="egg" layername="eg" frame="0" z_index="6" m_a="1.000000" m_b="0.000000" m_c="0.000000" m_d="1.000000" m_tx="0.000000" m_ty="0.000000"/>
  </frame>
  <frame idx="100" w="484" h="572" x="-40.000015" y="-120.000000">
   <element name="body" layername="body" frame="0" z_index="8" m_a="1.000000" m_b="0.000000" m_c="0.000000" m_d="1.000000" m_tx="0.000000" m_ty="0.000000"/>
   <element name="egg" layername="egg2" frame="1" z_index="7" m_a="1.000000" m_b="0.000000" m_c="0.000000" m_d="1.000000" m_tx="0.000000" m_ty="0.000000"/>
   <element name="egg" layername="eg" frame="0" z_index="6" m_a="1.000000" m_b="0.000000" m_c="0.000000" m_d="1.000000" m_tx="0.000000" m_ty="0.000000"/>
  </frame>
  <frame idx="125" w="484" h="572" x="-40.000015" y="-120.000000">
   <element name="body" layername="body" frame="0" z_index="8" m_a="1.000000" m_b="0.000000" m_c="0.000000" m_d="1.000000" m_tx="0.000000" m_ty="0.000000"/>
   <element name="egg" layername="egg2" frame="1" z_index="7" m_a="1.000000" m_b="0.000000" m_c="0.000000" m_d="1.000000" m_tx="0.000000" m_ty="0.000000"/>
   <element name="egg" layername="eg" frame="0" z_index="6" m_a="1.000000" m_b="0.000000" m_c="0.000000" m_d="1.000000" m_tx="0.000000" m_ty="0.000000"/>
  </frame>
  <frame idx="150" w="484" h="572" x="-40.000015" y="-120.000000">
   <element name="body" layername="body" frame="0" z_index="8" m_a="1.000000" m_b="0.000000" m_c="0.000000" m_d="1.000000" m_tx="0.000000" m_ty="0.000000"/>
   <element name="egg" layername="egg2" frame="1" z_index="7" m_a="1.000000" m_b="0.000000" m_c="0.000000" m_d="1.000000" m_tx="0.000000" m_ty="0.000000"/>
   <element name="egg" layername="eg" frame="0" z_index="6" m_a="1.000000" m_b="0.000000" m_c="0.000000" m_d="1.000000" m_tx="0.000000" m_ty="0.000000"/>
  </frame>
  <frame idx="175" w="484" h="572" x="-40.000015" y="-120.000000">
   <element name="body" layername="body" frame="0" z_index="8" m_a="1.000000" m_b="0.000000" m_c="0.000000" m_d="1.000000" m_tx="0.000000" m_ty="0.000000"/>
   <element name="egg" layername="egg2" frame="1" z_index="7" m_a="1.000000" m_b="0.000000" m_c="0.000000" m_d="1.000000" m_tx="0.000000" m_ty="0.000000"/>
   <element name="egg" layername="eg" frame="0" z_index="6" m_a="1.000000" m_b="0.000000" m_c="0.000000" m_d="1.000000" m_tx="0.000000" m_ty="0.000000"/>
  </frame>
  <frame idx="200" w="484" h="572" x="-40.000015" y="-120.000000">
   <element name="body" layername="body" frame="0" z_index="8" m_a="1.000000" m_b="0.000000" m_c="0.000000" m_d="1.000000" m_tx="0.000000" m_ty="0.000000"/>
   <element name="egg" layername="egg2" frame="1" z_index="7" m_a="1.000000" m_b="0.000000" m_c="0.000000" m_d="1.000000" m_tx="0.000000" m_ty="0.000000"/>
   <element name="egg" layername="eg" frame="0" z_index="6" m_a="1.000000" m_b="0.000000" m_c="0.000000" m_d="1.000000" m_tx="0.000000" m_ty="0.000000"/>
  </frame>
  <frame idx="225" w="484" h="572" x="-40.000015" y="-120.000000">
   <element name="body" layername="body" frame="0" z_index="8" m_a="1.000000" m_b="0.000000" m_c="0.000000" m_d="1.000000" m_tx="0.000000" m_ty="0.000000"/>
   <element name="egg" layername="egg2" frame="1" z_index="7" m_a="1.000000" m_b="0.000000" m_c="0.000000" m_d="1.000000" m_tx="0.000000" m_ty="0.000000"/>
   <element name="egg" layername="eg" frame="0" z_index="6" m_a="1.000000" m_b="0.000000" m_c="0.000000" m_d="1.000000" m_tx="0.000000" m_ty="0.000000"/>
  </frame>
  <frame idx="250" w="484" h="572" x="-40.000015" y="-120.000000">
   <element name="body" layername="body" frame="0" z_index="8" m_a="1.000000" m_b="0.000000" m_c="0.000000" m_d="1.000000" m_tx="0.000000" m_ty="0.000000"/>
   <element name="egg" layername="egg2" frame="1" z_index="7" m_a="1.000000" m_b="0.000000" m_c="0.000000" m_d="1.000000" m_tx="0.000000" m_ty="0.000000"/>
   <element name="egg" layername="eg" frame="0" z_index="6" m_a="1.000000" m_b="0.000000" m_c="0.000000" m_d="1.000000" m_tx="0.000000" m_ty="0.000000"/>
  </frame>
  <frame idx="275" w="484" h="572" x="-40.000015" y="-120.000000">
   <element name="body" layername="body" frame="0" z_index="8" m_a="1.000000" m_b="0.000000" m_c="0.000000" m_d="1.000000" m_tx="0.000000" m_ty="0.000000"/>
   <element name="egg" layername="egg2" frame="1" z_index="7" m_a="1.000000" m_b="0.000000" m_c="0.000000" m_d="1.000000" m_tx="0.000000" m_ty="0.000000"/>
   <element name="egg" layername="eg" frame="0" z_index="6" m_a="1.000000" m_b="0.000000" m_c="0.000000" m_d="1.000000" m_tx="0.000000" m_ty="0.000000"/>
  </frame>
  <frame idx="300" w="484" h="572" x="-40.000015" y="-120.000000">
   <element name="body" layername="body" frame="0" z_index="8" m_a="1.000000" m_b="0.000000" m_c="0.000000" m_d="1.000000" m_tx="0.000000" m_ty="0.000000"/>
   <element name="egg" layername="egg2" frame="1" z_index="7" m_a="1.000000" m_b="0.000000" m_c="0.000000" m_d="1.000000" m_tx="0.000000" m_ty="0.000000"/>
   <element name="egg" layername="eg" frame="0" z_index="6" m_a="1.000000" m_b="0.000000" m_c="0.000000" m_d="1.000000" m_tx="0.000000" m_ty="0.000000"/>
  </frame>
  <frame idx="325" w="484" h="572" x="-40.000015" y="-120.000000">
   <element name="body" layername="body" frame="0" z_index="8" m_a="1.000000" m_b="0.000000" m_c="0.000000" m_d="1.000000" m_tx="0.000000" m_ty="0.000000"/>
   <element name="egg" layername="egg2" frame="1" z_index="7" m_a="1.000000" m_b="0.000000" m_c="0.000000" m_d="1.000000" m_tx="0.000000" m_ty="0.000000"/>
   <element name="egg" layername="eg" frame="0" z_index="6" m_a="1.000000" m_b="0.000000" m_c="0.000000" m_d="1.000000" m_tx="0.000000" m_ty="0.000000"/>
  </frame>
  <frame idx="350" w="484" h="572" x="-40.000015" y="-120.000000">
   <element name="body" layername="body" frame="0" z_index="8" m_a="1.000000" m_b="0.000000" m_c="0.000000" m_d="1.000000" m_tx="0.000000" m_ty="0.000000"/>
   <element name="egg" layername="egg2" frame="1" z_index="7" m_a="1.000000" m_b="0.000000" m_c="0.000000" m_d="1.000000" m_tx="0.000000" m_ty="0.000000"/>
   <element name="egg" layername="eg" frame="0" z_index="6" m_a="1.000000" m_b="0.000000" m_c="0.000000" m_d="1.000000" m_tx="0.000000" m_ty="0.000000"/>
  </frame>
  <frame idx="375" w="484" h="572" x="-40.000015" y="-120.000000">
   <element name="body" layername="body" frame="0" z_index="8" m_a="1.000000" m_b="0.000000" m_c="0.000000" m_d="1.000000" m_tx="0.000000" m_ty="0.000000"/>
   <element name="egg" layername="egg2" frame="1" z_index="7" m_a="1.000000" m_b="0.000000" m_c="0.000000" m_d="1.000000" m_tx="0.000000" m_ty="0.000000"/>
   <element name="egg" layername="eg" frame="0" z_index="6" m_a="1.000000" m_b="0.000000" m_c="0.000000" m_d="1.000000" m_tx="0.000000" m_ty="0.000000"/>
  </frame>
 </anim>
 <anim name="half" root="zxeggbasket3" numframes="400" framerate="40">
  <frame idx="0" w="484" h="572" x="-40.000015" y="-120.000000">
   <element name="body" layername="body" frame="0" z_index="8" m_a="1.000000" m_b="0.000000" m_c="0.000000" m_d="1.000000" m_tx="0.000000" m_ty="0.000000"/>
   <element name="egg" layername="eg" frame="0" z_index="7" m_a="1.000000" m_b="0.000000" m_c="0.000000" m_d="1.000000" m_tx="0.000000" m_ty="0.000000"/>
  </frame>
  <frame idx="25" w="484" h="572" x="-40.000015" y="-120.000000">
   <element name="body" layername="body" frame="0" z_index="8" m_a="1.000000" m_b="0.000000" m_c="0.000000" m_d="1.000000" m_tx="0.000000" m_ty="0.000000"/>
   <element name="egg" layername="eg" frame="0" z_index="7" m_a="1.000000" m_b="0.000000" m_c="0.000000" m_d="1.000000" m_tx="0.000000" m_ty="0.000000"/>
  </frame>
  <frame idx="50" w="484" h="572" x="-40.000015" y="-120.000000">
   <element name="body" layername="body" frame="0" z_index="8" m_a="1.000000" m_b="0.000000" m_c="0.000000" m_d="1.000000" m_tx="0.000000" m_ty="0.000000"/>
   <element name="egg" layername="eg" frame="0" z_index="7" m_a="1.000000" m_b="0.000000" m_c="0.000000" m_d="1.000000" m_tx="0.000000" m_ty="0.000000"/>
  </frame>
  <frame idx="75" w="484" h="572" x="-40.000015" y="-120.000000">
   <element name="body" layername="body" frame="0" z_index="8" m_a="1.000000" m_b="0.000000" m_c="0.000000" m_d="1.000000" m_tx="0.000000" m_ty="0.000000"/>
   <element name="egg" layername="eg" frame="0" z_index="7" m_a="1.000000" m_b="0.000000" m_c="0.000000" m_d="1.000000" m_tx="0.000000" m_ty="0.000000"/>
  </frame>
  <frame idx="100" w="484" h="572" x="-40.000015" y="-120.000000">
   <element name="body" layername="body" frame="0" z_index="8" m_a="1.000000" m_b="0.000000" m_c="0.000000" m_d="1.000000" m_tx="0.000000" m_ty="0.000000"/>
   <element name="egg" layername="eg" frame="0" z_index="7" m_a="1.000000" m_b="0.000000" m_c="0.000000" m_d="1.000000" m_tx="0.000000" m_ty="0.000000"/>
  </frame>
  <frame idx="125" w="484" h="572" x="-40.000015" y="-120.000000">
   <element name="body" layername="body" frame="0" z_index="8" m_a="1.000000" m_b="0.000000" m_c="0.000000" m_d="1.000000" m_tx="0.000000" m_ty="0.000000"/>
   <element name="egg" layername="eg" frame="0" z_index="7" m_a="1.000000" m_b="0.000000" m_c="0.000000" m_d="1.000000" m_tx="0.000000" m_ty="0.000000"/>
  </frame>
  <frame idx="150" w="484" h="572" x="-40.000015" y="-120.000000">
   <element name="body" layername="body" frame="0" z_index="8" m_a="1.000000" m_b="0.000000" m_c="0.000000" m_d="1.000000" m_tx="0.000000" m_ty="0.000000"/>
   <element name="egg" layername="eg" frame="0" z_index="7" m_a="1.000000" m_b="0.000000" m_c="0.000000" m_d="1.000000" m_tx="0.000000" m_ty="0.000000"/>
  </frame>
  <frame idx="175" w="484" h="572" x="-40.000015" y="-120.000000">
   <element name="body" layername="body" frame="0" z_index="8" m_a="1.000000" m_b="0.000000" m_c="0.000000" m_d="1.000000" m_tx="0.000000" m_ty="0.000000"/>
   <element name="egg" layername="eg" frame="0" z_index="7" m_a="1.000000" m_b="0.000000" m_c="0.000000" m_d="1.000000" m_tx="0.000000" m_ty="0.000000"/>
  </frame>
  <frame idx="200" w="484" h="572" x="-40.000015" y="-120.000000">
   <element name="body" layername="body" frame="0" z_index="8" m_a="1.000000" m_b="0.000000" m_c="0.000000" m_d="1.000000" m_tx="0.000000" m_ty="0.000000"/>
   <element name="egg" layername="eg" frame="0" z_index="7" m_a="1.000000" m_b="0.000000" m_c="0.000000" m_d="1.000000" m_tx="0.000000" m_ty="0.000000"/>
  </frame>
  <frame idx="225" w="484" h="572" x="-40.000015" y="-120.000000">
   <element name="body" layername="body" frame="0" z_index="8" m_a="1.000000" m_b="0.000000" m_c="0.000000" m_d="1.000000" m_tx="0.000000" m_ty="0.000000"/>
   <element name="egg" layername="eg" frame="0" z_index="7" m_a="1.000000" m_b="0.000000" m_c="0.000000" m_d="1.000000" m_tx="0.000000" m_ty="0.000000"/>
  </frame>
  <frame idx="250" w="484" h="572" x="-40.000015" y="-120.000000">
   <element name="body" layername="body" frame="0" z_index="8" m_a="1.000000" m_b="0.000000" m_c="0.000000" m_d="1.000000" m_tx="0.000000" m_ty="0.000000"/>
   <element name="egg" layername="eg" frame="0" z_index="7" m_a="1.000000" m_b="0.000000" m_c="0.000000" m_d="1.000000" m_tx="0.000000" m_ty="0.000000"/>
  </frame>
  <frame idx="275" w="484" h="572" x="-40.000015" y="-120.000000">
   <element name="body" layername="body" frame="0" z_index="8" m_a="1.000000" m_b="0.000000" m_c="0.000000" m_d="1.000000" m_tx="0.000000" m_ty="0.000000"/>
   <element name="egg" layername="eg" frame="0" z_index="7" m_a="1.000000" m_b="0.000000" m_c="0.000000" m_d="1.000000" m_tx="0.000000" m_ty="0.000000"/>
  </frame>
  <frame idx="300" w="484" h="572" x="-40.000015" y="-120.000000">
   <element name="body" layername="body" frame="0" z_index="8" m_a="1.000000" m_b="0.000000" m_c="0.000000" m_d="1.000000" m_tx="0.000000" m_ty="0.000000"/>
   <element name="egg" layername="eg" frame="0" z_index="7" m_a="1.000000" m_b="0.000000" m_c="0.000000" m_d="1.000000" m_tx="0.000000" m_ty="0.000000"/>
  </frame>
  <frame idx="325" w="484" h="572" x="-40.000015" y="-120.000000">
   <element name="body" layername="body" frame="0" z_index="8" m_a="1.000000" m_b="0.000000" m_c="0.000000" m_d="1.000000" m_tx="0.000000" m_ty="0.000000"/>
   <element name="egg" layername="eg" frame="0" z_index="7" m_a="1.000000" m_b="0.000000" m_c="0.000000" m_d="1.000000" m_tx="0.000000" m_ty="0.000000"/>
  </frame>
  <frame idx="350" w="484" h="572" x="-40.000015" y="-120.000000">
   <element name="body" layername="body" frame="0" z_index="8" m_a="1.000000" m_b="0.000000" m_c="0.000000" m_d="1.000000" m_tx="0.000000" m_ty="0.000000"/>
   <element name="egg" layername="eg" frame="0" z_index="7" m_a="1.000000" m_b="0.000000" m_c="0.000000" m_d="1.000000" m_tx="0.000000" m_ty="0.000000"/>
  </frame>
  <frame idx="375" w="484" h="572" x="-40.000015" y="-120.000000">
   <element name="body" layername="body" frame="0" z_index="8" m_a="1.000000" m_b="0.000000" m_c="0.000000" m_d="1.000000" m_tx="0.000000" m_ty="0.000000"/>
   <element name="egg" layername="eg" frame="0" z_index="7" m_a="1.000000" m_b="0.000000" m_c="0.000000" m_d="1.000000" m_tx="0.000000" m_ty="0.000000"/>
  </frame>
 </anim>
</Anims>
