<Anims>
 <anim name="idle" root="zxhoundfarm1" numframes="400" framerate="40">
  <frame idx="0" w="542" h="695" x="8.964005" y="-130.477997">
   <element name="images" layername="body" frame="0" z_index="3" m_a="1.000000" m_b="0.000000" m_c="0.000000" m_d="1.000000" m_tx="0.000000" m_ty="0.000000"/>
  </frame>
  <frame idx="25" w="542" h="695" x="8.964005" y="-130.477997">
   <element name="images" layername="body" frame="0" z_index="3" m_a="1.000000" m_b="0.000000" m_c="0.000000" m_d="1.000000" m_tx="0.000000" m_ty="0.000000"/>
  </frame>
  <frame idx="50" w="542" h="695" x="8.964005" y="-130.477997">
   <element name="images" layername="body" frame="0" z_index="3" m_a="1.000000" m_b="0.000000" m_c="0.000000" m_d="1.000000" m_tx="0.000000" m_ty="0.000000"/>
  </frame>
  <frame idx="75" w="542" h="695" x="8.964005" y="-130.477997">
   <element name="images" layername="body" frame="0" z_index="3" m_a="1.000000" m_b="0.000000" m_c="0.000000" m_d="1.000000" m_tx="0.000000" m_ty="0.000000"/>
  </frame>
  <frame idx="100" w="542" h="695" x="8.964005" y="-130.477997">
   <element name="images" layername="body" frame="0" z_index="3" m_a="1.000000" m_b="0.000000" m_c="0.000000" m_d="1.000000" m_tx="0.000000" m_ty="0.000000"/>
  </frame>
  <frame idx="125" w="542" h="695" x="8.964005" y="-130.477997">
   <element name="images" layername="body" frame="0" z_index="3" m_a="1.000000" m_b="0.000000" m_c="0.000000" m_d="1.000000" m_tx="0.000000" m_ty="0.000000"/>
  </frame>
  <frame idx="150" w="542" h="695" x="8.964005" y="-130.477997">
   <element name="images" layername="body" frame="0" z_index="3" m_a="1.000000" m_b="0.000000" m_c="0.000000" m_d="1.000000" m_tx="0.000000" m_ty="0.000000"/>
  </frame>
  <frame idx="175" w="542" h="695" x="8.964005" y="-130.477997">
   <element name="images" layername="body" frame="0" z_index="3" m_a="1.000000" m_b="0.000000" m_c="0.000000" m_d="1.000000" m_tx="0.000000" m_ty="0.000000"/>
  </frame>
  <frame idx="200" w="542" h="695" x="8.964005" y="-130.477997">
   <element name="images" layername="body" frame="0" z_index="3" m_a="1.000000" m_b="0.000000" m_c="0.000000" m_d="1.000000" m_tx="0.000000" m_ty="0.000000"/>
  </frame>
  <frame idx="225" w="542" h="695" x="8.964005" y="-130.477997">
   <element name="images" layername="body" frame="0" z_index="3" m_a="1.000000" m_b="0.000000" m_c="0.000000" m_d="1.000000" m_tx="0.000000" m_ty="0.000000"/>
  </frame>
  <frame idx="250" w="542" h="695" x="8.964005" y="-130.477997">
   <element name="images" layername="body" frame="0" z_index="3" m_a="1.000000" m_b="0.000000" m_c="0.000000" m_d="1.000000" m_tx="0.000000" m_ty="0.000000"/>
  </frame>
  <frame idx="275" w="542" h="695" x="8.964005" y="-130.477997">
   <element name="images" layername="body" frame="0" z_index="3" m_a="1.000000" m_b="0.000000" m_c="0.000000" m_d="1.000000" m_tx="0.000000" m_ty="0.000000"/>
  </frame>
  <frame idx="300" w="542" h="695" x="8.964005" y="-130.477997">
   <element name="images" layername="body" frame="0" z_index="3" m_a="1.000000" m_b="0.000000" m_c="0.000000" m_d="1.000000" m_tx="0.000000" m_ty="0.000000"/>
  </frame>
  <frame idx="325" w="542" h="695" x="8.964005" y="-130.477997">
   <element name="images" layername="body" frame="0" z_index="3" m_a="1.000000" m_b="0.000000" m_c="0.000000" m_d="1.000000" m_tx="0.000000" m_ty="0.000000"/>
  </frame>
  <frame idx="350" w="542" h="695" x="8.964005" y="-130.477997">
   <element name="images" layername="body" frame="0" z_index="3" m_a="1.000000" m_b="0.000000" m_c="0.000000" m_d="1.000000" m_tx="0.000000" m_ty="0.000000"/>
  </frame>
  <frame idx="375" w="542" h="695" x="8.964005" y="-130.477997">
   <element name="images" layername="body" frame="0" z_index="3" m_a="1.000000" m_b="0.000000" m_c="0.000000" m_d="1.000000" m_tx="0.000000" m_ty="0.000000"/>
  </frame>
 </anim>
 <anim name="onbuild" root="zxhoundfarm1" numframes="400" framerate="40">
  <frame idx="0" w="542" h="695" x="8.964005" y="-130.477997">
   <element name="images" layername="body" frame="0" z_index="3" m_a="1.000000" m_b="0.000000" m_c="0.000000" m_d="1.000000" m_tx="0.000000" m_ty="0.000000"/>
  </frame>
  <frame idx="25" w="542" h="695" x="8.964005" y="-130.477997">
   <element name="images" layername="body" frame="0" z_index="3" m_a="1.000000" m_b="0.000000" m_c="0.000000" m_d="1.000000" m_tx="0.000000" m_ty="0.000000"/>
  </frame>
  <frame idx="50" w="542" h="695" x="8.964005" y="-130.477997">
   <element name="images" layername="body" frame="0" z_index="3" m_a="1.000000" m_b="0.000000" m_c="0.000000" m_d="1.000000" m_tx="0.000000" m_ty="0.000000"/>
  </frame>
  <frame idx="75" w="542" h="695" x="8.964005" y="-130.477997">
   <element name="images" layername="body" frame="0" z_index="3" m_a="1.000000" m_b="0.000000" m_c="0.000000" m_d="1.000000" m_tx="0.000000" m_ty="0.000000"/>
  </frame>
  <frame idx="100" w="542" h="695" x="8.964005" y="-130.477997">
   <element name="images" layername="body" frame="0" z_index="3" m_a="1.000000" m_b="0.000000" m_c="0.000000" m_d="1.000000" m_tx="0.000000" m_ty="0.000000"/>
  </frame>
  <frame idx="125" w="542" h="695" x="8.964005" y="-130.477997">
   <element name="images" layername="body" frame="0" z_index="3" m_a="1.000000" m_b="0.000000" m_c="0.000000" m_d="1.000000" m_tx="0.000000" m_ty="0.000000"/>
  </frame>
  <frame idx="150" w="542" h="695" x="8.964005" y="-130.477997">
   <element name="images" layername="body" frame="0" z_index="3" m_a="1.000000" m_b="0.000000" m_c="0.000000" m_d="1.000000" m_tx="0.000000" m_ty="0.000000"/>
  </frame>
  <frame idx="175" w="542" h="695" x="8.964005" y="-130.477997">
   <element name="images" layername="body" frame="0" z_index="3" m_a="1.000000" m_b="0.000000" m_c="0.000000" m_d="1.000000" m_tx="0.000000" m_ty="0.000000"/>
  </frame>
  <frame idx="200" w="542" h="695" x="8.964005" y="-130.477997">
   <element name="images" layername="body" frame="0" z_index="3" m_a="1.000000" m_b="0.000000" m_c="0.000000" m_d="1.000000" m_tx="0.000000" m_ty="0.000000"/>
  </frame>
  <frame idx="225" w="542" h="695" x="8.964005" y="-130.477997">
   <element name="images" layername="body" frame="0" z_index="3" m_a="1.000000" m_b="0.000000" m_c="0.000000" m_d="1.000000" m_tx="0.000000" m_ty="0.000000"/>
  </frame>
  <frame idx="250" w="542" h="695" x="8.964005" y="-130.477997">
   <element name="images" layername="body" frame="0" z_index="3" m_a="1.000000" m_b="0.000000" m_c="0.000000" m_d="1.000000" m_tx="0.000000" m_ty="0.000000"/>
  </frame>
  <frame idx="275" w="542" h="695" x="8.964005" y="-130.477997">
   <element name="images" layername="body" frame="0" z_index="3" m_a="1.000000" m_b="0.000000" m_c="0.000000" m_d="1.000000" m_tx="0.000000" m_ty="0.000000"/>
  </frame>
  <frame idx="300" w="542" h="695" x="8.964005" y="-130.477997">
   <element name="images" layername="body" frame="0" z_index="3" m_a="1.000000" m_b="0.000000" m_c="0.000000" m_d="1.000000" m_tx="0.000000" m_ty="0.000000"/>
  </frame>
  <frame idx="325" w="542" h="695" x="8.964005" y="-130.477997">
   <element name="images" layername="body" frame="0" z_index="3" m_a="1.000000" m_b="0.000000" m_c="0.000000" m_d="1.000000" m_tx="0.000000" m_ty="0.000000"/>
  </frame>
  <frame idx="350" w="542" h="695" x="8.964005" y="-130.477997">
   <element name="images" layername="body" frame="0" z_index="3" m_a="1.000000" m_b="0.000000" m_c="0.000000" m_d="1.000000" m_tx="0.000000" m_ty="0.000000"/>
  </frame>
  <frame idx="375" w="542" h="695" x="8.964005" y="-130.477997">
   <element name="images" layername="body" frame="0" z_index="3" m_a="1.000000" m_b="0.000000" m_c="0.000000" m_d="1.000000" m_tx="0.000000" m_ty="0.000000"/>
  </frame>
 </anim>
 <anim name="onhit" root="zxhoundfarm1" numframes="400" framerate="40">
  <frame idx="0" w="542" h="695" x="8.964005" y="-130.477997">
   <element name="images" layername="body" frame="0" z_index="3" m_a="1.000000" m_b="0.000000" m_c="0.000000" m_d="1.000000" m_tx="0.000000" m_ty="0.000000"/>
  </frame>
  <frame idx="25" w="546" h="713" x="12.971268" y="-139.180191">
   <element name="images" layername="body" frame="0" z_index="3" m_a="0.999869" m_b="-0.016160" m_c="0.016160" m_d="0.999869" m_tx="0.000000" m_ty="-4.629630"/>
  </frame>
  <frame idx="50" w="549" h="731" x="16.912277" y="-147.946655">
   <element name="images" layername="body" frame="0" z_index="3" m_a="0.999478" m_b="-0.032315" m_c="0.032315" m_d="0.999478" m_tx="0.000000" m_ty="-9.259259"/>
  </frame>
  <frame idx="75" w="554" h="750" x="20.785873" y="-156.776245">
   <element name="images" layername="body" frame="0" z_index="3" m_a="0.998825" m_b="-0.048462" m_c="0.048462" m_d="0.998825" m_tx="0.000000" m_ty="-13.888889"/>
  </frame>
  <frame idx="100" w="558" h="767" x="24.591080" y="-165.667847">
   <element name="images" layername="body" frame="0" z_index="3" m_a="0.997911" m_b="-0.064597" m_c="0.064597" m_d="0.997911" m_tx="0.000000" m_ty="-18.518518"/>
  </frame>
  <frame idx="125" w="563" h="786" x="28.326920" y="-174.620422">
   <element name="images" layername="body" frame="0" z_index="3" m_a="0.996737" m_b="-0.080714" m_c="0.080714" m_d="0.996737" m_tx="0.000000" m_ty="-23.148148"/>
  </frame>
  <frame idx="150" w="559" h="777" x="25.409622" y="-173.084503">
   <element name="images" layername="body" frame="0" z_index="3" m_a="0.997678" m_b="-0.068104" m_c="0.068104" m_d="0.997678" m_tx="0.000000" m_ty="-25.000000"/>
  </frame>
  <frame idx="175" w="550" h="752" x="17.874222" y="-164.717773">
   <element name="images" layername="body" frame="0" z_index="3" m_a="0.999341" m_b="-0.036300" m_c="0.036300" m_d="0.999341" m_tx="0.000000" m_ty="-25.000000"/>
  </frame>
  <frame idx="200" w="543" h="725" x="10.076248" y="-156.595200">
   <element name="images" layername="body" frame="0" z_index="3" m_a="0.999990" m_b="-0.004459" m_c="0.004459" m_d="0.999990" m_tx="0.000000" m_ty="-25.000000"/>
  </frame>
  <frame idx="225" w="564" h="730" x="2.023514" y="-148.725067">
   <element name="images" layername="body" frame="0" z_index="3" m_a="0.999625" m_b="0.027387" m_c="-0.027387" m_d="0.999625" m_tx="0.000000" m_ty="-25.000000"/>
  </frame>
  <frame idx="250" w="590" h="737" x="-6.275665" y="-141.115356">
   <element name="images" layername="body" frame="0" z_index="3" m_a="0.998246" m_b="0.059205" m_c="-0.059205" m_d="0.998246" m_tx="0.000000" m_ty="-25.000000"/>
  </frame>
  <frame idx="275" w="610" h="744" x="-13.222809" y="-134.519867">
   <element name="images" layername="body" frame="0" z_index="3" m_a="0.996371" m_b="0.085118" m_c="-0.085118" m_d="0.996371" m_tx="0.000000" m_ty="-24.414063"/>
  </frame>
  <frame idx="300" w="597" h="734" x="-8.647736" y="-133.559082">
   <element name="images" layername="body" frame="0" z_index="3" m_a="0.997677" m_b="0.068124" m_c="-0.068124" m_d="0.997677" m_tx="0.000000" m_ty="-19.531250"/>
  </frame>
  <frame idx="325" w="583" h="724" x="-4.140289" y="-132.675629">
   <element name="images" layername="body" frame="0" z_index="3" m_a="0.998693" m_b="0.051110" m_c="-0.051110" m_d="0.998693" m_tx="0.000000" m_ty="-14.648438"/>
  </frame>
  <frame idx="350" w="569" h="714" x="0.298431" y="-131.868530">
   <element name="images" layername="body" frame="0" z_index="3" m_a="0.999419" m_b="0.034081" m_c="-0.034081" m_d="0.999419" m_tx="0.000000" m_ty="-9.765625"/>
  </frame>
  <frame idx="375" w="555" h="704" x="4.666794" y="-131.136246">
   <element name="images" layername="body" frame="0" z_index="3" m_a="0.999855" m_b="0.017044" m_c="-0.017044" m_d="0.999855" m_tx="0.000000" m_ty="-4.882813"/>
  </frame>
 </anim>
</Anims>
