<Anims>
 <anim name="idle" root="zxcatfarm" numframes="400" framerate="40">
  <frame idx="0" w="523" h="770" x="25.000000" y="-200.000000">
   <element name="house" layername="0" frame="0" z_index="3" m_a="1.000000" m_b="0.000000" m_c="0.000000" m_d="1.000000" m_tx="0.000000" m_ty="0.000000"/>
  </frame>
  <frame idx="25" w="523" h="770" x="25.000000" y="-200.000000">
   <element name="house" layername="0" frame="0" z_index="3" m_a="1.000000" m_b="0.000000" m_c="0.000000" m_d="1.000000" m_tx="0.000000" m_ty="0.000000"/>
  </frame>
  <frame idx="50" w="523" h="770" x="25.000000" y="-200.000000">
   <element name="house" layername="0" frame="0" z_index="3" m_a="1.000000" m_b="0.000000" m_c="0.000000" m_d="1.000000" m_tx="0.000000" m_ty="0.000000"/>
  </frame>
  <frame idx="75" w="523" h="770" x="25.000000" y="-200.000000">
   <element name="house" layername="0" frame="0" z_index="3" m_a="1.000000" m_b="0.000000" m_c="0.000000" m_d="1.000000" m_tx="0.000000" m_ty="0.000000"/>
  </frame>
  <frame idx="100" w="523" h="770" x="25.000000" y="-200.000000">
   <element name="house" layername="0" frame="0" z_index="3" m_a="1.000000" m_b="0.000000" m_c="0.000000" m_d="1.000000" m_tx="0.000000" m_ty="0.000000"/>
  </frame>
  <frame idx="125" w="523" h="770" x="25.000000" y="-200.000000">
   <element name="house" layername="0" frame="0" z_index="3" m_a="1.000000" m_b="0.000000" m_c="0.000000" m_d="1.000000" m_tx="0.000000" m_ty="0.000000"/>
  </frame>
  <frame idx="150" w="523" h="770" x="25.000000" y="-200.000000">
   <element name="house" layername="0" frame="0" z_index="3" m_a="1.000000" m_b="0.000000" m_c="0.000000" m_d="1.000000" m_tx="0.000000" m_ty="0.000000"/>
  </frame>
  <frame idx="175" w="523" h="770" x="25.000000" y="-200.000000">
   <element name="house" layername="0" frame="0" z_index="3" m_a="1.000000" m_b="0.000000" m_c="0.000000" m_d="1.000000" m_tx="0.000000" m_ty="0.000000"/>
  </frame>
  <frame idx="200" w="523" h="770" x="25.000000" y="-200.000000">
   <element name="house" layername="0" frame="0" z_index="3" m_a="1.000000" m_b="0.000000" m_c="0.000000" m_d="1.000000" m_tx="0.000000" m_ty="0.000000"/>
  </frame>
  <frame idx="225" w="523" h="770" x="25.000000" y="-200.000000">
   <element name="house" layername="0" frame="0" z_index="3" m_a="1.000000" m_b="0.000000" m_c="0.000000" m_d="1.000000" m_tx="0.000000" m_ty="0.000000"/>
  </frame>
  <frame idx="250" w="523" h="770" x="25.000000" y="-200.000000">
   <element name="house" layername="0" frame="0" z_index="3" m_a="1.000000" m_b="0.000000" m_c="0.000000" m_d="1.000000" m_tx="0.000000" m_ty="0.000000"/>
  </frame>
  <frame idx="275" w="523" h="770" x="25.000000" y="-200.000000">
   <element name="house" layername="0" frame="0" z_index="3" m_a="1.000000" m_b="0.000000" m_c="0.000000" m_d="1.000000" m_tx="0.000000" m_ty="0.000000"/>
  </frame>
  <frame idx="300" w="523" h="770" x="25.000000" y="-200.000000">
   <element name="house" layername="0" frame="0" z_index="3" m_a="1.000000" m_b="0.000000" m_c="0.000000" m_d="1.000000" m_tx="0.000000" m_ty="0.000000"/>
  </frame>
  <frame idx="325" w="523" h="770" x="25.000000" y="-200.000000">
   <element name="house" layername="0" frame="0" z_index="3" m_a="1.000000" m_b="0.000000" m_c="0.000000" m_d="1.000000" m_tx="0.000000" m_ty="0.000000"/>
  </frame>
  <frame idx="350" w="523" h="770" x="25.000000" y="-200.000000">
   <element name="house" layername="0" frame="0" z_index="3" m_a="1.000000" m_b="0.000000" m_c="0.000000" m_d="1.000000" m_tx="0.000000" m_ty="0.000000"/>
  </frame>
  <frame idx="375" w="523" h="770" x="25.000000" y="-200.000000">
   <element name="house" layername="0" frame="0" z_index="3" m_a="1.000000" m_b="0.000000" m_c="0.000000" m_d="1.000000" m_tx="0.000000" m_ty="0.000000"/>
  </frame>
 </anim>
 <anim name="onbuild" root="zxcatfarm" numframes="400" framerate="40">
  <frame idx="0" w="523" h="770" x="25.000000" y="-200.000000">
   <element name="house" layername="0" frame="0" z_index="3" m_a="1.000000" m_b="0.000000" m_c="0.000000" m_d="1.000000" m_tx="0.000000" m_ty="0.000000"/>
  </frame>
  <frame idx="25" w="523" h="770" x="25.000000" y="-200.000000">
   <element name="house" layername="0" frame="0" z_index="3" m_a="1.000000" m_b="0.000000" m_c="0.000000" m_d="1.000000" m_tx="0.000000" m_ty="0.000000"/>
  </frame>
  <frame idx="50" w="523" h="770" x="25.000000" y="-200.000000">
   <element name="house" layername="0" frame="0" z_index="3" m_a="1.000000" m_b="0.000000" m_c="0.000000" m_d="1.000000" m_tx="0.000000" m_ty="0.000000"/>
  </frame>
  <frame idx="75" w="523" h="770" x="25.000000" y="-200.000000">
   <element name="house" layername="0" frame="0" z_index="3" m_a="1.000000" m_b="0.000000" m_c="0.000000" m_d="1.000000" m_tx="0.000000" m_ty="0.000000"/>
  </frame>
  <frame idx="100" w="523" h="770" x="25.000000" y="-200.000000">
   <element name="house" layername="0" frame="0" z_index="3" m_a="1.000000" m_b="0.000000" m_c="0.000000" m_d="1.000000" m_tx="0.000000" m_ty="0.000000"/>
  </frame>
  <frame idx="125" w="523" h="770" x="25.000000" y="-200.000000">
   <element name="house" layername="0" frame="0" z_index="3" m_a="1.000000" m_b="0.000000" m_c="0.000000" m_d="1.000000" m_tx="0.000000" m_ty="0.000000"/>
  </frame>
  <frame idx="150" w="523" h="770" x="25.000000" y="-200.000000">
   <element name="house" layername="0" frame="0" z_index="3" m_a="1.000000" m_b="0.000000" m_c="0.000000" m_d="1.000000" m_tx="0.000000" m_ty="0.000000"/>
  </frame>
  <frame idx="175" w="523" h="770" x="25.000000" y="-200.000000">
   <element name="house" layername="0" frame="0" z_index="3" m_a="1.000000" m_b="0.000000" m_c="0.000000" m_d="1.000000" m_tx="0.000000" m_ty="0.000000"/>
  </frame>
  <frame idx="200" w="523" h="770" x="25.000000" y="-200.000000">
   <element name="house" layername="0" frame="0" z_index="3" m_a="1.000000" m_b="0.000000" m_c="0.000000" m_d="1.000000" m_tx="0.000000" m_ty="0.000000"/>
  </frame>
  <frame idx="225" w="523" h="770" x="25.000000" y="-200.000000">
   <element name="house" layername="0" frame="0" z_index="3" m_a="1.000000" m_b="0.000000" m_c="0.000000" m_d="1.000000" m_tx="0.000000" m_ty="0.000000"/>
  </frame>
  <frame idx="250" w="523" h="770" x="25.000000" y="-200.000000">
   <element name="house" layername="0" frame="0" z_index="3" m_a="1.000000" m_b="0.000000" m_c="0.000000" m_d="1.000000" m_tx="0.000000" m_ty="0.000000"/>
  </frame>
  <frame idx="275" w="523" h="770" x="25.000000" y="-200.000000">
   <element name="house" layername="0" frame="0" z_index="3" m_a="1.000000" m_b="0.000000" m_c="0.000000" m_d="1.000000" m_tx="0.000000" m_ty="0.000000"/>
  </frame>
  <frame idx="300" w="523" h="770" x="25.000000" y="-200.000000">
   <element name="house" layername="0" frame="0" z_index="3" m_a="1.000000" m_b="0.000000" m_c="0.000000" m_d="1.000000" m_tx="0.000000" m_ty="0.000000"/>
  </frame>
  <frame idx="325" w="523" h="770" x="25.000000" y="-200.000000">
   <element name="house" layername="0" frame="0" z_index="3" m_a="1.000000" m_b="0.000000" m_c="0.000000" m_d="1.000000" m_tx="0.000000" m_ty="0.000000"/>
  </frame>
  <frame idx="350" w="523" h="770" x="25.000000" y="-200.000000">
   <element name="house" layername="0" frame="0" z_index="3" m_a="1.000000" m_b="0.000000" m_c="0.000000" m_d="1.000000" m_tx="0.000000" m_ty="0.000000"/>
  </frame>
  <frame idx="375" w="523" h="770" x="25.000000" y="-200.000000">
   <element name="house" layername="0" frame="0" z_index="3" m_a="1.000000" m_b="0.000000" m_c="0.000000" m_d="1.000000" m_tx="0.000000" m_ty="0.000000"/>
  </frame>
 </anim>
 <anim name="onhit" root="zxcatfarm" numframes="400" framerate="40">
  <frame idx="0" w="523" h="770" x="25.000000" y="-200.000000">
   <element name="house" layername="0" frame="0" z_index="3" m_a="1.000000" m_b="0.000000" m_c="0.000000" m_d="1.000000" m_tx="0.000000" m_ty="0.000000"/>
  </frame>
  <frame idx="25" w="528" h="790" x="29.036942" y="-209.700241">
   <element name="house" layername="0" frame="0" z_index="3" m_a="0.999867" m_b="-0.016280" m_c="0.016280" m_d="0.999867" m_tx="0.000000" m_ty="-5.597015"/>
  </frame>
  <frame idx="50" w="533" h="810" x="33.006531" y="-219.465668">
   <element name="house" layername="0" frame="0" z_index="3" m_a="0.999470" m_b="-0.032556" m_c="0.032556" m_d="0.999470" m_tx="0.000000" m_ty="-11.194030"/>
  </frame>
  <frame idx="75" w="536" h="830" x="36.907776" y="-229.295135">
   <element name="house" layername="0" frame="0" z_index="3" m_a="0.998807" m_b="-0.048824" m_c="0.048824" m_d="0.998807" m_tx="0.000000" m_ty="-16.791044"/>
  </frame>
  <frame idx="100" w="541" h="849" x="40.739594" y="-239.187561">
   <element name="house" layername="0" frame="0" z_index="3" m_a="0.997880" m_b="-0.065078" m_c="0.065078" m_d="0.997880" m_tx="0.000000" m_ty="-22.388060"/>
  </frame>
  <frame idx="125" w="545" h="868" x="44.500977" y="-249.141815">
   <element name="house" layername="0" frame="0" z_index="3" m_a="0.996688" m_b="-0.081315" m_c="0.081315" m_d="0.996688" m_tx="0.000000" m_ty="-27.985075"/>
  </frame>
  <frame idx="150" w="542" h="858" x="41.250977" y="-247.383545">
   <element name="house" layername="0" frame="0" z_index="3" m_a="0.997735" m_b="-0.067269" m_c="0.067269" m_d="0.997735" m_tx="0.000000" m_ty="-30.000000"/>
  </frame>
  <frame idx="175" w="533" h="833" x="33.872986" y="-239.199707">
   <element name="house" layername="0" frame="0" z_index="3" m_a="0.999347" m_b="-0.036145" m_c="0.036145" m_d="0.999347" m_tx="0.000000" m_ty="-30.000000"/>
  </frame>
  <frame idx="200" w="525" h="808" x="26.243546" y="-231.249771">
   <element name="house" layername="0" frame="0" z_index="3" m_a="0.999988" m_b="-0.004987" m_c="0.004987" m_d="0.999988" m_tx="0.000000" m_ty="-30.000000"/>
  </frame>
  <frame idx="225" w="545" h="811" x="18.370087" y="-223.541443">
   <element name="house" layername="0" frame="0" z_index="3" m_a="0.999657" m_b="0.026177" m_c="-0.026177" m_d="0.999657" m_tx="0.000000" m_ty="-30.000000"/>
  </frame>
  <frame idx="250" w="570" h="819" x="10.260269" y="-216.082184">
   <element name="house" layername="0" frame="0" z_index="3" m_a="0.998356" m_b="0.057315" m_c="-0.057315" m_d="0.998356" m_tx="0.000000" m_ty="-30.000000"/>
  </frame>
  <frame idx="275" w="593" h="827" x="2.447266" y="-209.081726">
   <element name="house" layername="0" frame="0" z_index="3" m_a="0.996255" m_b="0.086466" m_c="-0.086466" m_d="0.996255" m_tx="0.000000" m_ty="-29.761906"/>
  </frame>
  <frame idx="300" w="580" h="816" x="7.099731" y="-207.107971">
   <element name="house" layername="0" frame="0" z_index="3" m_a="0.997603" m_b="0.069204" m_c="-0.069204" m_d="0.997603" m_tx="0.000000" m_ty="-23.809525"/>
  </frame>
  <frame idx="325" w="566" h="805" x="11.682617" y="-205.214172">
   <element name="house" layername="0" frame="0" z_index="3" m_a="0.998651" m_b="0.051921" m_c="-0.051921" m_d="0.998651" m_tx="0.000000" m_ty="-17.857143"/>
  </frame>
  <frame idx="350" w="552" h="794" x="16.194550" y="-203.399078">
   <element name="house" layername="0" frame="0" z_index="3" m_a="0.999400" m_b="0.034622" m_c="-0.034622" m_d="0.999400" m_tx="0.000000" m_ty="-11.904760"/>
  </frame>
  <frame idx="375" w="537" h="783" x="20.634048" y="-201.661407">
   <element name="house" layername="0" frame="0" z_index="3" m_a="0.999850" m_b="0.017314" m_c="-0.017314" m_d="0.999850" m_tx="0.000000" m_ty="-5.952381"/>
  </frame>
 </anim>
</Anims>
