<Anims>
 <anim name="empty" root="zxfarmbowl2" numframes="400" framerate="40">
  <frame idx="0" w="275" h="358" x="0.000000" y="-75.000000">
   <element name="body" layername="bod" frame="0" z_index="22" m_a="1.000000" m_b="0.000000" m_c="0.000000" m_d="1.000000" m_tx="0.000000" m_ty="0.000000"/>
   <element name="deco" layername="dec" frame="0" z_index="21" m_a="1.000000" m_b="0.000000" m_c="0.000000" m_d="1.000000" m_tx="0.000000" m_ty="0.000000"/>
   <element name="deco" layername="deco2" frame="1" z_index="20" m_a="1.000000" m_b="0.000000" m_c="0.000000" m_d="1.000000" m_tx="0.000000" m_ty="0.000000"/>
  </frame>
  <frame idx="25" w="275" h="358" x="0.000000" y="-75.000000">
   <element name="body" layername="bod" frame="0" z_index="22" m_a="1.000000" m_b="0.000000" m_c="0.000000" m_d="1.000000" m_tx="0.000000" m_ty="0.000000"/>
   <element name="deco" layername="dec" frame="0" z_index="21" m_a="1.000000" m_b="0.000000" m_c="0.000000" m_d="1.000000" m_tx="0.000000" m_ty="0.000000"/>
   <element name="deco" layername="deco2" frame="1" z_index="20" m_a="1.000000" m_b="0.000000" m_c="0.000000" m_d="1.000000" m_tx="0.000000" m_ty="0.000000"/>
  </frame>
  <frame idx="50" w="275" h="358" x="0.000000" y="-75.000000">
   <element name="body" layername="bod" frame="0" z_index="22" m_a="1.000000" m_b="0.000000" m_c="0.000000" m_d="1.000000" m_tx="0.000000" m_ty="0.000000"/>
   <element name="deco" layername="dec" frame="0" z_index="21" m_a="1.000000" m_b="0.000000" m_c="0.000000" m_d="1.000000" m_tx="0.000000" m_ty="0.000000"/>
   <element name="deco" layername="deco2" frame="1" z_index="20" m_a="1.000000" m_b="0.000000" m_c="0.000000" m_d="1.000000" m_tx="0.000000" m_ty="0.000000"/>
  </frame>
  <frame idx="75" w="275" h="358" x="0.000000" y="-75.000000">
   <element name="body" layername="bod" frame="0" z_index="22" m_a="1.000000" m_b="0.000000" m_c="0.000000" m_d="1.000000" m_tx="0.000000" m_ty="0.000000"/>
   <element name="deco" layername="dec" frame="0" z_index="21" m_a="1.000000" m_b="0.000000" m_c="0.000000" m_d="1.000000" m_tx="0.000000" m_ty="0.000000"/>
   <element name="deco" layername="deco2" frame="1" z_index="20" m_a="1.000000" m_b="0.000000" m_c="0.000000" m_d="1.000000" m_tx="0.000000" m_ty="0.000000"/>
  </frame>
  <frame idx="100" w="275" h="358" x="0.000000" y="-75.000000">
   <element name="body" layername="bod" frame="0" z_index="22" m_a="1.000000" m_b="0.000000" m_c="0.000000" m_d="1.000000" m_tx="0.000000" m_ty="0.000000"/>
   <element name="deco" layername="dec" frame="0" z_index="21" m_a="1.000000" m_b="0.000000" m_c="0.000000" m_d="1.000000" m_tx="0.000000" m_ty="0.000000"/>
   <element name="deco" layername="deco2" frame="1" z_index="20" m_a="1.000000" m_b="0.000000" m_c="0.000000" m_d="1.000000" m_tx="0.000000" m_ty="0.000000"/>
  </frame>
  <frame idx="125" w="275" h="358" x="0.000000" y="-75.000000">
   <element name="body" layername="bod" frame="0" z_index="22" m_a="1.000000" m_b="0.000000" m_c="0.000000" m_d="1.000000" m_tx="0.000000" m_ty="0.000000"/>
   <element name="deco" layername="dec" frame="0" z_index="21" m_a="1.000000" m_b="0.000000" m_c="0.000000" m_d="1.000000" m_tx="0.000000" m_ty="0.000000"/>
   <element name="deco" layername="deco2" frame="1" z_index="20" m_a="1.000000" m_b="0.000000" m_c="0.000000" m_d="1.000000" m_tx="0.000000" m_ty="0.000000"/>
  </frame>
  <frame idx="150" w="275" h="358" x="0.000000" y="-75.000000">
   <element name="body" layername="bod" frame="0" z_index="22" m_a="1.000000" m_b="0.000000" m_c="0.000000" m_d="1.000000" m_tx="0.000000" m_ty="0.000000"/>
   <element name="deco" layername="dec" frame="0" z_index="21" m_a="1.000000" m_b="0.000000" m_c="0.000000" m_d="1.000000" m_tx="0.000000" m_ty="0.000000"/>
   <element name="deco" layername="deco2" frame="1" z_index="20" m_a="1.000000" m_b="0.000000" m_c="0.000000" m_d="1.000000" m_tx="0.000000" m_ty="0.000000"/>
  </frame>
  <frame idx="175" w="275" h="358" x="0.000000" y="-75.000000">
   <element name="body" layername="bod" frame="0" z_index="22" m_a="1.000000" m_b="0.000000" m_c="0.000000" m_d="1.000000" m_tx="0.000000" m_ty="0.000000"/>
   <element name="deco" layername="dec" frame="0" z_index="21" m_a="1.000000" m_b="0.000000" m_c="0.000000" m_d="1.000000" m_tx="0.000000" m_ty="0.000000"/>
   <element name="deco" layername="deco2" frame="1" z_index="20" m_a="1.000000" m_b="0.000000" m_c="0.000000" m_d="1.000000" m_tx="0.000000" m_ty="0.000000"/>
  </frame>
  <frame idx="200" w="275" h="358" x="0.000000" y="-75.000000">
   <element name="body" layername="bod" frame="0" z_index="22" m_a="1.000000" m_b="0.000000" m_c="0.000000" m_d="1.000000" m_tx="0.000000" m_ty="0.000000"/>
   <element name="deco" layername="dec" frame="0" z_index="21" m_a="1.000000" m_b="0.000000" m_c="0.000000" m_d="1.000000" m_tx="0.000000" m_ty="0.000000"/>
   <element name="deco" layername="deco2" frame="1" z_index="20" m_a="1.000000" m_b="0.000000" m_c="0.000000" m_d="1.000000" m_tx="0.000000" m_ty="0.000000"/>
  </frame>
  <frame idx="225" w="275" h="358" x="0.000000" y="-75.000000">
   <element name="body" layername="bod" frame="0" z_index="22" m_a="1.000000" m_b="0.000000" m_c="0.000000" m_d="1.000000" m_tx="0.000000" m_ty="0.000000"/>
   <element name="deco" layername="dec" frame="0" z_index="21" m_a="1.000000" m_b="0.000000" m_c="0.000000" m_d="1.000000" m_tx="0.000000" m_ty="0.000000"/>
   <element name="deco" layername="deco2" frame="1" z_index="20" m_a="1.000000" m_b="0.000000" m_c="0.000000" m_d="1.000000" m_tx="0.000000" m_ty="0.000000"/>
  </frame>
  <frame idx="250" w="275" h="358" x="0.000000" y="-75.000000">
   <element name="body" layername="bod" frame="0" z_index="22" m_a="1.000000" m_b="0.000000" m_c="0.000000" m_d="1.000000" m_tx="0.000000" m_ty="0.000000"/>
   <element name="deco" layername="dec" frame="0" z_index="21" m_a="1.000000" m_b="0.000000" m_c="0.000000" m_d="1.000000" m_tx="0.000000" m_ty="0.000000"/>
   <element name="deco" layername="deco2" frame="1" z_index="20" m_a="1.000000" m_b="0.000000" m_c="0.000000" m_d="1.000000" m_tx="0.000000" m_ty="0.000000"/>
  </frame>
  <frame idx="275" w="275" h="358" x="0.000000" y="-75.000000">
   <element name="body" layername="bod" frame="0" z_index="22" m_a="1.000000" m_b="0.000000" m_c="0.000000" m_d="1.000000" m_tx="0.000000" m_ty="0.000000"/>
   <element name="deco" layername="dec" frame="0" z_index="21" m_a="1.000000" m_b="0.000000" m_c="0.000000" m_d="1.000000" m_tx="0.000000" m_ty="0.000000"/>
   <element name="deco" layername="deco2" frame="1" z_index="20" m_a="1.000000" m_b="0.000000" m_c="0.000000" m_d="1.000000" m_tx="0.000000" m_ty="0.000000"/>
  </frame>
  <frame idx="300" w="275" h="358" x="0.000000" y="-75.000000">
   <element name="body" layername="bod" frame="0" z_index="22" m_a="1.000000" m_b="0.000000" m_c="0.000000" m_d="1.000000" m_tx="0.000000" m_ty="0.000000"/>
   <element name="deco" layername="dec" frame="0" z_index="21" m_a="1.000000" m_b="0.000000" m_c="0.000000" m_d="1.000000" m_tx="0.000000" m_ty="0.000000"/>
   <element name="deco" layername="deco2" frame="1" z_index="20" m_a="1.000000" m_b="0.000000" m_c="0.000000" m_d="1.000000" m_tx="0.000000" m_ty="0.000000"/>
  </frame>
  <frame idx="325" w="275" h="358" x="0.000000" y="-75.000000">
   <element name="body" layername="bod" frame="0" z_index="22" m_a="1.000000" m_b="0.000000" m_c="0.000000" m_d="1.000000" m_tx="0.000000" m_ty="0.000000"/>
   <element name="deco" layername="dec" frame="0" z_index="21" m_a="1.000000" m_b="0.000000" m_c="0.000000" m_d="1.000000" m_tx="0.000000" m_ty="0.000000"/>
   <element name="deco" layername="deco2" frame="1" z_index="20" m_a="1.000000" m_b="0.000000" m_c="0.000000" m_d="1.000000" m_tx="0.000000" m_ty="0.000000"/>
  </frame>
  <frame idx="350" w="275" h="358" x="0.000000" y="-75.000000">
   <element name="body" layername="bod" frame="0" z_index="22" m_a="1.000000" m_b="0.000000" m_c="0.000000" m_d="1.000000" m_tx="0.000000" m_ty="0.000000"/>
   <element name="deco" layername="dec" frame="0" z_index="21" m_a="1.000000" m_b="0.000000" m_c="0.000000" m_d="1.000000" m_tx="0.000000" m_ty="0.000000"/>
   <element name="deco" layername="deco2" frame="1" z_index="20" m_a="1.000000" m_b="0.000000" m_c="0.000000" m_d="1.000000" m_tx="0.000000" m_ty="0.000000"/>
  </frame>
  <frame idx="375" w="275" h="358" x="0.000000" y="-75.000000">
   <element name="body" layername="bod" frame="0" z_index="22" m_a="1.000000" m_b="0.000000" m_c="0.000000" m_d="1.000000" m_tx="0.000000" m_ty="0.000000"/>
   <element name="deco" layername="dec" frame="0" z_index="21" m_a="1.000000" m_b="0.000000" m_c="0.000000" m_d="1.000000" m_tx="0.000000" m_ty="0.000000"/>
   <element name="deco" layername="deco2" frame="1" z_index="20" m_a="1.000000" m_b="0.000000" m_c="0.000000" m_d="1.000000" m_tx="0.000000" m_ty="0.000000"/>
  </frame>
 </anim>
 <anim name="empty_onhit" root="zxfarmbowl2" numframes="400" framerate="40">
  <frame idx="0" w="275" h="358" x="0.000000" y="-75.000000">
   <element name="body" layername="bod" frame="0" z_index="22" m_a="1.000000" m_b="0.000000" m_c="0.000000" m_d="1.000000" m_tx="0.000000" m_ty="0.000000"/>
   <element name="deco" layername="dec" frame="0" z_index="21" m_a="1.000000" m_b="0.000000" m_c="0.000000" m_d="1.000000" m_tx="0.000000" m_ty="0.000000"/>
   <element name="deco" layername="deco2" frame="1" z_index="20" m_a="1.000000" m_b="0.000000" m_c="0.000000" m_d="1.000000" m_tx="0.000000" m_ty="0.000000"/>
  </frame>
  <frame idx="25" w="279" h="369" x="2.003639" y="-80.739998">
   <element name="body" layername="bod" frame="0" z_index="22" m_a="0.999869" m_b="-0.016160" m_c="0.016160" m_d="0.999869" m_tx="0.000000" m_ty="-3.703704"/>
   <element name="deco" layername="dec" frame="0" z_index="21" m_a="0.999869" m_b="-0.016160" m_c="0.016160" m_d="0.999869" m_tx="0.000000" m_ty="-3.703704"/>
   <element name="deco" layername="deco2" frame="1" z_index="20" m_a="0.999869" m_b="-0.016160" m_c="0.016160" m_d="0.999869" m_tx="0.000000" m_ty="-3.703704"/>
  </frame>
  <frame idx="50" w="280" h="380" x="3.974121" y="-86.512115">
   <element name="body" layername="bod" frame="0" z_index="22" m_a="0.999478" m_b="-0.032315" m_c="0.032315" m_d="0.999478" m_tx="0.000000" m_ty="-7.407407"/>
   <element name="deco" layername="dec" frame="0" z_index="21" m_a="0.999478" m_b="-0.032315" m_c="0.032315" m_d="0.999478" m_tx="0.000000" m_ty="-7.407407"/>
   <element name="deco" layername="deco2" frame="1" z_index="20" m_a="0.999478" m_b="-0.032315" m_c="0.032315" m_d="0.999478" m_tx="0.000000" m_ty="-7.407407"/>
  </frame>
  <frame idx="75" w="282" h="391" x="5.910919" y="-92.315796">
   <element name="body" layername="bod" frame="0" z_index="22" m_a="0.998825" m_b="-0.048462" m_c="0.048462" m_d="0.998825" m_tx="0.000000" m_ty="-11.111112"/>
   <element name="deco" layername="dec" frame="0" z_index="21" m_a="0.998825" m_b="-0.048462" m_c="0.048462" m_d="0.998825" m_tx="0.000000" m_ty="-11.111112"/>
   <element name="deco" layername="deco2" frame="1" z_index="20" m_a="0.998825" m_b="-0.048462" m_c="0.048462" m_d="0.998825" m_tx="0.000000" m_ty="-11.111112"/>
  </frame>
  <frame idx="100" w="284" h="401" x="7.813538" y="-98.150482">
   <element name="body" layername="bod" frame="0" z_index="22" m_a="0.997911" m_b="-0.064597" m_c="0.064597" m_d="0.997911" m_tx="0.000000" m_ty="-14.814815"/>
   <element name="deco" layername="dec" frame="0" z_index="21" m_a="0.997911" m_b="-0.064597" m_c="0.064597" m_d="0.997911" m_tx="0.000000" m_ty="-14.814815"/>
   <element name="deco" layername="deco2" frame="1" z_index="20" m_a="0.997911" m_b="-0.064597" m_c="0.064597" m_d="0.997911" m_tx="0.000000" m_ty="-14.814815"/>
  </frame>
  <frame idx="125" w="286" h="412" x="9.681458" y="-104.015656">
   <element name="body" layername="bod" frame="0" z_index="22" m_a="0.996737" m_b="-0.080714" m_c="0.080714" m_d="0.996737" m_tx="0.000000" m_ty="-18.518518"/>
   <element name="deco" layername="dec" frame="0" z_index="21" m_a="0.996737" m_b="-0.080714" m_c="0.080714" m_d="0.996737" m_tx="0.000000" m_ty="-18.518518"/>
   <element name="deco" layername="deco2" frame="1" z_index="20" m_a="0.996737" m_b="-0.080714" m_c="0.080714" m_d="0.996737" m_tx="0.000000" m_ty="-18.518518"/>
  </frame>
  <frame idx="150" w="285" h="409" x="8.189911" y="-103.765549">
   <element name="body" layername="bod" frame="0" z_index="22" m_a="0.997697" m_b="-0.067822" m_c="0.067822" m_d="0.997697" m_tx="0.000000" m_ty="-20.000000"/>
   <element name="deco" layername="dec" frame="0" z_index="21" m_a="0.997697" m_b="-0.067822" m_c="0.067822" m_d="0.997697" m_tx="0.000000" m_ty="-20.000000"/>
   <element name="deco" layername="deco2" frame="1" z_index="20" m_a="0.997697" m_b="-0.067822" m_c="0.067822" m_d="0.997697" m_tx="0.000000" m_ty="-20.000000"/>
  </frame>
  <frame idx="175" w="281" h="395" x="4.364197" y="-99.522186">
   <element name="body" layername="bod" frame="0" z_index="22" m_a="0.999368" m_b="-0.035546" m_c="0.035546" m_d="0.999368" m_tx="0.000000" m_ty="-20.000000"/>
   <element name="deco" layername="dec" frame="0" z_index="21" m_a="0.999368" m_b="-0.035546" m_c="0.035546" m_d="0.999368" m_tx="0.000000" m_ty="-20.000000"/>
   <element name="deco" layername="deco2" frame="1" z_index="20" m_a="0.999368" m_b="-0.035546" m_c="0.035546" m_d="0.999368" m_tx="0.000000" m_ty="-20.000000"/>
  </frame>
  <frame idx="200" w="277" h="382" x="0.403351" y="-95.404663">
   <element name="body" layername="bod" frame="0" z_index="22" m_a="0.999995" m_b="-0.003232" m_c="0.003232" m_d="0.999995" m_tx="0.000000" m_ty="-20.000000"/>
   <element name="deco" layername="dec" frame="0" z_index="21" m_a="0.999995" m_b="-0.003232" m_c="0.003232" m_d="0.999995" m_tx="0.000000" m_ty="-20.000000"/>
   <element name="deco" layername="deco2" frame="1" z_index="20" m_a="0.999995" m_b="-0.003232" m_c="0.003232" m_d="0.999995" m_tx="0.000000" m_ty="-20.000000"/>
  </frame>
  <frame idx="225" w="288" h="384" x="-3.688477" y="-91.417297">
   <element name="body" layername="bod" frame="0" z_index="22" m_a="0.999577" m_b="0.029085" m_c="-0.029085" m_d="0.999577" m_tx="0.000000" m_ty="-20.000000"/>
   <element name="deco" layername="dec" frame="0" z_index="21" m_a="0.999577" m_b="0.029085" m_c="-0.029085" m_d="0.999577" m_tx="0.000000" m_ty="-20.000000"/>
   <element name="deco" layername="deco2" frame="1" z_index="20" m_a="0.999577" m_b="0.029085" m_c="-0.029085" m_d="0.999577" m_tx="0.000000" m_ty="-20.000000"/>
  </frame>
  <frame idx="250" w="301" h="389" x="-7.907028" y="-87.564240">
   <element name="body" layername="bod" frame="0" z_index="22" m_a="0.998115" m_b="0.061371" m_c="-0.061371" m_d="0.998115" m_tx="0.000000" m_ty="-20.000000"/>
   <element name="deco" layername="dec" frame="0" z_index="21" m_a="0.998115" m_b="0.061371" m_c="-0.061371" m_d="0.998115" m_tx="0.000000" m_ty="-20.000000"/>
   <element name="deco" layername="deco2" frame="1" z_index="20" m_a="0.998115" m_b="0.061371" m_c="-0.061371" m_d="0.998115" m_tx="0.000000" m_ty="-20.000000"/>
  </frame>
  <frame idx="275" w="310" h="391" x="-10.916229" y="-84.194153">
   <element name="body" layername="bod" frame="0" z_index="22" m_a="0.996482" m_b="0.083811" m_c="-0.083811" m_d="0.996482" m_tx="0.000000" m_ty="-19.230770"/>
   <element name="deco" layername="dec" frame="0" z_index="21" m_a="0.996482" m_b="0.083811" m_c="-0.083811" m_d="0.996482" m_tx="0.000000" m_ty="-19.230770"/>
   <element name="deco" layername="deco2" frame="1" z_index="20" m_a="0.996482" m_b="0.083811" m_c="-0.083811" m_d="0.996482" m_tx="0.000000" m_ty="-19.230770"/>
  </frame>
  <frame idx="300" w="303" h="384" x="-8.666290" y="-82.281387">
   <element name="body" layername="bod" frame="0" z_index="22" m_a="0.997748" m_b="0.067078" m_c="-0.067078" m_d="0.997748" m_tx="0.000000" m_ty="-15.384615"/>
   <element name="deco" layername="dec" frame="0" z_index="21" m_a="0.997748" m_b="0.067078" m_c="-0.067078" m_d="0.997748" m_tx="0.000000" m_ty="-15.384615"/>
   <element name="deco" layername="deco2" frame="1" z_index="20" m_a="0.997748" m_b="0.067078" m_c="-0.067078" m_d="0.997748" m_tx="0.000000" m_ty="-15.384615"/>
  </frame>
  <frame idx="325" w="296" h="378" x="-6.448944" y="-80.406296">
   <element name="body" layername="bod" frame="0" z_index="22" m_a="0.998733" m_b="0.050324" m_c="-0.050324" m_d="0.998733" m_tx="0.000000" m_ty="-11.538462"/>
   <element name="deco" layername="dec" frame="0" z_index="21" m_a="0.998733" m_b="0.050324" m_c="-0.050324" m_d="0.998733" m_tx="0.000000" m_ty="-11.538462"/>
   <element name="deco" layername="deco2" frame="1" z_index="20" m_a="0.998733" m_b="0.050324" m_c="-0.050324" m_d="0.998733" m_tx="0.000000" m_ty="-11.538462"/>
  </frame>
  <frame idx="350" w="290" h="371" x="-4.265106" y="-78.568008">
   <element name="body" layername="bod" frame="0" z_index="22" m_a="0.999437" m_b="0.033558" m_c="-0.033558" m_d="0.999437" m_tx="0.000000" m_ty="-7.692307"/>
   <element name="deco" layername="dec" frame="0" z_index="21" m_a="0.999437" m_b="0.033558" m_c="-0.033558" m_d="0.999437" m_tx="0.000000" m_ty="-7.692307"/>
   <element name="deco" layername="deco2" frame="1" z_index="20" m_a="0.999437" m_b="0.033558" m_c="-0.033558" m_d="0.999437" m_tx="0.000000" m_ty="-7.692307"/>
  </frame>
  <frame idx="375" w="283" h="365" x="-2.115204" y="-76.766159">
   <element name="body" layername="bod" frame="0" z_index="22" m_a="0.999859" m_b="0.016781" m_c="-0.016781" m_d="0.999859" m_tx="0.000000" m_ty="-3.846153"/>
   <element name="deco" layername="dec" frame="0" z_index="21" m_a="0.999859" m_b="0.016781" m_c="-0.016781" m_d="0.999859" m_tx="0.000000" m_ty="-3.846153"/>
   <element name="deco" layername="deco2" frame="1" z_index="20" m_a="0.999859" m_b="0.016781" m_c="-0.016781" m_d="0.999859" m_tx="0.000000" m_ty="-3.846153"/>
  </frame>
 </anim>
 <anim name="half" root="zxfarmbowl2" numframes="400" framerate="40">
  <frame idx="0" w="275" h="358" x="0.000000" y="-75.000000">
   <element name="body" layername="bod" frame="0" z_index="22" m_a="1.000000" m_b="0.000000" m_c="0.000000" m_d="1.000000" m_tx="0.000000" m_ty="0.000000"/>
   <element name="deco" layername="dec" frame="0" z_index="21" m_a="1.000000" m_b="0.000000" m_c="0.000000" m_d="1.000000" m_tx="0.000000" m_ty="0.000000"/>
   <element name="deco" layername="deco2" frame="1" z_index="20" m_a="1.000000" m_b="0.000000" m_c="0.000000" m_d="1.000000" m_tx="0.000000" m_ty="0.000000"/>
   <element name="body" layername="bod" frame="1" z_index="19" m_a="1.000000" m_b="0.000000" m_c="0.000000" m_d="1.000000" m_tx="0.000000" m_ty="0.000000"/>
  </frame>
  <frame idx="25" w="275" h="358" x="0.000000" y="-75.000000">
   <element name="body" layername="bod" frame="0" z_index="22" m_a="1.000000" m_b="0.000000" m_c="0.000000" m_d="1.000000" m_tx="0.000000" m_ty="0.000000"/>
   <element name="deco" layername="dec" frame="0" z_index="21" m_a="1.000000" m_b="0.000000" m_c="0.000000" m_d="1.000000" m_tx="0.000000" m_ty="0.000000"/>
   <element name="deco" layername="deco2" frame="1" z_index="20" m_a="1.000000" m_b="0.000000" m_c="0.000000" m_d="1.000000" m_tx="0.000000" m_ty="0.000000"/>
   <element name="body" layername="bod" frame="1" z_index="19" m_a="1.000000" m_b="0.000000" m_c="0.000000" m_d="1.000000" m_tx="0.000000" m_ty="0.000000"/>
  </frame>
  <frame idx="50" w="275" h="358" x="0.000000" y="-75.000000">
   <element name="body" layername="bod" frame="0" z_index="22" m_a="1.000000" m_b="0.000000" m_c="0.000000" m_d="1.000000" m_tx="0.000000" m_ty="0.000000"/>
   <element name="deco" layername="dec" frame="0" z_index="21" m_a="1.000000" m_b="0.000000" m_c="0.000000" m_d="1.000000" m_tx="0.000000" m_ty="0.000000"/>
   <element name="deco" layername="deco2" frame="1" z_index="20" m_a="1.000000" m_b="0.000000" m_c="0.000000" m_d="1.000000" m_tx="0.000000" m_ty="0.000000"/>
   <element name="body" layername="bod" frame="1" z_index="19" m_a="1.000000" m_b="0.000000" m_c="0.000000" m_d="1.000000" m_tx="0.000000" m_ty="0.000000"/>
  </frame>
  <frame idx="75" w="275" h="358" x="0.000000" y="-75.000000">
   <element name="body" layername="bod" frame="0" z_index="22" m_a="1.000000" m_b="0.000000" m_c="0.000000" m_d="1.000000" m_tx="0.000000" m_ty="0.000000"/>
   <element name="deco" layername="dec" frame="0" z_index="21" m_a="1.000000" m_b="0.000000" m_c="0.000000" m_d="1.000000" m_tx="0.000000" m_ty="0.000000"/>
   <element name="deco" layername="deco2" frame="1" z_index="20" m_a="1.000000" m_b="0.000000" m_c="0.000000" m_d="1.000000" m_tx="0.000000" m_ty="0.000000"/>
   <element name="body" layername="bod" frame="1" z_index="19" m_a="1.000000" m_b="0.000000" m_c="0.000000" m_d="1.000000" m_tx="0.000000" m_ty="0.000000"/>
  </frame>
  <frame idx="100" w="275" h="358" x="0.000000" y="-75.000000">
   <element name="body" layername="bod" frame="0" z_index="22" m_a="1.000000" m_b="0.000000" m_c="0.000000" m_d="1.000000" m_tx="0.000000" m_ty="0.000000"/>
   <element name="deco" layername="dec" frame="0" z_index="21" m_a="1.000000" m_b="0.000000" m_c="0.000000" m_d="1.000000" m_tx="0.000000" m_ty="0.000000"/>
   <element name="deco" layername="deco2" frame="1" z_index="20" m_a="1.000000" m_b="0.000000" m_c="0.000000" m_d="1.000000" m_tx="0.000000" m_ty="0.000000"/>
   <element name="body" layername="bod" frame="1" z_index="19" m_a="1.000000" m_b="0.000000" m_c="0.000000" m_d="1.000000" m_tx="0.000000" m_ty="0.000000"/>
  </frame>
  <frame idx="125" w="275" h="358" x="0.000000" y="-75.000000">
   <element name="body" layername="bod" frame="0" z_index="22" m_a="1.000000" m_b="0.000000" m_c="0.000000" m_d="1.000000" m_tx="0.000000" m_ty="0.000000"/>
   <element name="deco" layername="dec" frame="0" z_index="21" m_a="1.000000" m_b="0.000000" m_c="0.000000" m_d="1.000000" m_tx="0.000000" m_ty="0.000000"/>
   <element name="deco" layername="deco2" frame="1" z_index="20" m_a="1.000000" m_b="0.000000" m_c="0.000000" m_d="1.000000" m_tx="0.000000" m_ty="0.000000"/>
   <element name="body" layername="bod" frame="1" z_index="19" m_a="1.000000" m_b="0.000000" m_c="0.000000" m_d="1.000000" m_tx="0.000000" m_ty="0.000000"/>
  </frame>
  <frame idx="150" w="275" h="358" x="0.000000" y="-75.000000">
   <element name="body" layername="bod" frame="0" z_index="22" m_a="1.000000" m_b="0.000000" m_c="0.000000" m_d="1.000000" m_tx="0.000000" m_ty="0.000000"/>
   <element name="deco" layername="dec" frame="0" z_index="21" m_a="1.000000" m_b="0.000000" m_c="0.000000" m_d="1.000000" m_tx="0.000000" m_ty="0.000000"/>
   <element name="deco" layername="deco2" frame="1" z_index="20" m_a="1.000000" m_b="0.000000" m_c="0.000000" m_d="1.000000" m_tx="0.000000" m_ty="0.000000"/>
   <element name="body" layername="bod" frame="1" z_index="19" m_a="1.000000" m_b="0.000000" m_c="0.000000" m_d="1.000000" m_tx="0.000000" m_ty="0.000000"/>
  </frame>
  <frame idx="175" w="275" h="358" x="0.000000" y="-75.000000">
   <element name="body" layername="bod" frame="0" z_index="22" m_a="1.000000" m_b="0.000000" m_c="0.000000" m_d="1.000000" m_tx="0.000000" m_ty="0.000000"/>
   <element name="deco" layername="dec" frame="0" z_index="21" m_a="1.000000" m_b="0.000000" m_c="0.000000" m_d="1.000000" m_tx="0.000000" m_ty="0.000000"/>
   <element name="deco" layername="deco2" frame="1" z_index="20" m_a="1.000000" m_b="0.000000" m_c="0.000000" m_d="1.000000" m_tx="0.000000" m_ty="0.000000"/>
   <element name="body" layername="bod" frame="1" z_index="19" m_a="1.000000" m_b="0.000000" m_c="0.000000" m_d="1.000000" m_tx="0.000000" m_ty="0.000000"/>
  </frame>
  <frame idx="200" w="275" h="358" x="0.000000" y="-75.000000">
   <element name="body" layername="bod" frame="0" z_index="22" m_a="1.000000" m_b="0.000000" m_c="0.000000" m_d="1.000000" m_tx="0.000000" m_ty="0.000000"/>
   <element name="deco" layername="dec" frame="0" z_index="21" m_a="1.000000" m_b="0.000000" m_c="0.000000" m_d="1.000000" m_tx="0.000000" m_ty="0.000000"/>
   <element name="deco" layername="deco2" frame="1" z_index="20" m_a="1.000000" m_b="0.000000" m_c="0.000000" m_d="1.000000" m_tx="0.000000" m_ty="0.000000"/>
   <element name="body" layername="bod" frame="1" z_index="19" m_a="1.000000" m_b="0.000000" m_c="0.000000" m_d="1.000000" m_tx="0.000000" m_ty="0.000000"/>
  </frame>
  <frame idx="225" w="275" h="358" x="0.000000" y="-75.000000">
   <element name="body" layername="bod" frame="0" z_index="22" m_a="1.000000" m_b="0.000000" m_c="0.000000" m_d="1.000000" m_tx="0.000000" m_ty="0.000000"/>
   <element name="deco" layername="dec" frame="0" z_index="21" m_a="1.000000" m_b="0.000000" m_c="0.000000" m_d="1.000000" m_tx="0.000000" m_ty="0.000000"/>
   <element name="deco" layername="deco2" frame="1" z_index="20" m_a="1.000000" m_b="0.000000" m_c="0.000000" m_d="1.000000" m_tx="0.000000" m_ty="0.000000"/>
   <element name="body" layername="bod" frame="1" z_index="19" m_a="1.000000" m_b="0.000000" m_c="0.000000" m_d="1.000000" m_tx="0.000000" m_ty="0.000000"/>
  </frame>
  <frame idx="250" w="275" h="358" x="0.000000" y="-75.000000">
   <element name="body" layername="bod" frame="0" z_index="22" m_a="1.000000" m_b="0.000000" m_c="0.000000" m_d="1.000000" m_tx="0.000000" m_ty="0.000000"/>
   <element name="deco" layername="dec" frame="0" z_index="21" m_a="1.000000" m_b="0.000000" m_c="0.000000" m_d="1.000000" m_tx="0.000000" m_ty="0.000000"/>
   <element name="deco" layername="deco2" frame="1" z_index="20" m_a="1.000000" m_b="0.000000" m_c="0.000000" m_d="1.000000" m_tx="0.000000" m_ty="0.000000"/>
   <element name="body" layername="bod" frame="1" z_index="19" m_a="1.000000" m_b="0.000000" m_c="0.000000" m_d="1.000000" m_tx="0.000000" m_ty="0.000000"/>
  </frame>
  <frame idx="275" w="275" h="358" x="0.000000" y="-75.000000">
   <element name="body" layername="bod" frame="0" z_index="22" m_a="1.000000" m_b="0.000000" m_c="0.000000" m_d="1.000000" m_tx="0.000000" m_ty="0.000000"/>
   <element name="deco" layername="dec" frame="0" z_index="21" m_a="1.000000" m_b="0.000000" m_c="0.000000" m_d="1.000000" m_tx="0.000000" m_ty="0.000000"/>
   <element name="deco" layername="deco2" frame="1" z_index="20" m_a="1.000000" m_b="0.000000" m_c="0.000000" m_d="1.000000" m_tx="0.000000" m_ty="0.000000"/>
   <element name="body" layername="bod" frame="1" z_index="19" m_a="1.000000" m_b="0.000000" m_c="0.000000" m_d="1.000000" m_tx="0.000000" m_ty="0.000000"/>
  </frame>
  <frame idx="300" w="275" h="358" x="0.000000" y="-75.000000">
   <element name="body" layername="bod" frame="0" z_index="22" m_a="1.000000" m_b="0.000000" m_c="0.000000" m_d="1.000000" m_tx="0.000000" m_ty="0.000000"/>
   <element name="deco" layername="dec" frame="0" z_index="21" m_a="1.000000" m_b="0.000000" m_c="0.000000" m_d="1.000000" m_tx="0.000000" m_ty="0.000000"/>
   <element name="deco" layername="deco2" frame="1" z_index="20" m_a="1.000000" m_b="0.000000" m_c="0.000000" m_d="1.000000" m_tx="0.000000" m_ty="0.000000"/>
   <element name="body" layername="bod" frame="1" z_index="19" m_a="1.000000" m_b="0.000000" m_c="0.000000" m_d="1.000000" m_tx="0.000000" m_ty="0.000000"/>
  </frame>
  <frame idx="325" w="275" h="358" x="0.000000" y="-75.000000">
   <element name="body" layername="bod" frame="0" z_index="22" m_a="1.000000" m_b="0.000000" m_c="0.000000" m_d="1.000000" m_tx="0.000000" m_ty="0.000000"/>
   <element name="deco" layername="dec" frame="0" z_index="21" m_a="1.000000" m_b="0.000000" m_c="0.000000" m_d="1.000000" m_tx="0.000000" m_ty="0.000000"/>
   <element name="deco" layername="deco2" frame="1" z_index="20" m_a="1.000000" m_b="0.000000" m_c="0.000000" m_d="1.000000" m_tx="0.000000" m_ty="0.000000"/>
   <element name="body" layername="bod" frame="1" z_index="19" m_a="1.000000" m_b="0.000000" m_c="0.000000" m_d="1.000000" m_tx="0.000000" m_ty="0.000000"/>
  </frame>
  <frame idx="350" w="275" h="358" x="0.000000" y="-75.000000">
   <element name="body" layername="bod" frame="0" z_index="22" m_a="1.000000" m_b="0.000000" m_c="0.000000" m_d="1.000000" m_tx="0.000000" m_ty="0.000000"/>
   <element name="deco" layername="dec" frame="0" z_index="21" m_a="1.000000" m_b="0.000000" m_c="0.000000" m_d="1.000000" m_tx="0.000000" m_ty="0.000000"/>
   <element name="deco" layername="deco2" frame="1" z_index="20" m_a="1.000000" m_b="0.000000" m_c="0.000000" m_d="1.000000" m_tx="0.000000" m_ty="0.000000"/>
   <element name="body" layername="bod" frame="1" z_index="19" m_a="1.000000" m_b="0.000000" m_c="0.000000" m_d="1.000000" m_tx="0.000000" m_ty="0.000000"/>
  </frame>
  <frame idx="375" w="275" h="358" x="0.000000" y="-75.000000">
   <element name="body" layername="bod" frame="0" z_index="22" m_a="1.000000" m_b="0.000000" m_c="0.000000" m_d="1.000000" m_tx="0.000000" m_ty="0.000000"/>
   <element name="deco" layername="dec" frame="0" z_index="21" m_a="1.000000" m_b="0.000000" m_c="0.000000" m_d="1.000000" m_tx="0.000000" m_ty="0.000000"/>
   <element name="deco" layername="deco2" frame="1" z_index="20" m_a="1.000000" m_b="0.000000" m_c="0.000000" m_d="1.000000" m_tx="0.000000" m_ty="0.000000"/>
   <element name="body" layername="bod" frame="1" z_index="19" m_a="1.000000" m_b="0.000000" m_c="0.000000" m_d="1.000000" m_tx="0.000000" m_ty="0.000000"/>
  </frame>
 </anim>
 <anim name="half_onhit" root="zxfarmbowl2" numframes="400" framerate="40">
  <frame idx="0" w="275" h="358" x="0.000000" y="-75.000000">
   <element name="body" layername="bod" frame="0" z_index="22" m_a="1.000000" m_b="0.000000" m_c="0.000000" m_d="1.000000" m_tx="0.000000" m_ty="0.000000"/>
   <element name="deco" layername="dec" frame="0" z_index="21" m_a="1.000000" m_b="0.000000" m_c="0.000000" m_d="1.000000" m_tx="0.000000" m_ty="0.000000"/>
   <element name="deco" layername="deco2" frame="1" z_index="20" m_a="1.000000" m_b="0.000000" m_c="0.000000" m_d="1.000000" m_tx="0.000000" m_ty="0.000000"/>
   <element name="body" layername="bod" frame="1" z_index="19" m_a="1.000000" m_b="0.000000" m_c="0.000000" m_d="1.000000" m_tx="0.000000" m_ty="0.000000"/>
  </frame>
  <frame idx="25" w="279" h="369" x="2.003639" y="-80.739998">
   <element name="body" layername="bod" frame="0" z_index="22" m_a="0.999869" m_b="-0.016160" m_c="0.016160" m_d="0.999869" m_tx="0.000000" m_ty="-3.703704"/>
   <element name="deco" layername="dec" frame="0" z_index="21" m_a="0.999869" m_b="-0.016160" m_c="0.016160" m_d="0.999869" m_tx="0.000000" m_ty="-3.703704"/>
   <element name="deco" layername="deco2" frame="1" z_index="20" m_a="0.999869" m_b="-0.016160" m_c="0.016160" m_d="0.999869" m_tx="0.000000" m_ty="-3.703704"/>
   <element name="body" layername="bod" frame="1" z_index="19" m_a="0.999869" m_b="-0.016160" m_c="0.016160" m_d="0.999869" m_tx="0.000000" m_ty="-3.703704"/>
  </frame>
  <frame idx="50" w="280" h="380" x="3.974121" y="-86.512115">
   <element name="body" layername="bod" frame="0" z_index="22" m_a="0.999478" m_b="-0.032315" m_c="0.032315" m_d="0.999478" m_tx="0.000000" m_ty="-7.407407"/>
   <element name="deco" layername="dec" frame="0" z_index="21" m_a="0.999478" m_b="-0.032315" m_c="0.032315" m_d="0.999478" m_tx="0.000000" m_ty="-7.407407"/>
   <element name="deco" layername="deco2" frame="1" z_index="20" m_a="0.999478" m_b="-0.032315" m_c="0.032315" m_d="0.999478" m_tx="0.000000" m_ty="-7.407407"/>
   <element name="body" layername="bod" frame="1" z_index="19" m_a="0.999478" m_b="-0.032315" m_c="0.032315" m_d="0.999478" m_tx="0.000000" m_ty="-7.407407"/>
  </frame>
  <frame idx="75" w="282" h="391" x="5.910919" y="-92.315796">
   <element name="body" layername="bod" frame="0" z_index="22" m_a="0.998825" m_b="-0.048462" m_c="0.048462" m_d="0.998825" m_tx="0.000000" m_ty="-11.111112"/>
   <element name="deco" layername="dec" frame="0" z_index="21" m_a="0.998825" m_b="-0.048462" m_c="0.048462" m_d="0.998825" m_tx="0.000000" m_ty="-11.111112"/>
   <element name="deco" layername="deco2" frame="1" z_index="20" m_a="0.998825" m_b="-0.048462" m_c="0.048462" m_d="0.998825" m_tx="0.000000" m_ty="-11.111112"/>
   <element name="body" layername="bod" frame="1" z_index="19" m_a="0.998825" m_b="-0.048462" m_c="0.048462" m_d="0.998825" m_tx="0.000000" m_ty="-11.111112"/>
  </frame>
  <frame idx="100" w="284" h="401" x="7.813538" y="-98.150482">
   <element name="body" layername="bod" frame="0" z_index="22" m_a="0.997911" m_b="-0.064597" m_c="0.064597" m_d="0.997911" m_tx="0.000000" m_ty="-14.814815"/>
   <element name="deco" layername="dec" frame="0" z_index="21" m_a="0.997911" m_b="-0.064597" m_c="0.064597" m_d="0.997911" m_tx="0.000000" m_ty="-14.814815"/>
   <element name="deco" layername="deco2" frame="1" z_index="20" m_a="0.997911" m_b="-0.064597" m_c="0.064597" m_d="0.997911" m_tx="0.000000" m_ty="-14.814815"/>
   <element name="body" layername="bod" frame="1" z_index="19" m_a="0.997911" m_b="-0.064597" m_c="0.064597" m_d="0.997911" m_tx="0.000000" m_ty="-14.814815"/>
  </frame>
  <frame idx="125" w="286" h="412" x="9.681458" y="-104.015656">
   <element name="body" layername="bod" frame="0" z_index="22" m_a="0.996737" m_b="-0.080714" m_c="0.080714" m_d="0.996737" m_tx="0.000000" m_ty="-18.518518"/>
   <element name="deco" layername="dec" frame="0" z_index="21" m_a="0.996737" m_b="-0.080714" m_c="0.080714" m_d="0.996737" m_tx="0.000000" m_ty="-18.518518"/>
   <element name="deco" layername="deco2" frame="1" z_index="20" m_a="0.996737" m_b="-0.080714" m_c="0.080714" m_d="0.996737" m_tx="0.000000" m_ty="-18.518518"/>
   <element name="body" layername="bod" frame="1" z_index="19" m_a="0.996737" m_b="-0.080714" m_c="0.080714" m_d="0.996737" m_tx="0.000000" m_ty="-18.518518"/>
  </frame>
  <frame idx="150" w="285" h="409" x="8.189911" y="-103.765549">
   <element name="body" layername="bod" frame="0" z_index="22" m_a="0.997697" m_b="-0.067822" m_c="0.067822" m_d="0.997697" m_tx="0.000000" m_ty="-20.000000"/>
   <element name="deco" layername="dec" frame="0" z_index="21" m_a="0.997697" m_b="-0.067822" m_c="0.067822" m_d="0.997697" m_tx="0.000000" m_ty="-20.000000"/>
   <element name="deco" layername="deco2" frame="1" z_index="20" m_a="0.997697" m_b="-0.067822" m_c="0.067822" m_d="0.997697" m_tx="0.000000" m_ty="-20.000000"/>
   <element name="body" layername="bod" frame="1" z_index="19" m_a="0.997697" m_b="-0.067822" m_c="0.067822" m_d="0.997697" m_tx="0.000000" m_ty="-20.000000"/>
  </frame>
  <frame idx="175" w="281" h="395" x="4.364197" y="-99.522186">
   <element name="body" layername="bod" frame="0" z_index="22" m_a="0.999368" m_b="-0.035546" m_c="0.035546" m_d="0.999368" m_tx="0.000000" m_ty="-20.000000"/>
   <element name="deco" layername="dec" frame="0" z_index="21" m_a="0.999368" m_b="-0.035546" m_c="0.035546" m_d="0.999368" m_tx="0.000000" m_ty="-20.000000"/>
   <element name="deco" layername="deco2" frame="1" z_index="20" m_a="0.999368" m_b="-0.035546" m_c="0.035546" m_d="0.999368" m_tx="0.000000" m_ty="-20.000000"/>
   <element name="body" layername="bod" frame="1" z_index="19" m_a="0.999368" m_b="-0.035546" m_c="0.035546" m_d="0.999368" m_tx="0.000000" m_ty="-20.000000"/>
  </frame>
  <frame idx="200" w="277" h="382" x="0.403351" y="-95.404663">
   <element name="body" layername="bod" frame="0" z_index="22" m_a="0.999995" m_b="-0.003232" m_c="0.003232" m_d="0.999995" m_tx="0.000000" m_ty="-20.000000"/>
   <element name="deco" layername="dec" frame="0" z_index="21" m_a="0.999995" m_b="-0.003232" m_c="0.003232" m_d="0.999995" m_tx="0.000000" m_ty="-20.000000"/>
   <element name="deco" layername="deco2" frame="1" z_index="20" m_a="0.999995" m_b="-0.003232" m_c="0.003232" m_d="0.999995" m_tx="0.000000" m_ty="-20.000000"/>
   <element name="body" layername="bod" frame="1" z_index="19" m_a="0.999995" m_b="-0.003232" m_c="0.003232" m_d="0.999995" m_tx="0.000000" m_ty="-20.000000"/>
  </frame>
  <frame idx="225" w="288" h="384" x="-3.688477" y="-91.417297">
   <element name="body" layername="bod" frame="0" z_index="22" m_a="0.999577" m_b="0.029085" m_c="-0.029085" m_d="0.999577" m_tx="0.000000" m_ty="-20.000000"/>
   <element name="deco" layername="dec" frame="0" z_index="21" m_a="0.999577" m_b="0.029085" m_c="-0.029085" m_d="0.999577" m_tx="0.000000" m_ty="-20.000000"/>
   <element name="deco" layername="deco2" frame="1" z_index="20" m_a="0.999577" m_b="0.029085" m_c="-0.029085" m_d="0.999577" m_tx="0.000000" m_ty="-20.000000"/>
   <element name="body" layername="bod" frame="1" z_index="19" m_a="0.999577" m_b="0.029085" m_c="-0.029085" m_d="0.999577" m_tx="0.000000" m_ty="-20.000000"/>
  </frame>
  <frame idx="250" w="301" h="389" x="-7.907028" y="-87.564240">
   <element name="body" layername="bod" frame="0" z_index="22" m_a="0.998115" m_b="0.061371" m_c="-0.061371" m_d="0.998115" m_tx="0.000000" m_ty="-20.000000"/>
   <element name="deco" layername="dec" frame="0" z_index="21" m_a="0.998115" m_b="0.061371" m_c="-0.061371" m_d="0.998115" m_tx="0.000000" m_ty="-20.000000"/>
   <element name="deco" layername="deco2" frame="1" z_index="20" m_a="0.998115" m_b="0.061371" m_c="-0.061371" m_d="0.998115" m_tx="0.000000" m_ty="-20.000000"/>
   <element name="body" layername="bod" frame="1" z_index="19" m_a="0.998115" m_b="0.061371" m_c="-0.061371" m_d="0.998115" m_tx="0.000000" m_ty="-20.000000"/>
  </frame>
  <frame idx="275" w="310" h="391" x="-10.916229" y="-84.194153">
   <element name="body" layername="bod" frame="0" z_index="22" m_a="0.996482" m_b="0.083811" m_c="-0.083811" m_d="0.996482" m_tx="0.000000" m_ty="-19.230770"/>
   <element name="deco" layername="dec" frame="0" z_index="21" m_a="0.996482" m_b="0.083811" m_c="-0.083811" m_d="0.996482" m_tx="0.000000" m_ty="-19.230770"/>
   <element name="deco" layername="deco2" frame="1" z_index="20" m_a="0.996482" m_b="0.083811" m_c="-0.083811" m_d="0.996482" m_tx="0.000000" m_ty="-19.230770"/>
   <element name="body" layername="bod" frame="1" z_index="19" m_a="0.996482" m_b="0.083811" m_c="-0.083811" m_d="0.996482" m_tx="0.000000" m_ty="-19.230770"/>
  </frame>
  <frame idx="300" w="303" h="384" x="-8.666290" y="-82.281387">
   <element name="body" layername="bod" frame="0" z_index="22" m_a="0.997748" m_b="0.067078" m_c="-0.067078" m_d="0.997748" m_tx="0.000000" m_ty="-15.384615"/>
   <element name="deco" layername="dec" frame="0" z_index="21" m_a="0.997748" m_b="0.067078" m_c="-0.067078" m_d="0.997748" m_tx="0.000000" m_ty="-15.384615"/>
   <element name="deco" layername="deco2" frame="1" z_index="20" m_a="0.997748" m_b="0.067078" m_c="-0.067078" m_d="0.997748" m_tx="0.000000" m_ty="-15.384615"/>
   <element name="body" layername="bod" frame="1" z_index="19" m_a="0.997748" m_b="0.067078" m_c="-0.067078" m_d="0.997748" m_tx="0.000000" m_ty="-15.384615"/>
  </frame>
  <frame idx="325" w="296" h="378" x="-6.448944" y="-80.406296">
   <element name="body" layername="bod" frame="0" z_index="22" m_a="0.998733" m_b="0.050324" m_c="-0.050324" m_d="0.998733" m_tx="0.000000" m_ty="-11.538462"/>
   <element name="deco" layername="dec" frame="0" z_index="21" m_a="0.998733" m_b="0.050324" m_c="-0.050324" m_d="0.998733" m_tx="0.000000" m_ty="-11.538462"/>
   <element name="deco" layername="deco2" frame="1" z_index="20" m_a="0.998733" m_b="0.050324" m_c="-0.050324" m_d="0.998733" m_tx="0.000000" m_ty="-11.538462"/>
   <element name="body" layername="bod" frame="1" z_index="19" m_a="0.998733" m_b="0.050324" m_c="-0.050324" m_d="0.998733" m_tx="0.000000" m_ty="-11.538462"/>
  </frame>
  <frame idx="350" w="290" h="371" x="-4.265106" y="-78.568008">
   <element name="body" layername="bod" frame="0" z_index="22" m_a="0.999437" m_b="0.033558" m_c="-0.033558" m_d="0.999437" m_tx="0.000000" m_ty="-7.692307"/>
   <element name="deco" layername="dec" frame="0" z_index="21" m_a="0.999437" m_b="0.033558" m_c="-0.033558" m_d="0.999437" m_tx="0.000000" m_ty="-7.692307"/>
   <element name="deco" layername="deco2" frame="1" z_index="20" m_a="0.999437" m_b="0.033558" m_c="-0.033558" m_d="0.999437" m_tx="0.000000" m_ty="-7.692307"/>
   <element name="body" layername="bod" frame="1" z_index="19" m_a="0.999437" m_b="0.033558" m_c="-0.033558" m_d="0.999437" m_tx="0.000000" m_ty="-7.692307"/>
  </frame>
  <frame idx="375" w="283" h="365" x="-2.115204" y="-76.766159">
   <element name="body" layername="bod" frame="0" z_index="22" m_a="0.999859" m_b="0.016781" m_c="-0.016781" m_d="0.999859" m_tx="0.000000" m_ty="-3.846153"/>
   <element name="deco" layername="dec" frame="0" z_index="21" m_a="0.999859" m_b="0.016781" m_c="-0.016781" m_d="0.999859" m_tx="0.000000" m_ty="-3.846153"/>
   <element name="deco" layername="deco2" frame="1" z_index="20" m_a="0.999859" m_b="0.016781" m_c="-0.016781" m_d="0.999859" m_tx="0.000000" m_ty="-3.846153"/>
   <element name="body" layername="bod" frame="1" z_index="19" m_a="0.999859" m_b="0.016781" m_c="-0.016781" m_d="0.999859" m_tx="0.000000" m_ty="-3.846153"/>
  </frame>
 </anim>
 <anim name="full" root="zxfarmbowl2" numframes="400" framerate="40">
  <frame idx="0" w="275" h="358" x="0.000000" y="-75.000000">
   <element name="body" layername="bod" frame="0" z_index="22" m_a="1.000000" m_b="0.000000" m_c="0.000000" m_d="1.000000" m_tx="0.000000" m_ty="0.000000"/>
   <element name="deco" layername="dec" frame="0" z_index="21" m_a="1.000000" m_b="0.000000" m_c="0.000000" m_d="1.000000" m_tx="0.000000" m_ty="0.000000"/>
   <element name="deco" layername="deco2" frame="1" z_index="20" m_a="1.000000" m_b="0.000000" m_c="0.000000" m_d="1.000000" m_tx="0.000000" m_ty="0.000000"/>
   <element name="body" layername="body2" frame="2" z_index="19" m_a="1.000000" m_b="0.000000" m_c="0.000000" m_d="1.000000" m_tx="0.000000" m_ty="0.000000"/>
  </frame>
  <frame idx="25" w="275" h="358" x="0.000000" y="-75.000000">
   <element name="body" layername="bod" frame="0" z_index="22" m_a="1.000000" m_b="0.000000" m_c="0.000000" m_d="1.000000" m_tx="0.000000" m_ty="0.000000"/>
   <element name="deco" layername="dec" frame="0" z_index="21" m_a="1.000000" m_b="0.000000" m_c="0.000000" m_d="1.000000" m_tx="0.000000" m_ty="0.000000"/>
   <element name="deco" layername="deco2" frame="1" z_index="20" m_a="1.000000" m_b="0.000000" m_c="0.000000" m_d="1.000000" m_tx="0.000000" m_ty="0.000000"/>
   <element name="body" layername="body2" frame="2" z_index="19" m_a="1.000000" m_b="0.000000" m_c="0.000000" m_d="1.000000" m_tx="0.000000" m_ty="0.000000"/>
  </frame>
  <frame idx="50" w="275" h="358" x="0.000000" y="-75.000000">
   <element name="body" layername="bod" frame="0" z_index="22" m_a="1.000000" m_b="0.000000" m_c="0.000000" m_d="1.000000" m_tx="0.000000" m_ty="0.000000"/>
   <element name="deco" layername="dec" frame="0" z_index="21" m_a="1.000000" m_b="0.000000" m_c="0.000000" m_d="1.000000" m_tx="0.000000" m_ty="0.000000"/>
   <element name="deco" layername="deco2" frame="1" z_index="20" m_a="1.000000" m_b="0.000000" m_c="0.000000" m_d="1.000000" m_tx="0.000000" m_ty="0.000000"/>
   <element name="body" layername="body2" frame="2" z_index="19" m_a="1.000000" m_b="0.000000" m_c="0.000000" m_d="1.000000" m_tx="0.000000" m_ty="0.000000"/>
  </frame>
  <frame idx="75" w="275" h="358" x="0.000000" y="-75.000000">
   <element name="body" layername="bod" frame="0" z_index="22" m_a="1.000000" m_b="0.000000" m_c="0.000000" m_d="1.000000" m_tx="0.000000" m_ty="0.000000"/>
   <element name="deco" layername="dec" frame="0" z_index="21" m_a="1.000000" m_b="0.000000" m_c="0.000000" m_d="1.000000" m_tx="0.000000" m_ty="0.000000"/>
   <element name="deco" layername="deco2" frame="1" z_index="20" m_a="1.000000" m_b="0.000000" m_c="0.000000" m_d="1.000000" m_tx="0.000000" m_ty="0.000000"/>
   <element name="body" layername="body2" frame="2" z_index="19" m_a="1.000000" m_b="0.000000" m_c="0.000000" m_d="1.000000" m_tx="0.000000" m_ty="0.000000"/>
  </frame>
  <frame idx="100" w="275" h="358" x="0.000000" y="-75.000000">
   <element name="body" layername="bod" frame="0" z_index="22" m_a="1.000000" m_b="0.000000" m_c="0.000000" m_d="1.000000" m_tx="0.000000" m_ty="0.000000"/>
   <element name="deco" layername="dec" frame="0" z_index="21" m_a="1.000000" m_b="0.000000" m_c="0.000000" m_d="1.000000" m_tx="0.000000" m_ty="0.000000"/>
   <element name="deco" layername="deco2" frame="1" z_index="20" m_a="1.000000" m_b="0.000000" m_c="0.000000" m_d="1.000000" m_tx="0.000000" m_ty="0.000000"/>
   <element name="body" layername="body2" frame="2" z_index="19" m_a="1.000000" m_b="0.000000" m_c="0.000000" m_d="1.000000" m_tx="0.000000" m_ty="0.000000"/>
  </frame>
  <frame idx="125" w="275" h="358" x="0.000000" y="-75.000000">
   <element name="body" layername="bod" frame="0" z_index="22" m_a="1.000000" m_b="0.000000" m_c="0.000000" m_d="1.000000" m_tx="0.000000" m_ty="0.000000"/>
   <element name="deco" layername="dec" frame="0" z_index="21" m_a="1.000000" m_b="0.000000" m_c="0.000000" m_d="1.000000" m_tx="0.000000" m_ty="0.000000"/>
   <element name="deco" layername="deco2" frame="1" z_index="20" m_a="1.000000" m_b="0.000000" m_c="0.000000" m_d="1.000000" m_tx="0.000000" m_ty="0.000000"/>
   <element name="body" layername="body2" frame="2" z_index="19" m_a="1.000000" m_b="0.000000" m_c="0.000000" m_d="1.000000" m_tx="0.000000" m_ty="0.000000"/>
  </frame>
  <frame idx="150" w="275" h="358" x="0.000000" y="-75.000000">
   <element name="body" layername="bod" frame="0" z_index="22" m_a="1.000000" m_b="0.000000" m_c="0.000000" m_d="1.000000" m_tx="0.000000" m_ty="0.000000"/>
   <element name="deco" layername="dec" frame="0" z_index="21" m_a="1.000000" m_b="0.000000" m_c="0.000000" m_d="1.000000" m_tx="0.000000" m_ty="0.000000"/>
   <element name="deco" layername="deco2" frame="1" z_index="20" m_a="1.000000" m_b="0.000000" m_c="0.000000" m_d="1.000000" m_tx="0.000000" m_ty="0.000000"/>
   <element name="body" layername="body2" frame="2" z_index="19" m_a="1.000000" m_b="0.000000" m_c="0.000000" m_d="1.000000" m_tx="0.000000" m_ty="0.000000"/>
  </frame>
  <frame idx="175" w="275" h="358" x="0.000000" y="-75.000000">
   <element name="body" layername="bod" frame="0" z_index="22" m_a="1.000000" m_b="0.000000" m_c="0.000000" m_d="1.000000" m_tx="0.000000" m_ty="0.000000"/>
   <element name="deco" layername="dec" frame="0" z_index="21" m_a="1.000000" m_b="0.000000" m_c="0.000000" m_d="1.000000" m_tx="0.000000" m_ty="0.000000"/>
   <element name="deco" layername="deco2" frame="1" z_index="20" m_a="1.000000" m_b="0.000000" m_c="0.000000" m_d="1.000000" m_tx="0.000000" m_ty="0.000000"/>
   <element name="body" layername="body2" frame="2" z_index="19" m_a="1.000000" m_b="0.000000" m_c="0.000000" m_d="1.000000" m_tx="0.000000" m_ty="0.000000"/>
  </frame>
  <frame idx="200" w="275" h="358" x="0.000000" y="-75.000000">
   <element name="body" layername="bod" frame="0" z_index="22" m_a="1.000000" m_b="0.000000" m_c="0.000000" m_d="1.000000" m_tx="0.000000" m_ty="0.000000"/>
   <element name="deco" layername="dec" frame="0" z_index="21" m_a="1.000000" m_b="0.000000" m_c="0.000000" m_d="1.000000" m_tx="0.000000" m_ty="0.000000"/>
   <element name="deco" layername="deco2" frame="1" z_index="20" m_a="1.000000" m_b="0.000000" m_c="0.000000" m_d="1.000000" m_tx="0.000000" m_ty="0.000000"/>
   <element name="body" layername="body2" frame="2" z_index="19" m_a="1.000000" m_b="0.000000" m_c="0.000000" m_d="1.000000" m_tx="0.000000" m_ty="0.000000"/>
  </frame>
  <frame idx="225" w="275" h="358" x="0.000000" y="-75.000000">
   <element name="body" layername="bod" frame="0" z_index="22" m_a="1.000000" m_b="0.000000" m_c="0.000000" m_d="1.000000" m_tx="0.000000" m_ty="0.000000"/>
   <element name="deco" layername="dec" frame="0" z_index="21" m_a="1.000000" m_b="0.000000" m_c="0.000000" m_d="1.000000" m_tx="0.000000" m_ty="0.000000"/>
   <element name="deco" layername="deco2" frame="1" z_index="20" m_a="1.000000" m_b="0.000000" m_c="0.000000" m_d="1.000000" m_tx="0.000000" m_ty="0.000000"/>
   <element name="body" layername="body2" frame="2" z_index="19" m_a="1.000000" m_b="0.000000" m_c="0.000000" m_d="1.000000" m_tx="0.000000" m_ty="0.000000"/>
  </frame>
  <frame idx="250" w="275" h="358" x="0.000000" y="-75.000000">
   <element name="body" layername="bod" frame="0" z_index="22" m_a="1.000000" m_b="0.000000" m_c="0.000000" m_d="1.000000" m_tx="0.000000" m_ty="0.000000"/>
   <element name="deco" layername="dec" frame="0" z_index="21" m_a="1.000000" m_b="0.000000" m_c="0.000000" m_d="1.000000" m_tx="0.000000" m_ty="0.000000"/>
   <element name="deco" layername="deco2" frame="1" z_index="20" m_a="1.000000" m_b="0.000000" m_c="0.000000" m_d="1.000000" m_tx="0.000000" m_ty="0.000000"/>
   <element name="body" layername="body2" frame="2" z_index="19" m_a="1.000000" m_b="0.000000" m_c="0.000000" m_d="1.000000" m_tx="0.000000" m_ty="0.000000"/>
  </frame>
  <frame idx="275" w="275" h="358" x="0.000000" y="-75.000000">
   <element name="body" layername="bod" frame="0" z_index="22" m_a="1.000000" m_b="0.000000" m_c="0.000000" m_d="1.000000" m_tx="0.000000" m_ty="0.000000"/>
   <element name="deco" layername="dec" frame="0" z_index="21" m_a="1.000000" m_b="0.000000" m_c="0.000000" m_d="1.000000" m_tx="0.000000" m_ty="0.000000"/>
   <element name="deco" layername="deco2" frame="1" z_index="20" m_a="1.000000" m_b="0.000000" m_c="0.000000" m_d="1.000000" m_tx="0.000000" m_ty="0.000000"/>
   <element name="body" layername="body2" frame="2" z_index="19" m_a="1.000000" m_b="0.000000" m_c="0.000000" m_d="1.000000" m_tx="0.000000" m_ty="0.000000"/>
  </frame>
  <frame idx="300" w="275" h="358" x="0.000000" y="-75.000000">
   <element name="body" layername="bod" frame="0" z_index="22" m_a="1.000000" m_b="0.000000" m_c="0.000000" m_d="1.000000" m_tx="0.000000" m_ty="0.000000"/>
   <element name="deco" layername="dec" frame="0" z_index="21" m_a="1.000000" m_b="0.000000" m_c="0.000000" m_d="1.000000" m_tx="0.000000" m_ty="0.000000"/>
   <element name="deco" layername="deco2" frame="1" z_index="20" m_a="1.000000" m_b="0.000000" m_c="0.000000" m_d="1.000000" m_tx="0.000000" m_ty="0.000000"/>
   <element name="body" layername="body2" frame="2" z_index="19" m_a="1.000000" m_b="0.000000" m_c="0.000000" m_d="1.000000" m_tx="0.000000" m_ty="0.000000"/>
  </frame>
  <frame idx="325" w="275" h="358" x="0.000000" y="-75.000000">
   <element name="body" layername="bod" frame="0" z_index="22" m_a="1.000000" m_b="0.000000" m_c="0.000000" m_d="1.000000" m_tx="0.000000" m_ty="0.000000"/>
   <element name="deco" layername="dec" frame="0" z_index="21" m_a="1.000000" m_b="0.000000" m_c="0.000000" m_d="1.000000" m_tx="0.000000" m_ty="0.000000"/>
   <element name="deco" layername="deco2" frame="1" z_index="20" m_a="1.000000" m_b="0.000000" m_c="0.000000" m_d="1.000000" m_tx="0.000000" m_ty="0.000000"/>
   <element name="body" layername="body2" frame="2" z_index="19" m_a="1.000000" m_b="0.000000" m_c="0.000000" m_d="1.000000" m_tx="0.000000" m_ty="0.000000"/>
  </frame>
  <frame idx="350" w="275" h="358" x="0.000000" y="-75.000000">
   <element name="body" layername="bod" frame="0" z_index="22" m_a="1.000000" m_b="0.000000" m_c="0.000000" m_d="1.000000" m_tx="0.000000" m_ty="0.000000"/>
   <element name="deco" layername="dec" frame="0" z_index="21" m_a="1.000000" m_b="0.000000" m_c="0.000000" m_d="1.000000" m_tx="0.000000" m_ty="0.000000"/>
   <element name="deco" layername="deco2" frame="1" z_index="20" m_a="1.000000" m_b="0.000000" m_c="0.000000" m_d="1.000000" m_tx="0.000000" m_ty="0.000000"/>
   <element name="body" layername="body2" frame="2" z_index="19" m_a="1.000000" m_b="0.000000" m_c="0.000000" m_d="1.000000" m_tx="0.000000" m_ty="0.000000"/>
  </frame>
  <frame idx="375" w="275" h="358" x="0.000000" y="-75.000000">
   <element name="body" layername="bod" frame="0" z_index="22" m_a="1.000000" m_b="0.000000" m_c="0.000000" m_d="1.000000" m_tx="0.000000" m_ty="0.000000"/>
   <element name="deco" layername="dec" frame="0" z_index="21" m_a="1.000000" m_b="0.000000" m_c="0.000000" m_d="1.000000" m_tx="0.000000" m_ty="0.000000"/>
   <element name="deco" layername="deco2" frame="1" z_index="20" m_a="1.000000" m_b="0.000000" m_c="0.000000" m_d="1.000000" m_tx="0.000000" m_ty="0.000000"/>
   <element name="body" layername="body2" frame="2" z_index="19" m_a="1.000000" m_b="0.000000" m_c="0.000000" m_d="1.000000" m_tx="0.000000" m_ty="0.000000"/>
  </frame>
 </anim>
 <anim name="full_onhit" root="zxfarmbowl2" numframes="400" framerate="40">
  <frame idx="0" w="275" h="358" x="0.000000" y="-75.000000">
   <element name="body" layername="bod" frame="0" z_index="22" m_a="1.000000" m_b="0.000000" m_c="0.000000" m_d="1.000000" m_tx="0.000000" m_ty="0.000000"/>
   <element name="deco" layername="dec" frame="0" z_index="21" m_a="1.000000" m_b="0.000000" m_c="0.000000" m_d="1.000000" m_tx="0.000000" m_ty="0.000000"/>
   <element name="deco" layername="deco2" frame="1" z_index="20" m_a="1.000000" m_b="0.000000" m_c="0.000000" m_d="1.000000" m_tx="0.000000" m_ty="0.000000"/>
   <element name="body" layername="body2" frame="2" z_index="19" m_a="1.000000" m_b="0.000000" m_c="0.000000" m_d="1.000000" m_tx="0.000000" m_ty="0.000000"/>
  </frame>
  <frame idx="25" w="279" h="369" x="2.003639" y="-80.739998">
   <element name="body" layername="bod" frame="0" z_index="22" m_a="0.999869" m_b="-0.016160" m_c="0.016160" m_d="0.999869" m_tx="0.000000" m_ty="-3.703704"/>
   <element name="deco" layername="dec" frame="0" z_index="21" m_a="0.999869" m_b="-0.016160" m_c="0.016160" m_d="0.999869" m_tx="0.000000" m_ty="-3.703704"/>
   <element name="deco" layername="deco2" frame="1" z_index="20" m_a="0.999869" m_b="-0.016160" m_c="0.016160" m_d="0.999869" m_tx="0.000000" m_ty="-3.703704"/>
   <element name="body" layername="body2" frame="2" z_index="19" m_a="0.999869" m_b="-0.016160" m_c="0.016160" m_d="0.999869" m_tx="0.000000" m_ty="-3.703704"/>
  </frame>
  <frame idx="50" w="280" h="380" x="3.974121" y="-86.512115">
   <element name="body" layername="bod" frame="0" z_index="22" m_a="0.999478" m_b="-0.032315" m_c="0.032315" m_d="0.999478" m_tx="0.000000" m_ty="-7.407407"/>
   <element name="deco" layername="dec" frame="0" z_index="21" m_a="0.999478" m_b="-0.032315" m_c="0.032315" m_d="0.999478" m_tx="0.000000" m_ty="-7.407407"/>
   <element name="deco" layername="deco2" frame="1" z_index="20" m_a="0.999478" m_b="-0.032315" m_c="0.032315" m_d="0.999478" m_tx="0.000000" m_ty="-7.407407"/>
   <element name="body" layername="body2" frame="2" z_index="19" m_a="0.999478" m_b="-0.032315" m_c="0.032315" m_d="0.999478" m_tx="0.000000" m_ty="-7.407407"/>
  </frame>
  <frame idx="75" w="282" h="391" x="5.910919" y="-92.315796">
   <element name="body" layername="bod" frame="0" z_index="22" m_a="0.998825" m_b="-0.048462" m_c="0.048462" m_d="0.998825" m_tx="0.000000" m_ty="-11.111112"/>
   <element name="deco" layername="dec" frame="0" z_index="21" m_a="0.998825" m_b="-0.048462" m_c="0.048462" m_d="0.998825" m_tx="0.000000" m_ty="-11.111112"/>
   <element name="deco" layername="deco2" frame="1" z_index="20" m_a="0.998825" m_b="-0.048462" m_c="0.048462" m_d="0.998825" m_tx="0.000000" m_ty="-11.111112"/>
   <element name="body" layername="body2" frame="2" z_index="19" m_a="0.998825" m_b="-0.048462" m_c="0.048462" m_d="0.998825" m_tx="0.000000" m_ty="-11.111112"/>
  </frame>
  <frame idx="100" w="284" h="401" x="7.813538" y="-98.150482">
   <element name="body" layername="bod" frame="0" z_index="22" m_a="0.997911" m_b="-0.064597" m_c="0.064597" m_d="0.997911" m_tx="0.000000" m_ty="-14.814815"/>
   <element name="deco" layername="dec" frame="0" z_index="21" m_a="0.997911" m_b="-0.064597" m_c="0.064597" m_d="0.997911" m_tx="0.000000" m_ty="-14.814815"/>
   <element name="deco" layername="deco2" frame="1" z_index="20" m_a="0.997911" m_b="-0.064597" m_c="0.064597" m_d="0.997911" m_tx="0.000000" m_ty="-14.814815"/>
   <element name="body" layername="body2" frame="2" z_index="19" m_a="0.997911" m_b="-0.064597" m_c="0.064597" m_d="0.997911" m_tx="0.000000" m_ty="-14.814815"/>
  </frame>
  <frame idx="125" w="286" h="412" x="9.681458" y="-104.015656">
   <element name="body" layername="bod" frame="0" z_index="22" m_a="0.996737" m_b="-0.080714" m_c="0.080714" m_d="0.996737" m_tx="0.000000" m_ty="-18.518518"/>
   <element name="deco" layername="dec" frame="0" z_index="21" m_a="0.996737" m_b="-0.080714" m_c="0.080714" m_d="0.996737" m_tx="0.000000" m_ty="-18.518518"/>
   <element name="deco" layername="deco2" frame="1" z_index="20" m_a="0.996737" m_b="-0.080714" m_c="0.080714" m_d="0.996737" m_tx="0.000000" m_ty="-18.518518"/>
   <element name="body" layername="body2" frame="2" z_index="19" m_a="0.996737" m_b="-0.080714" m_c="0.080714" m_d="0.996737" m_tx="0.000000" m_ty="-18.518518"/>
  </frame>
  <frame idx="150" w="285" h="409" x="8.189911" y="-103.765549">
   <element name="body" layername="bod" frame="0" z_index="22" m_a="0.997697" m_b="-0.067822" m_c="0.067822" m_d="0.997697" m_tx="0.000000" m_ty="-20.000000"/>
   <element name="deco" layername="dec" frame="0" z_index="21" m_a="0.997697" m_b="-0.067822" m_c="0.067822" m_d="0.997697" m_tx="0.000000" m_ty="-20.000000"/>
   <element name="deco" layername="deco2" frame="1" z_index="20" m_a="0.997697" m_b="-0.067822" m_c="0.067822" m_d="0.997697" m_tx="0.000000" m_ty="-20.000000"/>
   <element name="body" layername="body2" frame="2" z_index="19" m_a="0.997697" m_b="-0.067822" m_c="0.067822" m_d="0.997697" m_tx="0.000000" m_ty="-20.000000"/>
  </frame>
  <frame idx="175" w="281" h="395" x="4.364197" y="-99.522186">
   <element name="body" layername="bod" frame="0" z_index="22" m_a="0.999368" m_b="-0.035546" m_c="0.035546" m_d="0.999368" m_tx="0.000000" m_ty="-20.000000"/>
   <element name="deco" layername="dec" frame="0" z_index="21" m_a="0.999368" m_b="-0.035546" m_c="0.035546" m_d="0.999368" m_tx="0.000000" m_ty="-20.000000"/>
   <element name="deco" layername="deco2" frame="1" z_index="20" m_a="0.999368" m_b="-0.035546" m_c="0.035546" m_d="0.999368" m_tx="0.000000" m_ty="-20.000000"/>
   <element name="body" layername="body2" frame="2" z_index="19" m_a="0.999368" m_b="-0.035546" m_c="0.035546" m_d="0.999368" m_tx="0.000000" m_ty="-20.000000"/>
  </frame>
  <frame idx="200" w="277" h="382" x="0.403351" y="-95.404663">
   <element name="body" layername="bod" frame="0" z_index="22" m_a="0.999995" m_b="-0.003232" m_c="0.003232" m_d="0.999995" m_tx="0.000000" m_ty="-20.000000"/>
   <element name="deco" layername="dec" frame="0" z_index="21" m_a="0.999995" m_b="-0.003232" m_c="0.003232" m_d="0.999995" m_tx="0.000000" m_ty="-20.000000"/>
   <element name="deco" layername="deco2" frame="1" z_index="20" m_a="0.999995" m_b="-0.003232" m_c="0.003232" m_d="0.999995" m_tx="0.000000" m_ty="-20.000000"/>
   <element name="body" layername="body2" frame="2" z_index="19" m_a="0.999995" m_b="-0.003232" m_c="0.003232" m_d="0.999995" m_tx="0.000000" m_ty="-20.000000"/>
  </frame>
  <frame idx="225" w="288" h="384" x="-3.688477" y="-91.417297">
   <element name="body" layername="bod" frame="0" z_index="22" m_a="0.999577" m_b="0.029085" m_c="-0.029085" m_d="0.999577" m_tx="0.000000" m_ty="-20.000000"/>
   <element name="deco" layername="dec" frame="0" z_index="21" m_a="0.999577" m_b="0.029085" m_c="-0.029085" m_d="0.999577" m_tx="0.000000" m_ty="-20.000000"/>
   <element name="deco" layername="deco2" frame="1" z_index="20" m_a="0.999577" m_b="0.029085" m_c="-0.029085" m_d="0.999577" m_tx="0.000000" m_ty="-20.000000"/>
   <element name="body" layername="body2" frame="2" z_index="19" m_a="0.999577" m_b="0.029085" m_c="-0.029085" m_d="0.999577" m_tx="0.000000" m_ty="-20.000000"/>
  </frame>
  <frame idx="250" w="301" h="389" x="-7.907028" y="-87.564240">
   <element name="body" layername="bod" frame="0" z_index="22" m_a="0.998115" m_b="0.061371" m_c="-0.061371" m_d="0.998115" m_tx="0.000000" m_ty="-20.000000"/>
   <element name="deco" layername="dec" frame="0" z_index="21" m_a="0.998115" m_b="0.061371" m_c="-0.061371" m_d="0.998115" m_tx="0.000000" m_ty="-20.000000"/>
   <element name="deco" layername="deco2" frame="1" z_index="20" m_a="0.998115" m_b="0.061371" m_c="-0.061371" m_d="0.998115" m_tx="0.000000" m_ty="-20.000000"/>
   <element name="body" layername="body2" frame="2" z_index="19" m_a="0.998115" m_b="0.061371" m_c="-0.061371" m_d="0.998115" m_tx="0.000000" m_ty="-20.000000"/>
  </frame>
  <frame idx="275" w="310" h="391" x="-10.916229" y="-84.194153">
   <element name="body" layername="bod" frame="0" z_index="22" m_a="0.996482" m_b="0.083811" m_c="-0.083811" m_d="0.996482" m_tx="0.000000" m_ty="-19.230770"/>
   <element name="deco" layername="dec" frame="0" z_index="21" m_a="0.996482" m_b="0.083811" m_c="-0.083811" m_d="0.996482" m_tx="0.000000" m_ty="-19.230770"/>
   <element name="deco" layername="deco2" frame="1" z_index="20" m_a="0.996482" m_b="0.083811" m_c="-0.083811" m_d="0.996482" m_tx="0.000000" m_ty="-19.230770"/>
   <element name="body" layername="body2" frame="2" z_index="19" m_a="0.996482" m_b="0.083811" m_c="-0.083811" m_d="0.996482" m_tx="0.000000" m_ty="-19.230770"/>
  </frame>
  <frame idx="300" w="303" h="384" x="-8.666290" y="-82.281387">
   <element name="body" layername="bod" frame="0" z_index="22" m_a="0.997748" m_b="0.067078" m_c="-0.067078" m_d="0.997748" m_tx="0.000000" m_ty="-15.384615"/>
   <element name="deco" layername="dec" frame="0" z_index="21" m_a="0.997748" m_b="0.067078" m_c="-0.067078" m_d="0.997748" m_tx="0.000000" m_ty="-15.384615"/>
   <element name="deco" layername="deco2" frame="1" z_index="20" m_a="0.997748" m_b="0.067078" m_c="-0.067078" m_d="0.997748" m_tx="0.000000" m_ty="-15.384615"/>
   <element name="body" layername="body2" frame="2" z_index="19" m_a="0.997748" m_b="0.067078" m_c="-0.067078" m_d="0.997748" m_tx="0.000000" m_ty="-15.384615"/>
  </frame>
  <frame idx="325" w="296" h="378" x="-6.448944" y="-80.406296">
   <element name="body" layername="bod" frame="0" z_index="22" m_a="0.998733" m_b="0.050324" m_c="-0.050324" m_d="0.998733" m_tx="0.000000" m_ty="-11.538462"/>
   <element name="deco" layername="dec" frame="0" z_index="21" m_a="0.998733" m_b="0.050324" m_c="-0.050324" m_d="0.998733" m_tx="0.000000" m_ty="-11.538462"/>
   <element name="deco" layername="deco2" frame="1" z_index="20" m_a="0.998733" m_b="0.050324" m_c="-0.050324" m_d="0.998733" m_tx="0.000000" m_ty="-11.538462"/>
   <element name="body" layername="body2" frame="2" z_index="19" m_a="0.998733" m_b="0.050324" m_c="-0.050324" m_d="0.998733" m_tx="0.000000" m_ty="-11.538462"/>
  </frame>
  <frame idx="350" w="290" h="371" x="-4.265106" y="-78.568008">
   <element name="body" layername="bod" frame="0" z_index="22" m_a="0.999437" m_b="0.033558" m_c="-0.033558" m_d="0.999437" m_tx="0.000000" m_ty="-7.692307"/>
   <element name="deco" layername="dec" frame="0" z_index="21" m_a="0.999437" m_b="0.033558" m_c="-0.033558" m_d="0.999437" m_tx="0.000000" m_ty="-7.692307"/>
   <element name="deco" layername="deco2" frame="1" z_index="20" m_a="0.999437" m_b="0.033558" m_c="-0.033558" m_d="0.999437" m_tx="0.000000" m_ty="-7.692307"/>
   <element name="body" layername="body2" frame="2" z_index="19" m_a="0.999437" m_b="0.033558" m_c="-0.033558" m_d="0.999437" m_tx="0.000000" m_ty="-7.692307"/>
  </frame>
  <frame idx="375" w="283" h="365" x="-2.115204" y="-76.766159">
   <element name="body" layername="bod" frame="0" z_index="22" m_a="0.999859" m_b="0.016781" m_c="-0.016781" m_d="0.999859" m_tx="0.000000" m_ty="-3.846153"/>
   <element name="deco" layername="dec" frame="0" z_index="21" m_a="0.999859" m_b="0.016781" m_c="-0.016781" m_d="0.999859" m_tx="0.000000" m_ty="-3.846153"/>
   <element name="deco" layername="deco2" frame="1" z_index="20" m_a="0.999859" m_b="0.016781" m_c="-0.016781" m_d="0.999859" m_tx="0.000000" m_ty="-3.846153"/>
   <element name="body" layername="body2" frame="2" z_index="19" m_a="0.999859" m_b="0.016781" m_c="-0.016781" m_d="0.999859" m_tx="0.000000" m_ty="-3.846153"/>
  </frame>
 </anim>
</Anims>
