<Anims>
 <anim name="empty" root="zxmushroomhouse1" numframes="400" framerate="40">
  <frame idx="0" w="550" h="715" x="0.000000" y="-150.000000">
   <element name="body" layername="body" frame="0" z_index="18" m_a="1.000000" m_b="0.000000" m_c="0.000000" m_d="1.000000" m_tx="0.000000" m_ty="0.000000"/>
   <element name="deco" layername="deco3" frame="2" z_index="17" m_a="1.000000" m_b="0.000000" m_c="0.000000" m_d="1.000000" m_tx="0.000000" m_ty="0.000000"/>
   <element name="deco" layername="deco4" frame="3" z_index="16" m_a="1.000000" m_b="0.000000" m_c="0.000000" m_d="1.000000" m_tx="0.000000" m_ty="0.000000"/>
  </frame>
  <frame idx="25" w="550" h="715" x="0.000000" y="-150.000000">
   <element name="body" layername="body" frame="0" z_index="18" m_a="1.000000" m_b="0.000000" m_c="0.000000" m_d="1.000000" m_tx="0.000000" m_ty="0.000000"/>
   <element name="deco" layername="deco3" frame="2" z_index="17" m_a="1.000000" m_b="0.000000" m_c="0.000000" m_d="1.000000" m_tx="0.000000" m_ty="0.000000"/>
   <element name="deco" layername="deco4" frame="3" z_index="16" m_a="1.000000" m_b="0.000000" m_c="0.000000" m_d="1.000000" m_tx="0.000000" m_ty="0.000000"/>
  </frame>
  <frame idx="50" w="550" h="715" x="0.000000" y="-150.000000">
   <element name="body" layername="body" frame="0" z_index="18" m_a="1.000000" m_b="0.000000" m_c="0.000000" m_d="1.000000" m_tx="0.000000" m_ty="0.000000"/>
   <element name="deco" layername="deco3" frame="2" z_index="17" m_a="1.000000" m_b="0.000000" m_c="0.000000" m_d="1.000000" m_tx="0.000000" m_ty="0.000000"/>
   <element name="deco" layername="deco4" frame="3" z_index="16" m_a="1.000000" m_b="0.000000" m_c="0.000000" m_d="1.000000" m_tx="0.000000" m_ty="0.000000"/>
  </frame>
  <frame idx="75" w="550" h="715" x="0.000000" y="-150.000000">
   <element name="body" layername="body" frame="0" z_index="18" m_a="1.000000" m_b="0.000000" m_c="0.000000" m_d="1.000000" m_tx="0.000000" m_ty="0.000000"/>
   <element name="deco" layername="deco3" frame="2" z_index="17" m_a="1.000000" m_b="0.000000" m_c="0.000000" m_d="1.000000" m_tx="0.000000" m_ty="0.000000"/>
   <element name="deco" layername="deco4" frame="3" z_index="16" m_a="1.000000" m_b="0.000000" m_c="0.000000" m_d="1.000000" m_tx="0.000000" m_ty="0.000000"/>
  </frame>
  <frame idx="100" w="550" h="715" x="0.000000" y="-150.000000">
   <element name="body" layername="body" frame="0" z_index="18" m_a="1.000000" m_b="0.000000" m_c="0.000000" m_d="1.000000" m_tx="0.000000" m_ty="0.000000"/>
   <element name="deco" layername="deco3" frame="2" z_index="17" m_a="1.000000" m_b="0.000000" m_c="0.000000" m_d="1.000000" m_tx="0.000000" m_ty="0.000000"/>
   <element name="deco" layername="deco4" frame="3" z_index="16" m_a="1.000000" m_b="0.000000" m_c="0.000000" m_d="1.000000" m_tx="0.000000" m_ty="0.000000"/>
  </frame>
  <frame idx="125" w="550" h="715" x="0.000000" y="-150.000000">
   <element name="body" layername="body" frame="0" z_index="18" m_a="1.000000" m_b="0.000000" m_c="0.000000" m_d="1.000000" m_tx="0.000000" m_ty="0.000000"/>
   <element name="deco" layername="deco3" frame="2" z_index="17" m_a="1.000000" m_b="0.000000" m_c="0.000000" m_d="1.000000" m_tx="0.000000" m_ty="0.000000"/>
   <element name="deco" layername="deco4" frame="3" z_index="16" m_a="1.000000" m_b="0.000000" m_c="0.000000" m_d="1.000000" m_tx="0.000000" m_ty="0.000000"/>
  </frame>
  <frame idx="150" w="550" h="715" x="0.000000" y="-150.000000">
   <element name="body" layername="body" frame="0" z_index="18" m_a="1.000000" m_b="0.000000" m_c="0.000000" m_d="1.000000" m_tx="0.000000" m_ty="0.000000"/>
   <element name="deco" layername="deco3" frame="2" z_index="17" m_a="1.000000" m_b="0.000000" m_c="0.000000" m_d="1.000000" m_tx="0.000000" m_ty="0.000000"/>
   <element name="deco" layername="deco4" frame="3" z_index="16" m_a="1.000000" m_b="0.000000" m_c="0.000000" m_d="1.000000" m_tx="0.000000" m_ty="0.000000"/>
  </frame>
  <frame idx="175" w="550" h="715" x="0.000000" y="-150.000000">
   <element name="body" layername="body" frame="0" z_index="18" m_a="1.000000" m_b="0.000000" m_c="0.000000" m_d="1.000000" m_tx="0.000000" m_ty="0.000000"/>
   <element name="deco" layername="deco3" frame="2" z_index="17" m_a="1.000000" m_b="0.000000" m_c="0.000000" m_d="1.000000" m_tx="0.000000" m_ty="0.000000"/>
   <element name="deco" layername="deco4" frame="3" z_index="16" m_a="1.000000" m_b="0.000000" m_c="0.000000" m_d="1.000000" m_tx="0.000000" m_ty="0.000000"/>
  </frame>
  <frame idx="200" w="550" h="715" x="0.000000" y="-150.000000">
   <element name="body" layername="body" frame="0" z_index="18" m_a="1.000000" m_b="0.000000" m_c="0.000000" m_d="1.000000" m_tx="0.000000" m_ty="0.000000"/>
   <element name="deco" layername="deco3" frame="2" z_index="17" m_a="1.000000" m_b="0.000000" m_c="0.000000" m_d="1.000000" m_tx="0.000000" m_ty="0.000000"/>
   <element name="deco" layername="deco4" frame="3" z_index="16" m_a="1.000000" m_b="0.000000" m_c="0.000000" m_d="1.000000" m_tx="0.000000" m_ty="0.000000"/>
  </frame>
  <frame idx="225" w="550" h="715" x="0.000000" y="-150.000000">
   <element name="body" layername="body" frame="0" z_index="18" m_a="1.000000" m_b="0.000000" m_c="0.000000" m_d="1.000000" m_tx="0.000000" m_ty="0.000000"/>
   <element name="deco" layername="deco3" frame="2" z_index="17" m_a="1.000000" m_b="0.000000" m_c="0.000000" m_d="1.000000" m_tx="0.000000" m_ty="0.000000"/>
   <element name="deco" layername="deco4" frame="3" z_index="16" m_a="1.000000" m_b="0.000000" m_c="0.000000" m_d="1.000000" m_tx="0.000000" m_ty="0.000000"/>
  </frame>
  <frame idx="250" w="550" h="715" x="0.000000" y="-150.000000">
   <element name="body" layername="body" frame="0" z_index="18" m_a="1.000000" m_b="0.000000" m_c="0.000000" m_d="1.000000" m_tx="0.000000" m_ty="0.000000"/>
   <element name="deco" layername="deco3" frame="2" z_index="17" m_a="1.000000" m_b="0.000000" m_c="0.000000" m_d="1.000000" m_tx="0.000000" m_ty="0.000000"/>
   <element name="deco" layername="deco4" frame="3" z_index="16" m_a="1.000000" m_b="0.000000" m_c="0.000000" m_d="1.000000" m_tx="0.000000" m_ty="0.000000"/>
  </frame>
  <frame idx="275" w="550" h="715" x="0.000000" y="-150.000000">
   <element name="body" layername="body" frame="0" z_index="18" m_a="1.000000" m_b="0.000000" m_c="0.000000" m_d="1.000000" m_tx="0.000000" m_ty="0.000000"/>
   <element name="deco" layername="deco3" frame="2" z_index="17" m_a="1.000000" m_b="0.000000" m_c="0.000000" m_d="1.000000" m_tx="0.000000" m_ty="0.000000"/>
   <element name="deco" layername="deco4" frame="3" z_index="16" m_a="1.000000" m_b="0.000000" m_c="0.000000" m_d="1.000000" m_tx="0.000000" m_ty="0.000000"/>
  </frame>
  <frame idx="300" w="550" h="715" x="0.000000" y="-150.000000">
   <element name="body" layername="body" frame="0" z_index="18" m_a="1.000000" m_b="0.000000" m_c="0.000000" m_d="1.000000" m_tx="0.000000" m_ty="0.000000"/>
   <element name="deco" layername="deco3" frame="2" z_index="17" m_a="1.000000" m_b="0.000000" m_c="0.000000" m_d="1.000000" m_tx="0.000000" m_ty="0.000000"/>
   <element name="deco" layername="deco4" frame="3" z_index="16" m_a="1.000000" m_b="0.000000" m_c="0.000000" m_d="1.000000" m_tx="0.000000" m_ty="0.000000"/>
  </frame>
  <frame idx="325" w="550" h="715" x="0.000000" y="-150.000000">
   <element name="body" layername="body" frame="0" z_index="18" m_a="1.000000" m_b="0.000000" m_c="0.000000" m_d="1.000000" m_tx="0.000000" m_ty="0.000000"/>
   <element name="deco" layername="deco3" frame="2" z_index="17" m_a="1.000000" m_b="0.000000" m_c="0.000000" m_d="1.000000" m_tx="0.000000" m_ty="0.000000"/>
   <element name="deco" layername="deco4" frame="3" z_index="16" m_a="1.000000" m_b="0.000000" m_c="0.000000" m_d="1.000000" m_tx="0.000000" m_ty="0.000000"/>
  </frame>
  <frame idx="350" w="550" h="715" x="0.000000" y="-150.000000">
   <element name="body" layername="body" frame="0" z_index="18" m_a="1.000000" m_b="0.000000" m_c="0.000000" m_d="1.000000" m_tx="0.000000" m_ty="0.000000"/>
   <element name="deco" layername="deco3" frame="2" z_index="17" m_a="1.000000" m_b="0.000000" m_c="0.000000" m_d="1.000000" m_tx="0.000000" m_ty="0.000000"/>
   <element name="deco" layername="deco4" frame="3" z_index="16" m_a="1.000000" m_b="0.000000" m_c="0.000000" m_d="1.000000" m_tx="0.000000" m_ty="0.000000"/>
  </frame>
  <frame idx="375" w="550" h="715" x="0.000000" y="-150.000000">
   <element name="body" layername="body" frame="0" z_index="18" m_a="1.000000" m_b="0.000000" m_c="0.000000" m_d="1.000000" m_tx="0.000000" m_ty="0.000000"/>
   <element name="deco" layername="deco3" frame="2" z_index="17" m_a="1.000000" m_b="0.000000" m_c="0.000000" m_d="1.000000" m_tx="0.000000" m_ty="0.000000"/>
   <element name="deco" layername="deco4" frame="3" z_index="16" m_a="1.000000" m_b="0.000000" m_c="0.000000" m_d="1.000000" m_tx="0.000000" m_ty="0.000000"/>
  </frame>
 </anim>
 <anim name="onhit" root="zxmushroomhouse1" numframes="400" framerate="40">
  <frame idx="0" w="550" h="715" x="0.000000" y="-150.000000">
   <element name="body" layername="body" frame="0" z_index="18" m_a="1.000000" m_b="0.000000" m_c="0.000000" m_d="1.000000" m_tx="0.000000" m_ty="0.000000"/>
   <element name="deco" layername="deco3" frame="2" z_index="17" m_a="1.000000" m_b="0.000000" m_c="0.000000" m_d="1.000000" m_tx="0.000000" m_ty="0.000000"/>
   <element name="deco" layername="deco4" frame="3" z_index="16" m_a="1.000000" m_b="0.000000" m_c="0.000000" m_d="1.000000" m_tx="0.000000" m_ty="0.000000"/>
  </frame>
  <frame idx="25" w="556" h="736" x="4.160110" y="-159.999741">
   <element name="body" layername="body" frame="0" z_index="18" m_a="0.999859" m_b="-0.016781" m_c="0.016781" m_d="0.999859" m_tx="0.000000" m_ty="-5.769231"/>
   <element name="deco" layername="deco3" frame="2" z_index="17" m_a="0.999859" m_b="-0.016781" m_c="0.016781" m_d="0.999859" m_tx="0.000000" m_ty="-5.769231"/>
   <element name="deco" layername="deco4" frame="3" z_index="16" m_a="0.999859" m_b="-0.016781" m_c="0.016781" m_d="0.999859" m_tx="0.000000" m_ty="-5.769231"/>
  </frame>
  <frame idx="50" w="560" h="756" x="8.248627" y="-170.068695">
   <element name="body" layername="body" frame="0" z_index="18" m_a="0.999437" m_b="-0.033558" m_c="0.033558" m_d="0.999437" m_tx="0.000000" m_ty="-11.538462"/>
   <element name="deco" layername="deco3" frame="2" z_index="17" m_a="0.999437" m_b="-0.033558" m_c="0.033558" m_d="0.999437" m_tx="0.000000" m_ty="-11.538462"/>
   <element name="deco" layername="deco4" frame="3" z_index="16" m_a="0.999437" m_b="-0.033558" m_c="0.033558" m_d="0.999437" m_tx="0.000000" m_ty="-11.538462"/>
  </frame>
  <frame idx="75" w="565" h="776" x="12.264404" y="-180.205658">
   <element name="body" layername="body" frame="0" z_index="18" m_a="0.998733" m_b="-0.050325" m_c="0.050325" m_d="0.998733" m_tx="0.000000" m_ty="-17.307692"/>
   <element name="deco" layername="deco3" frame="2" z_index="17" m_a="0.998733" m_b="-0.050325" m_c="0.050325" m_d="0.998733" m_tx="0.000000" m_ty="-17.307692"/>
   <element name="deco" layername="deco4" frame="3" z_index="16" m_a="0.998733" m_b="-0.050325" m_c="0.050325" m_d="0.998733" m_tx="0.000000" m_ty="-17.307692"/>
  </frame>
  <frame idx="100" w="569" h="796" x="16.206360" y="-190.409393">
   <element name="body" layername="body" frame="0" z_index="18" m_a="0.997748" m_b="-0.067078" m_c="0.067078" m_d="0.997748" m_tx="0.000000" m_ty="-23.076923"/>
   <element name="deco" layername="deco3" frame="2" z_index="17" m_a="0.997748" m_b="-0.067078" m_c="0.067078" m_d="0.997748" m_tx="0.000000" m_ty="-23.076923"/>
   <element name="deco" layername="deco4" frame="3" z_index="16" m_a="0.997748" m_b="-0.067078" m_c="0.067078" m_d="0.997748" m_tx="0.000000" m_ty="-23.076923"/>
  </frame>
  <frame idx="125" w="574" h="816" x="20.073303" y="-200.678680">
   <element name="body" layername="body" frame="0" z_index="18" m_a="0.996482" m_b="-0.083812" m_c="0.083812" m_d="0.996482" m_tx="0.000000" m_ty="-28.846153"/>
   <element name="deco" layername="deco3" frame="2" z_index="17" m_a="0.996482" m_b="-0.083812" m_c="0.083812" m_d="0.996482" m_tx="0.000000" m_ty="-28.846153"/>
   <element name="deco" layername="deco4" frame="3" z_index="16" m_a="0.996482" m_b="-0.083812" m_c="0.083812" m_d="0.996482" m_tx="0.000000" m_ty="-28.846153"/>
  </frame>
  <frame idx="150" w="568" h="800" x="15.087708" y="-196.058716">
   <element name="body" layername="body" frame="0" z_index="18" m_a="0.998058" m_b="-0.062293" m_c="0.062293" m_d="0.998058" m_tx="0.000000" m_ty="-30.000000"/>
   <element name="deco" layername="deco3" frame="2" z_index="17" m_a="0.998058" m_b="-0.062293" m_c="0.062293" m_d="0.998058" m_tx="0.000000" m_ty="-30.000000"/>
   <element name="deco" layername="deco4" frame="3" z_index="16" m_a="0.998058" m_b="-0.062293" m_c="0.062293" m_d="0.998058" m_tx="0.000000" m_ty="-30.000000"/>
  </frame>
  <frame idx="175" w="559" h="775" x="7.668976" y="-187.911804">
   <element name="body" layername="body" frame="0" z_index="18" m_a="0.999514" m_b="-0.031162" m_c="0.031162" m_d="0.999514" m_tx="0.000000" m_ty="-30.000000"/>
   <element name="deco" layername="deco3" frame="2" z_index="17" m_a="0.999514" m_b="-0.031162" m_c="0.031162" m_d="0.999514" m_tx="0.000000" m_ty="-30.000000"/>
   <element name="deco" layername="deco4" frame="3" z_index="16" m_a="0.999514" m_b="-0.031162" m_c="0.031162" m_d="0.999514" m_tx="0.000000" m_ty="-30.000000"/>
  </frame>
  <frame idx="200" w="550" h="748" x="0.000000" y="-180.000000">
   <element name="body" layername="body" frame="0" z_index="18" m_a="1.000000" m_b="0.000000" m_c="0.000000" m_d="1.000000" m_tx="0.000000" m_ty="-30.000000"/>
   <element name="deco" layername="deco3" frame="2" z_index="17" m_a="1.000000" m_b="0.000000" m_c="0.000000" m_d="1.000000" m_tx="0.000000" m_ty="-30.000000"/>
   <element name="deco" layername="deco4" frame="3" z_index="16" m_a="1.000000" m_b="0.000000" m_c="0.000000" m_d="1.000000" m_tx="0.000000" m_ty="-30.000000"/>
  </frame>
  <frame idx="225" w="577" h="757" x="-7.911804" y="-172.331024">
   <element name="body" layername="body" frame="0" z_index="18" m_a="0.999514" m_b="0.031162" m_c="-0.031162" m_d="0.999514" m_tx="0.000000" m_ty="-30.000000"/>
   <element name="deco" layername="deco3" frame="2" z_index="17" m_a="0.999514" m_b="0.031162" m_c="-0.031162" m_d="0.999514" m_tx="0.000000" m_ty="-30.000000"/>
   <element name="deco" layername="deco4" frame="3" z_index="16" m_a="0.999514" m_b="0.031162" m_c="-0.031162" m_d="0.999514" m_tx="0.000000" m_ty="-30.000000"/>
  </frame>
  <frame idx="250" w="602" h="766" x="-16.058716" y="-164.912292">
   <element name="body" layername="body" frame="0" z_index="18" m_a="0.998058" m_b="0.062293" m_c="-0.062293" m_d="0.998058" m_tx="0.000000" m_ty="-30.000000"/>
   <element name="deco" layername="deco3" frame="2" z_index="17" m_a="0.998058" m_b="0.062293" m_c="-0.062293" m_d="0.998058" m_tx="0.000000" m_ty="-30.000000"/>
   <element name="deco" layername="deco4" frame="3" z_index="16" m_a="0.998058" m_b="0.062293" m_c="-0.062293" m_d="0.998058" m_tx="0.000000" m_ty="-30.000000"/>
  </frame>
  <frame idx="275" w="619" h="769" x="-21.832458" y="-158.772919">
   <element name="body" layername="body" frame="0" z_index="18" m_a="0.996482" m_b="0.083811" m_c="-0.083811" m_d="0.996482" m_tx="0.000000" m_ty="-28.846153"/>
   <element name="deco" layername="deco3" frame="2" z_index="17" m_a="0.996482" m_b="0.083811" m_c="-0.083811" m_d="0.996482" m_tx="0.000000" m_ty="-28.846153"/>
   <element name="deco" layername="deco4" frame="3" z_index="16" m_a="0.996482" m_b="0.083811" m_c="-0.083811" m_d="0.996482" m_tx="0.000000" m_ty="-28.846153"/>
  </frame>
  <frame idx="300" w="605" h="759" x="-17.332581" y="-156.870483">
   <element name="body" layername="body" frame="0" z_index="18" m_a="0.997748" m_b="0.067078" m_c="-0.067078" m_d="0.997748" m_tx="0.000000" m_ty="-23.076923"/>
   <element name="deco" layername="deco3" frame="2" z_index="17" m_a="0.997748" m_b="0.067078" m_c="-0.067078" m_d="0.997748" m_tx="0.000000" m_ty="-23.076923"/>
   <element name="deco" layername="deco4" frame="3" z_index="16" m_a="0.997748" m_b="0.067078" m_c="-0.067078" m_d="0.997748" m_tx="0.000000" m_ty="-23.076923"/>
  </frame>
  <frame idx="325" w="592" h="748" x="-12.897888" y="-155.043335">
   <element name="body" layername="body" frame="0" z_index="18" m_a="0.998733" m_b="0.050324" m_c="-0.050324" m_d="0.998733" m_tx="0.000000" m_ty="-17.307693"/>
   <element name="deco" layername="deco3" frame="2" z_index="17" m_a="0.998733" m_b="0.050324" m_c="-0.050324" m_d="0.998733" m_tx="0.000000" m_ty="-17.307693"/>
   <element name="deco" layername="deco4" frame="3" z_index="16" m_a="0.998733" m_b="0.050324" m_c="-0.050324" m_d="0.998733" m_tx="0.000000" m_ty="-17.307693"/>
  </frame>
  <frame idx="350" w="579" h="737" x="-8.530212" y="-153.289856">
   <element name="body" layername="body" frame="0" z_index="18" m_a="0.999437" m_b="0.033558" m_c="-0.033558" m_d="0.999437" m_tx="0.000000" m_ty="-11.538462"/>
   <element name="deco" layername="deco3" frame="2" z_index="17" m_a="0.999437" m_b="0.033558" m_c="-0.033558" m_d="0.999437" m_tx="0.000000" m_ty="-11.538462"/>
   <element name="deco" layername="deco4" frame="3" z_index="16" m_a="0.999437" m_b="0.033558" m_c="-0.033558" m_d="0.999437" m_tx="0.000000" m_ty="-11.538462"/>
  </frame>
  <frame idx="375" w="565" h="726" x="-4.230408" y="-151.609222">
   <element name="body" layername="body" frame="0" z_index="18" m_a="0.999859" m_b="0.016781" m_c="-0.016781" m_d="0.999859" m_tx="0.000000" m_ty="-5.769232"/>
   <element name="deco" layername="deco3" frame="2" z_index="17" m_a="0.999859" m_b="0.016781" m_c="-0.016781" m_d="0.999859" m_tx="0.000000" m_ty="-5.769232"/>
   <element name="deco" layername="deco4" frame="3" z_index="16" m_a="0.999859" m_b="0.016781" m_c="-0.016781" m_d="0.999859" m_tx="0.000000" m_ty="-5.769232"/>
  </frame>
 </anim>
 <anim name="onbuild" root="zxmushroomhouse1" numframes="400" framerate="40">
  <frame idx="0" w="2" h="0" x="0.000000" y="0.000000"/>
  <frame idx="25" w="2" h="0" x="0.000000" y="0.000000"/>
  <frame idx="50" w="358" h="523" x="-175.000000" y="-325.000000">
   <element name="body" layername="body" frame="0" z_index="18" m_a="0.300000" m_b="0.000000" m_c="0.000000" m_d="0.300000" m_tx="0.000000" m_ty="0.000000"/>
   <element name="deco" layername="deco3" frame="2" z_index="17" m_a="0.300000" m_b="0.000000" m_c="0.000000" m_d="0.300000" m_tx="0.000000" m_ty="0.000000"/>
   <element name="deco" layername="deco4" frame="3" z_index="16" m_a="0.300000" m_b="0.000000" m_c="0.000000" m_d="0.300000" m_tx="0.000000" m_ty="0.000000"/>
  </frame>
  <frame idx="75" w="358" h="523" x="-175.000000" y="-325.000000">
   <element name="body" layername="body" frame="0" z_index="18" m_a="0.300000" m_b="0.000000" m_c="0.000000" m_d="0.300000" m_tx="0.000000" m_ty="0.000000"/>
   <element name="deco" layername="deco3" frame="2" z_index="17" m_a="0.300000" m_b="0.000000" m_c="0.000000" m_d="0.300000" m_tx="0.000000" m_ty="0.000000"/>
   <element name="deco" layername="deco4" frame="3" z_index="16" m_a="0.300000" m_b="0.000000" m_c="0.000000" m_d="0.300000" m_tx="0.000000" m_ty="0.000000"/>
  </frame>
  <frame idx="100" w="391" h="556" x="-145.833328" y="-295.833313">
   <element name="body" layername="body" frame="0" z_index="18" m_a="0.416667" m_b="0.000000" m_c="0.000000" m_d="0.416667" m_tx="0.000000" m_ty="0.000000"/>
   <element name="deco" layername="deco3" frame="2" z_index="17" m_a="0.416667" m_b="0.000000" m_c="0.000000" m_d="0.416667" m_tx="0.000000" m_ty="0.000000"/>
   <element name="deco" layername="deco4" frame="3" z_index="16" m_a="0.416667" m_b="0.000000" m_c="0.000000" m_d="0.416667" m_tx="0.000000" m_ty="0.000000"/>
  </frame>
  <frame idx="125" w="431" h="596" x="-109.375000" y="-259.375000">
   <element name="body" layername="body" frame="0" z_index="18" m_a="0.562500" m_b="0.000000" m_c="0.000000" m_d="0.562500" m_tx="0.000000" m_ty="0.000000"/>
   <element name="deco" layername="deco3" frame="2" z_index="17" m_a="0.562500" m_b="0.000000" m_c="0.000000" m_d="0.562500" m_tx="0.000000" m_ty="0.000000"/>
   <element name="deco" layername="deco4" frame="3" z_index="16" m_a="0.562500" m_b="0.000000" m_c="0.000000" m_d="0.562500" m_tx="0.000000" m_ty="0.000000"/>
  </frame>
  <frame idx="150" w="471" h="636" x="-72.916672" y="-222.916672">
   <element name="body" layername="body" frame="0" z_index="18" m_a="0.708333" m_b="0.000000" m_c="0.000000" m_d="0.708333" m_tx="0.000000" m_ty="0.000000"/>
   <element name="deco" layername="deco3" frame="2" z_index="17" m_a="0.708333" m_b="0.000000" m_c="0.000000" m_d="0.708333" m_tx="0.000000" m_ty="0.000000"/>
   <element name="deco" layername="deco4" frame="3" z_index="16" m_a="0.708333" m_b="0.000000" m_c="0.000000" m_d="0.708333" m_tx="0.000000" m_ty="0.000000"/>
  </frame>
  <frame idx="175" w="511" h="676" x="-36.458328" y="-186.458328">
   <element name="body" layername="body" frame="0" z_index="18" m_a="0.854167" m_b="0.000000" m_c="0.000000" m_d="0.854167" m_tx="0.000000" m_ty="0.000000"/>
   <element name="deco" layername="deco3" frame="2" z_index="17" m_a="0.854167" m_b="0.000000" m_c="0.000000" m_d="0.854167" m_tx="0.000000" m_ty="0.000000"/>
   <element name="deco" layername="deco4" frame="3" z_index="16" m_a="0.854167" m_b="0.000000" m_c="0.000000" m_d="0.854167" m_tx="0.000000" m_ty="0.000000"/>
  </frame>
  <frame idx="200" w="550" h="715" x="0.000000" y="-150.000000">
   <element name="body" layername="body" frame="0" z_index="18" m_a="1.000000" m_b="0.000000" m_c="0.000000" m_d="1.000000" m_tx="0.000000" m_ty="0.000000"/>
   <element name="deco" layername="deco3" frame="2" z_index="17" m_a="1.000000" m_b="0.000000" m_c="0.000000" m_d="1.000000" m_tx="0.000000" m_ty="0.000000"/>
   <element name="deco" layername="deco4" frame="3" z_index="16" m_a="1.000000" m_b="0.000000" m_c="0.000000" m_d="1.000000" m_tx="0.000000" m_ty="0.000000"/>
  </frame>
  <frame idx="225" w="550" h="715" x="0.000000" y="-150.000000">
   <element name="body" layername="body" frame="0" z_index="18" m_a="1.000000" m_b="0.000000" m_c="0.000000" m_d="1.000000" m_tx="0.000000" m_ty="0.000000"/>
   <element name="deco" layername="deco3" frame="2" z_index="17" m_a="1.000000" m_b="0.000000" m_c="0.000000" m_d="1.000000" m_tx="0.000000" m_ty="0.000000"/>
   <element name="deco" layername="deco4" frame="3" z_index="16" m_a="1.000000" m_b="0.000000" m_c="0.000000" m_d="1.000000" m_tx="0.000000" m_ty="0.000000"/>
  </frame>
  <frame idx="250" w="550" h="715" x="0.000000" y="-150.000000">
   <element name="body" layername="body" frame="0" z_index="18" m_a="1.000000" m_b="0.000000" m_c="0.000000" m_d="1.000000" m_tx="0.000000" m_ty="0.000000"/>
   <element name="deco" layername="deco3" frame="2" z_index="17" m_a="1.000000" m_b="0.000000" m_c="0.000000" m_d="1.000000" m_tx="0.000000" m_ty="0.000000"/>
   <element name="deco" layername="deco4" frame="3" z_index="16" m_a="1.000000" m_b="0.000000" m_c="0.000000" m_d="1.000000" m_tx="0.000000" m_ty="0.000000"/>
  </frame>
  <frame idx="275" w="550" h="715" x="0.000000" y="-150.000000">
   <element name="body" layername="body" frame="0" z_index="18" m_a="1.000000" m_b="0.000000" m_c="0.000000" m_d="1.000000" m_tx="0.000000" m_ty="0.000000"/>
   <element name="deco" layername="deco3" frame="2" z_index="17" m_a="1.000000" m_b="0.000000" m_c="0.000000" m_d="1.000000" m_tx="0.000000" m_ty="0.000000"/>
   <element name="deco" layername="deco4" frame="3" z_index="16" m_a="1.000000" m_b="0.000000" m_c="0.000000" m_d="1.000000" m_tx="0.000000" m_ty="0.000000"/>
  </frame>
  <frame idx="300" w="550" h="715" x="0.000000" y="-150.000000">
   <element name="body" layername="body" frame="0" z_index="18" m_a="1.000000" m_b="0.000000" m_c="0.000000" m_d="1.000000" m_tx="0.000000" m_ty="0.000000"/>
   <element name="deco" layername="deco3" frame="2" z_index="17" m_a="1.000000" m_b="0.000000" m_c="0.000000" m_d="1.000000" m_tx="0.000000" m_ty="0.000000"/>
   <element name="deco" layername="deco4" frame="3" z_index="16" m_a="1.000000" m_b="0.000000" m_c="0.000000" m_d="1.000000" m_tx="0.000000" m_ty="0.000000"/>
  </frame>
  <frame idx="325" w="550" h="715" x="0.000000" y="-150.000000">
   <element name="body" layername="body" frame="0" z_index="18" m_a="1.000000" m_b="0.000000" m_c="0.000000" m_d="1.000000" m_tx="0.000000" m_ty="0.000000"/>
   <element name="deco" layername="deco3" frame="2" z_index="17" m_a="1.000000" m_b="0.000000" m_c="0.000000" m_d="1.000000" m_tx="0.000000" m_ty="0.000000"/>
   <element name="deco" layername="deco4" frame="3" z_index="16" m_a="1.000000" m_b="0.000000" m_c="0.000000" m_d="1.000000" m_tx="0.000000" m_ty="0.000000"/>
  </frame>
  <frame idx="350" w="550" h="715" x="0.000000" y="-150.000000">
   <element name="body" layername="body" frame="0" z_index="18" m_a="1.000000" m_b="0.000000" m_c="0.000000" m_d="1.000000" m_tx="0.000000" m_ty="0.000000"/>
   <element name="deco" layername="deco3" frame="2" z_index="17" m_a="1.000000" m_b="0.000000" m_c="0.000000" m_d="1.000000" m_tx="0.000000" m_ty="0.000000"/>
   <element name="deco" layername="deco4" frame="3" z_index="16" m_a="1.000000" m_b="0.000000" m_c="0.000000" m_d="1.000000" m_tx="0.000000" m_ty="0.000000"/>
  </frame>
  <frame idx="375" w="550" h="715" x="0.000000" y="-150.000000">
   <element name="body" layername="body" frame="0" z_index="18" m_a="1.000000" m_b="0.000000" m_c="0.000000" m_d="1.000000" m_tx="0.000000" m_ty="0.000000"/>
   <element name="deco" layername="deco3" frame="2" z_index="17" m_a="1.000000" m_b="0.000000" m_c="0.000000" m_d="1.000000" m_tx="0.000000" m_ty="0.000000"/>
   <element name="deco" layername="deco4" frame="3" z_index="16" m_a="1.000000" m_b="0.000000" m_c="0.000000" m_d="1.000000" m_tx="0.000000" m_ty="0.000000"/>
  </frame>
 </anim>
 <anim name="half" root="zxmushroomhouse1" numframes="400" framerate="40">
  <frame idx="0" w="550" h="715" x="0.000000" y="-150.000000">
   <element name="body" layername="body" frame="0" z_index="18" m_a="1.000000" m_b="0.000000" m_c="0.000000" m_d="1.000000" m_tx="0.000000" m_ty="0.000000"/>
   <element name="deco" layername="deco3" frame="2" z_index="17" m_a="1.000000" m_b="0.000000" m_c="0.000000" m_d="1.000000" m_tx="0.000000" m_ty="0.000000"/>
   <element name="deco" layername="deco4" frame="3" z_index="16" m_a="1.000000" m_b="0.000000" m_c="0.000000" m_d="1.000000" m_tx="0.000000" m_ty="0.000000"/>
   <element name="deco" layername="dec" frame="0" z_index="15" m_a="1.000000" m_b="0.000000" m_c="0.000000" m_d="1.000000" m_tx="0.000000" m_ty="0.000000"/>
  </frame>
  <frame idx="25" w="550" h="715" x="0.000000" y="-150.000000">
   <element name="body" layername="body" frame="0" z_index="18" m_a="1.000000" m_b="0.000000" m_c="0.000000" m_d="1.000000" m_tx="0.000000" m_ty="0.000000"/>
   <element name="deco" layername="deco3" frame="2" z_index="17" m_a="1.000000" m_b="0.000000" m_c="0.000000" m_d="1.000000" m_tx="0.000000" m_ty="0.000000"/>
   <element name="deco" layername="deco4" frame="3" z_index="16" m_a="1.000000" m_b="0.000000" m_c="0.000000" m_d="1.000000" m_tx="0.000000" m_ty="0.000000"/>
   <element name="deco" layername="dec" frame="0" z_index="15" m_a="1.000000" m_b="0.000000" m_c="0.000000" m_d="1.000000" m_tx="0.000000" m_ty="0.000000"/>
  </frame>
  <frame idx="50" w="550" h="715" x="0.000000" y="-150.000000">
   <element name="body" layername="body" frame="0" z_index="18" m_a="1.000000" m_b="0.000000" m_c="0.000000" m_d="1.000000" m_tx="0.000000" m_ty="0.000000"/>
   <element name="deco" layername="deco3" frame="2" z_index="17" m_a="1.000000" m_b="0.000000" m_c="0.000000" m_d="1.000000" m_tx="0.000000" m_ty="0.000000"/>
   <element name="deco" layername="deco4" frame="3" z_index="16" m_a="1.000000" m_b="0.000000" m_c="0.000000" m_d="1.000000" m_tx="0.000000" m_ty="0.000000"/>
   <element name="deco" layername="dec" frame="0" z_index="15" m_a="1.000000" m_b="0.000000" m_c="0.000000" m_d="1.000000" m_tx="0.000000" m_ty="0.000000"/>
  </frame>
  <frame idx="75" w="550" h="715" x="0.000000" y="-150.000000">
   <element name="body" layername="body" frame="0" z_index="18" m_a="1.000000" m_b="0.000000" m_c="0.000000" m_d="1.000000" m_tx="0.000000" m_ty="0.000000"/>
   <element name="deco" layername="deco3" frame="2" z_index="17" m_a="1.000000" m_b="0.000000" m_c="0.000000" m_d="1.000000" m_tx="0.000000" m_ty="0.000000"/>
   <element name="deco" layername="deco4" frame="3" z_index="16" m_a="1.000000" m_b="0.000000" m_c="0.000000" m_d="1.000000" m_tx="0.000000" m_ty="0.000000"/>
   <element name="deco" layername="dec" frame="0" z_index="15" m_a="1.000000" m_b="0.000000" m_c="0.000000" m_d="1.000000" m_tx="0.000000" m_ty="0.000000"/>
  </frame>
  <frame idx="100" w="550" h="715" x="0.000000" y="-150.000000">
   <element name="body" layername="body" frame="0" z_index="18" m_a="1.000000" m_b="0.000000" m_c="0.000000" m_d="1.000000" m_tx="0.000000" m_ty="0.000000"/>
   <element name="deco" layername="deco3" frame="2" z_index="17" m_a="1.000000" m_b="0.000000" m_c="0.000000" m_d="1.000000" m_tx="0.000000" m_ty="0.000000"/>
   <element name="deco" layername="deco4" frame="3" z_index="16" m_a="1.000000" m_b="0.000000" m_c="0.000000" m_d="1.000000" m_tx="0.000000" m_ty="0.000000"/>
   <element name="deco" layername="dec" frame="0" z_index="15" m_a="1.000000" m_b="0.000000" m_c="0.000000" m_d="1.000000" m_tx="0.000000" m_ty="0.000000"/>
  </frame>
  <frame idx="125" w="550" h="715" x="0.000000" y="-150.000000">
   <element name="body" layername="body" frame="0" z_index="18" m_a="1.000000" m_b="0.000000" m_c="0.000000" m_d="1.000000" m_tx="0.000000" m_ty="0.000000"/>
   <element name="deco" layername="deco3" frame="2" z_index="17" m_a="1.000000" m_b="0.000000" m_c="0.000000" m_d="1.000000" m_tx="0.000000" m_ty="0.000000"/>
   <element name="deco" layername="deco4" frame="3" z_index="16" m_a="1.000000" m_b="0.000000" m_c="0.000000" m_d="1.000000" m_tx="0.000000" m_ty="0.000000"/>
   <element name="deco" layername="dec" frame="0" z_index="15" m_a="1.000000" m_b="0.000000" m_c="0.000000" m_d="1.000000" m_tx="0.000000" m_ty="0.000000"/>
  </frame>
  <frame idx="150" w="550" h="715" x="0.000000" y="-150.000000">
   <element name="body" layername="body" frame="0" z_index="18" m_a="1.000000" m_b="0.000000" m_c="0.000000" m_d="1.000000" m_tx="0.000000" m_ty="0.000000"/>
   <element name="deco" layername="deco3" frame="2" z_index="17" m_a="1.000000" m_b="0.000000" m_c="0.000000" m_d="1.000000" m_tx="0.000000" m_ty="0.000000"/>
   <element name="deco" layername="deco4" frame="3" z_index="16" m_a="1.000000" m_b="0.000000" m_c="0.000000" m_d="1.000000" m_tx="0.000000" m_ty="0.000000"/>
   <element name="deco" layername="dec" frame="0" z_index="15" m_a="1.000000" m_b="0.000000" m_c="0.000000" m_d="1.000000" m_tx="0.000000" m_ty="0.000000"/>
  </frame>
  <frame idx="175" w="550" h="715" x="0.000000" y="-150.000000">
   <element name="body" layername="body" frame="0" z_index="18" m_a="1.000000" m_b="0.000000" m_c="0.000000" m_d="1.000000" m_tx="0.000000" m_ty="0.000000"/>
   <element name="deco" layername="deco3" frame="2" z_index="17" m_a="1.000000" m_b="0.000000" m_c="0.000000" m_d="1.000000" m_tx="0.000000" m_ty="0.000000"/>
   <element name="deco" layername="deco4" frame="3" z_index="16" m_a="1.000000" m_b="0.000000" m_c="0.000000" m_d="1.000000" m_tx="0.000000" m_ty="0.000000"/>
   <element name="deco" layername="dec" frame="0" z_index="15" m_a="1.000000" m_b="0.000000" m_c="0.000000" m_d="1.000000" m_tx="0.000000" m_ty="0.000000"/>
  </frame>
  <frame idx="200" w="550" h="715" x="0.000000" y="-150.000000">
   <element name="body" layername="body" frame="0" z_index="18" m_a="1.000000" m_b="0.000000" m_c="0.000000" m_d="1.000000" m_tx="0.000000" m_ty="0.000000"/>
   <element name="deco" layername="deco3" frame="2" z_index="17" m_a="1.000000" m_b="0.000000" m_c="0.000000" m_d="1.000000" m_tx="0.000000" m_ty="0.000000"/>
   <element name="deco" layername="deco4" frame="3" z_index="16" m_a="1.000000" m_b="0.000000" m_c="0.000000" m_d="1.000000" m_tx="0.000000" m_ty="0.000000"/>
   <element name="deco" layername="dec" frame="0" z_index="15" m_a="1.000000" m_b="0.000000" m_c="0.000000" m_d="1.000000" m_tx="0.000000" m_ty="0.000000"/>
  </frame>
  <frame idx="225" w="550" h="715" x="0.000000" y="-150.000000">
   <element name="body" layername="body" frame="0" z_index="18" m_a="1.000000" m_b="0.000000" m_c="0.000000" m_d="1.000000" m_tx="0.000000" m_ty="0.000000"/>
   <element name="deco" layername="deco3" frame="2" z_index="17" m_a="1.000000" m_b="0.000000" m_c="0.000000" m_d="1.000000" m_tx="0.000000" m_ty="0.000000"/>
   <element name="deco" layername="deco4" frame="3" z_index="16" m_a="1.000000" m_b="0.000000" m_c="0.000000" m_d="1.000000" m_tx="0.000000" m_ty="0.000000"/>
   <element name="deco" layername="dec" frame="0" z_index="15" m_a="1.000000" m_b="0.000000" m_c="0.000000" m_d="1.000000" m_tx="0.000000" m_ty="0.000000"/>
  </frame>
  <frame idx="250" w="550" h="715" x="0.000000" y="-150.000000">
   <element name="body" layername="body" frame="0" z_index="18" m_a="1.000000" m_b="0.000000" m_c="0.000000" m_d="1.000000" m_tx="0.000000" m_ty="0.000000"/>
   <element name="deco" layername="deco3" frame="2" z_index="17" m_a="1.000000" m_b="0.000000" m_c="0.000000" m_d="1.000000" m_tx="0.000000" m_ty="0.000000"/>
   <element name="deco" layername="deco4" frame="3" z_index="16" m_a="1.000000" m_b="0.000000" m_c="0.000000" m_d="1.000000" m_tx="0.000000" m_ty="0.000000"/>
   <element name="deco" layername="dec" frame="0" z_index="15" m_a="1.000000" m_b="0.000000" m_c="0.000000" m_d="1.000000" m_tx="0.000000" m_ty="0.000000"/>
  </frame>
  <frame idx="275" w="550" h="715" x="0.000000" y="-150.000000">
   <element name="body" layername="body" frame="0" z_index="18" m_a="1.000000" m_b="0.000000" m_c="0.000000" m_d="1.000000" m_tx="0.000000" m_ty="0.000000"/>
   <element name="deco" layername="deco3" frame="2" z_index="17" m_a="1.000000" m_b="0.000000" m_c="0.000000" m_d="1.000000" m_tx="0.000000" m_ty="0.000000"/>
   <element name="deco" layername="deco4" frame="3" z_index="16" m_a="1.000000" m_b="0.000000" m_c="0.000000" m_d="1.000000" m_tx="0.000000" m_ty="0.000000"/>
   <element name="deco" layername="dec" frame="0" z_index="15" m_a="1.000000" m_b="0.000000" m_c="0.000000" m_d="1.000000" m_tx="0.000000" m_ty="0.000000"/>
  </frame>
  <frame idx="300" w="550" h="715" x="0.000000" y="-150.000000">
   <element name="body" layername="body" frame="0" z_index="18" m_a="1.000000" m_b="0.000000" m_c="0.000000" m_d="1.000000" m_tx="0.000000" m_ty="0.000000"/>
   <element name="deco" layername="deco3" frame="2" z_index="17" m_a="1.000000" m_b="0.000000" m_c="0.000000" m_d="1.000000" m_tx="0.000000" m_ty="0.000000"/>
   <element name="deco" layername="deco4" frame="3" z_index="16" m_a="1.000000" m_b="0.000000" m_c="0.000000" m_d="1.000000" m_tx="0.000000" m_ty="0.000000"/>
   <element name="deco" layername="dec" frame="0" z_index="15" m_a="1.000000" m_b="0.000000" m_c="0.000000" m_d="1.000000" m_tx="0.000000" m_ty="0.000000"/>
  </frame>
  <frame idx="325" w="550" h="715" x="0.000000" y="-150.000000">
   <element name="body" layername="body" frame="0" z_index="18" m_a="1.000000" m_b="0.000000" m_c="0.000000" m_d="1.000000" m_tx="0.000000" m_ty="0.000000"/>
   <element name="deco" layername="deco3" frame="2" z_index="17" m_a="1.000000" m_b="0.000000" m_c="0.000000" m_d="1.000000" m_tx="0.000000" m_ty="0.000000"/>
   <element name="deco" layername="deco4" frame="3" z_index="16" m_a="1.000000" m_b="0.000000" m_c="0.000000" m_d="1.000000" m_tx="0.000000" m_ty="0.000000"/>
   <element name="deco" layername="dec" frame="0" z_index="15" m_a="1.000000" m_b="0.000000" m_c="0.000000" m_d="1.000000" m_tx="0.000000" m_ty="0.000000"/>
  </frame>
  <frame idx="350" w="550" h="715" x="0.000000" y="-150.000000">
   <element name="body" layername="body" frame="0" z_index="18" m_a="1.000000" m_b="0.000000" m_c="0.000000" m_d="1.000000" m_tx="0.000000" m_ty="0.000000"/>
   <element name="deco" layername="deco3" frame="2" z_index="17" m_a="1.000000" m_b="0.000000" m_c="0.000000" m_d="1.000000" m_tx="0.000000" m_ty="0.000000"/>
   <element name="deco" layername="deco4" frame="3" z_index="16" m_a="1.000000" m_b="0.000000" m_c="0.000000" m_d="1.000000" m_tx="0.000000" m_ty="0.000000"/>
   <element name="deco" layername="dec" frame="0" z_index="15" m_a="1.000000" m_b="0.000000" m_c="0.000000" m_d="1.000000" m_tx="0.000000" m_ty="0.000000"/>
  </frame>
  <frame idx="375" w="550" h="715" x="0.000000" y="-150.000000">
   <element name="body" layername="body" frame="0" z_index="18" m_a="1.000000" m_b="0.000000" m_c="0.000000" m_d="1.000000" m_tx="0.000000" m_ty="0.000000"/>
   <element name="deco" layername="deco3" frame="2" z_index="17" m_a="1.000000" m_b="0.000000" m_c="0.000000" m_d="1.000000" m_tx="0.000000" m_ty="0.000000"/>
   <element name="deco" layername="deco4" frame="3" z_index="16" m_a="1.000000" m_b="0.000000" m_c="0.000000" m_d="1.000000" m_tx="0.000000" m_ty="0.000000"/>
   <element name="deco" layername="dec" frame="0" z_index="15" m_a="1.000000" m_b="0.000000" m_c="0.000000" m_d="1.000000" m_tx="0.000000" m_ty="0.000000"/>
  </frame>
 </anim>
 <anim name="full" root="zxmushroomhouse1" numframes="400" framerate="40">
  <frame idx="0" w="550" h="715" x="0.000000" y="-150.000000">
   <element name="body" layername="body" frame="0" z_index="18" m_a="1.000000" m_b="0.000000" m_c="0.000000" m_d="1.000000" m_tx="0.000000" m_ty="0.000000"/>
   <element name="deco" layername="deco3" frame="2" z_index="17" m_a="1.000000" m_b="0.000000" m_c="0.000000" m_d="1.000000" m_tx="0.000000" m_ty="0.000000"/>
   <element name="deco" layername="deco4" frame="3" z_index="16" m_a="1.000000" m_b="0.000000" m_c="0.000000" m_d="1.000000" m_tx="0.000000" m_ty="0.000000"/>
   <element name="deco" layername="dec" frame="0" z_index="15" m_a="1.000000" m_b="0.000000" m_c="0.000000" m_d="1.000000" m_tx="0.000000" m_ty="0.000000"/>
   <element name="deco" layername="deco2" frame="1" z_index="14" m_a="1.000000" m_b="0.000000" m_c="0.000000" m_d="1.000000" m_tx="0.000000" m_ty="0.000000"/>
  </frame>
  <frame idx="25" w="550" h="715" x="0.000000" y="-150.000000">
   <element name="body" layername="body" frame="0" z_index="18" m_a="1.000000" m_b="0.000000" m_c="0.000000" m_d="1.000000" m_tx="0.000000" m_ty="0.000000"/>
   <element name="deco" layername="deco3" frame="2" z_index="17" m_a="1.000000" m_b="0.000000" m_c="0.000000" m_d="1.000000" m_tx="0.000000" m_ty="0.000000"/>
   <element name="deco" layername="deco4" frame="3" z_index="16" m_a="1.000000" m_b="0.000000" m_c="0.000000" m_d="1.000000" m_tx="0.000000" m_ty="0.000000"/>
   <element name="deco" layername="dec" frame="0" z_index="15" m_a="1.000000" m_b="0.000000" m_c="0.000000" m_d="1.000000" m_tx="0.000000" m_ty="0.000000"/>
   <element name="deco" layername="deco2" frame="1" z_index="14" m_a="1.000000" m_b="0.000000" m_c="0.000000" m_d="1.000000" m_tx="0.000000" m_ty="0.000000"/>
  </frame>
  <frame idx="50" w="550" h="715" x="0.000000" y="-150.000000">
   <element name="body" layername="body" frame="0" z_index="18" m_a="1.000000" m_b="0.000000" m_c="0.000000" m_d="1.000000" m_tx="0.000000" m_ty="0.000000"/>
   <element name="deco" layername="deco3" frame="2" z_index="17" m_a="1.000000" m_b="0.000000" m_c="0.000000" m_d="1.000000" m_tx="0.000000" m_ty="0.000000"/>
   <element name="deco" layername="deco4" frame="3" z_index="16" m_a="1.000000" m_b="0.000000" m_c="0.000000" m_d="1.000000" m_tx="0.000000" m_ty="0.000000"/>
   <element name="deco" layername="dec" frame="0" z_index="15" m_a="1.000000" m_b="0.000000" m_c="0.000000" m_d="1.000000" m_tx="0.000000" m_ty="0.000000"/>
   <element name="deco" layername="deco2" frame="1" z_index="14" m_a="1.000000" m_b="0.000000" m_c="0.000000" m_d="1.000000" m_tx="0.000000" m_ty="0.000000"/>
  </frame>
  <frame idx="75" w="550" h="715" x="0.000000" y="-150.000000">
   <element name="body" layername="body" frame="0" z_index="18" m_a="1.000000" m_b="0.000000" m_c="0.000000" m_d="1.000000" m_tx="0.000000" m_ty="0.000000"/>
   <element name="deco" layername="deco3" frame="2" z_index="17" m_a="1.000000" m_b="0.000000" m_c="0.000000" m_d="1.000000" m_tx="0.000000" m_ty="0.000000"/>
   <element name="deco" layername="deco4" frame="3" z_index="16" m_a="1.000000" m_b="0.000000" m_c="0.000000" m_d="1.000000" m_tx="0.000000" m_ty="0.000000"/>
   <element name="deco" layername="dec" frame="0" z_index="15" m_a="1.000000" m_b="0.000000" m_c="0.000000" m_d="1.000000" m_tx="0.000000" m_ty="0.000000"/>
   <element name="deco" layername="deco2" frame="1" z_index="14" m_a="1.000000" m_b="0.000000" m_c="0.000000" m_d="1.000000" m_tx="0.000000" m_ty="0.000000"/>
  </frame>
  <frame idx="100" w="550" h="715" x="0.000000" y="-150.000000">
   <element name="body" layername="body" frame="0" z_index="18" m_a="1.000000" m_b="0.000000" m_c="0.000000" m_d="1.000000" m_tx="0.000000" m_ty="0.000000"/>
   <element name="deco" layername="deco3" frame="2" z_index="17" m_a="1.000000" m_b="0.000000" m_c="0.000000" m_d="1.000000" m_tx="0.000000" m_ty="0.000000"/>
   <element name="deco" layername="deco4" frame="3" z_index="16" m_a="1.000000" m_b="0.000000" m_c="0.000000" m_d="1.000000" m_tx="0.000000" m_ty="0.000000"/>
   <element name="deco" layername="dec" frame="0" z_index="15" m_a="1.000000" m_b="0.000000" m_c="0.000000" m_d="1.000000" m_tx="0.000000" m_ty="0.000000"/>
   <element name="deco" layername="deco2" frame="1" z_index="14" m_a="1.000000" m_b="0.000000" m_c="0.000000" m_d="1.000000" m_tx="0.000000" m_ty="0.000000"/>
  </frame>
  <frame idx="125" w="550" h="715" x="0.000000" y="-150.000000">
   <element name="body" layername="body" frame="0" z_index="18" m_a="1.000000" m_b="0.000000" m_c="0.000000" m_d="1.000000" m_tx="0.000000" m_ty="0.000000"/>
   <element name="deco" layername="deco3" frame="2" z_index="17" m_a="1.000000" m_b="0.000000" m_c="0.000000" m_d="1.000000" m_tx="0.000000" m_ty="0.000000"/>
   <element name="deco" layername="deco4" frame="3" z_index="16" m_a="1.000000" m_b="0.000000" m_c="0.000000" m_d="1.000000" m_tx="0.000000" m_ty="0.000000"/>
   <element name="deco" layername="dec" frame="0" z_index="15" m_a="1.000000" m_b="0.000000" m_c="0.000000" m_d="1.000000" m_tx="0.000000" m_ty="0.000000"/>
   <element name="deco" layername="deco2" frame="1" z_index="14" m_a="1.000000" m_b="0.000000" m_c="0.000000" m_d="1.000000" m_tx="0.000000" m_ty="0.000000"/>
  </frame>
  <frame idx="150" w="550" h="715" x="0.000000" y="-150.000000">
   <element name="body" layername="body" frame="0" z_index="18" m_a="1.000000" m_b="0.000000" m_c="0.000000" m_d="1.000000" m_tx="0.000000" m_ty="0.000000"/>
   <element name="deco" layername="deco3" frame="2" z_index="17" m_a="1.000000" m_b="0.000000" m_c="0.000000" m_d="1.000000" m_tx="0.000000" m_ty="0.000000"/>
   <element name="deco" layername="deco4" frame="3" z_index="16" m_a="1.000000" m_b="0.000000" m_c="0.000000" m_d="1.000000" m_tx="0.000000" m_ty="0.000000"/>
   <element name="deco" layername="dec" frame="0" z_index="15" m_a="1.000000" m_b="0.000000" m_c="0.000000" m_d="1.000000" m_tx="0.000000" m_ty="0.000000"/>
   <element name="deco" layername="deco2" frame="1" z_index="14" m_a="1.000000" m_b="0.000000" m_c="0.000000" m_d="1.000000" m_tx="0.000000" m_ty="0.000000"/>
  </frame>
  <frame idx="175" w="550" h="715" x="0.000000" y="-150.000000">
   <element name="body" layername="body" frame="0" z_index="18" m_a="1.000000" m_b="0.000000" m_c="0.000000" m_d="1.000000" m_tx="0.000000" m_ty="0.000000"/>
   <element name="deco" layername="deco3" frame="2" z_index="17" m_a="1.000000" m_b="0.000000" m_c="0.000000" m_d="1.000000" m_tx="0.000000" m_ty="0.000000"/>
   <element name="deco" layername="deco4" frame="3" z_index="16" m_a="1.000000" m_b="0.000000" m_c="0.000000" m_d="1.000000" m_tx="0.000000" m_ty="0.000000"/>
   <element name="deco" layername="dec" frame="0" z_index="15" m_a="1.000000" m_b="0.000000" m_c="0.000000" m_d="1.000000" m_tx="0.000000" m_ty="0.000000"/>
   <element name="deco" layername="deco2" frame="1" z_index="14" m_a="1.000000" m_b="0.000000" m_c="0.000000" m_d="1.000000" m_tx="0.000000" m_ty="0.000000"/>
  </frame>
  <frame idx="200" w="550" h="715" x="0.000000" y="-150.000000">
   <element name="body" layername="body" frame="0" z_index="18" m_a="1.000000" m_b="0.000000" m_c="0.000000" m_d="1.000000" m_tx="0.000000" m_ty="0.000000"/>
   <element name="deco" layername="deco3" frame="2" z_index="17" m_a="1.000000" m_b="0.000000" m_c="0.000000" m_d="1.000000" m_tx="0.000000" m_ty="0.000000"/>
   <element name="deco" layername="deco4" frame="3" z_index="16" m_a="1.000000" m_b="0.000000" m_c="0.000000" m_d="1.000000" m_tx="0.000000" m_ty="0.000000"/>
   <element name="deco" layername="dec" frame="0" z_index="15" m_a="1.000000" m_b="0.000000" m_c="0.000000" m_d="1.000000" m_tx="0.000000" m_ty="0.000000"/>
   <element name="deco" layername="deco2" frame="1" z_index="14" m_a="1.000000" m_b="0.000000" m_c="0.000000" m_d="1.000000" m_tx="0.000000" m_ty="0.000000"/>
  </frame>
  <frame idx="225" w="550" h="715" x="0.000000" y="-150.000000">
   <element name="body" layername="body" frame="0" z_index="18" m_a="1.000000" m_b="0.000000" m_c="0.000000" m_d="1.000000" m_tx="0.000000" m_ty="0.000000"/>
   <element name="deco" layername="deco3" frame="2" z_index="17" m_a="1.000000" m_b="0.000000" m_c="0.000000" m_d="1.000000" m_tx="0.000000" m_ty="0.000000"/>
   <element name="deco" layername="deco4" frame="3" z_index="16" m_a="1.000000" m_b="0.000000" m_c="0.000000" m_d="1.000000" m_tx="0.000000" m_ty="0.000000"/>
   <element name="deco" layername="dec" frame="0" z_index="15" m_a="1.000000" m_b="0.000000" m_c="0.000000" m_d="1.000000" m_tx="0.000000" m_ty="0.000000"/>
   <element name="deco" layername="deco2" frame="1" z_index="14" m_a="1.000000" m_b="0.000000" m_c="0.000000" m_d="1.000000" m_tx="0.000000" m_ty="0.000000"/>
  </frame>
  <frame idx="250" w="550" h="715" x="0.000000" y="-150.000000">
   <element name="body" layername="body" frame="0" z_index="18" m_a="1.000000" m_b="0.000000" m_c="0.000000" m_d="1.000000" m_tx="0.000000" m_ty="0.000000"/>
   <element name="deco" layername="deco3" frame="2" z_index="17" m_a="1.000000" m_b="0.000000" m_c="0.000000" m_d="1.000000" m_tx="0.000000" m_ty="0.000000"/>
   <element name="deco" layername="deco4" frame="3" z_index="16" m_a="1.000000" m_b="0.000000" m_c="0.000000" m_d="1.000000" m_tx="0.000000" m_ty="0.000000"/>
   <element name="deco" layername="dec" frame="0" z_index="15" m_a="1.000000" m_b="0.000000" m_c="0.000000" m_d="1.000000" m_tx="0.000000" m_ty="0.000000"/>
   <element name="deco" layername="deco2" frame="1" z_index="14" m_a="1.000000" m_b="0.000000" m_c="0.000000" m_d="1.000000" m_tx="0.000000" m_ty="0.000000"/>
  </frame>
  <frame idx="275" w="550" h="715" x="0.000000" y="-150.000000">
   <element name="body" layername="body" frame="0" z_index="18" m_a="1.000000" m_b="0.000000" m_c="0.000000" m_d="1.000000" m_tx="0.000000" m_ty="0.000000"/>
   <element name="deco" layername="deco3" frame="2" z_index="17" m_a="1.000000" m_b="0.000000" m_c="0.000000" m_d="1.000000" m_tx="0.000000" m_ty="0.000000"/>
   <element name="deco" layername="deco4" frame="3" z_index="16" m_a="1.000000" m_b="0.000000" m_c="0.000000" m_d="1.000000" m_tx="0.000000" m_ty="0.000000"/>
   <element name="deco" layername="dec" frame="0" z_index="15" m_a="1.000000" m_b="0.000000" m_c="0.000000" m_d="1.000000" m_tx="0.000000" m_ty="0.000000"/>
   <element name="deco" layername="deco2" frame="1" z_index="14" m_a="1.000000" m_b="0.000000" m_c="0.000000" m_d="1.000000" m_tx="0.000000" m_ty="0.000000"/>
  </frame>
  <frame idx="300" w="550" h="715" x="0.000000" y="-150.000000">
   <element name="body" layername="body" frame="0" z_index="18" m_a="1.000000" m_b="0.000000" m_c="0.000000" m_d="1.000000" m_tx="0.000000" m_ty="0.000000"/>
   <element name="deco" layername="deco3" frame="2" z_index="17" m_a="1.000000" m_b="0.000000" m_c="0.000000" m_d="1.000000" m_tx="0.000000" m_ty="0.000000"/>
   <element name="deco" layername="deco4" frame="3" z_index="16" m_a="1.000000" m_b="0.000000" m_c="0.000000" m_d="1.000000" m_tx="0.000000" m_ty="0.000000"/>
   <element name="deco" layername="dec" frame="0" z_index="15" m_a="1.000000" m_b="0.000000" m_c="0.000000" m_d="1.000000" m_tx="0.000000" m_ty="0.000000"/>
   <element name="deco" layername="deco2" frame="1" z_index="14" m_a="1.000000" m_b="0.000000" m_c="0.000000" m_d="1.000000" m_tx="0.000000" m_ty="0.000000"/>
  </frame>
  <frame idx="325" w="550" h="715" x="0.000000" y="-150.000000">
   <element name="body" layername="body" frame="0" z_index="18" m_a="1.000000" m_b="0.000000" m_c="0.000000" m_d="1.000000" m_tx="0.000000" m_ty="0.000000"/>
   <element name="deco" layername="deco3" frame="2" z_index="17" m_a="1.000000" m_b="0.000000" m_c="0.000000" m_d="1.000000" m_tx="0.000000" m_ty="0.000000"/>
   <element name="deco" layername="deco4" frame="3" z_index="16" m_a="1.000000" m_b="0.000000" m_c="0.000000" m_d="1.000000" m_tx="0.000000" m_ty="0.000000"/>
   <element name="deco" layername="dec" frame="0" z_index="15" m_a="1.000000" m_b="0.000000" m_c="0.000000" m_d="1.000000" m_tx="0.000000" m_ty="0.000000"/>
   <element name="deco" layername="deco2" frame="1" z_index="14" m_a="1.000000" m_b="0.000000" m_c="0.000000" m_d="1.000000" m_tx="0.000000" m_ty="0.000000"/>
  </frame>
  <frame idx="350" w="550" h="715" x="0.000000" y="-150.000000">
   <element name="body" layername="body" frame="0" z_index="18" m_a="1.000000" m_b="0.000000" m_c="0.000000" m_d="1.000000" m_tx="0.000000" m_ty="0.000000"/>
   <element name="deco" layername="deco3" frame="2" z_index="17" m_a="1.000000" m_b="0.000000" m_c="0.000000" m_d="1.000000" m_tx="0.000000" m_ty="0.000000"/>
   <element name="deco" layername="deco4" frame="3" z_index="16" m_a="1.000000" m_b="0.000000" m_c="0.000000" m_d="1.000000" m_tx="0.000000" m_ty="0.000000"/>
   <element name="deco" layername="dec" frame="0" z_index="15" m_a="1.000000" m_b="0.000000" m_c="0.000000" m_d="1.000000" m_tx="0.000000" m_ty="0.000000"/>
   <element name="deco" layername="deco2" frame="1" z_index="14" m_a="1.000000" m_b="0.000000" m_c="0.000000" m_d="1.000000" m_tx="0.000000" m_ty="0.000000"/>
  </frame>
  <frame idx="375" w="550" h="715" x="0.000000" y="-150.000000">
   <element name="body" layername="body" frame="0" z_index="18" m_a="1.000000" m_b="0.000000" m_c="0.000000" m_d="1.000000" m_tx="0.000000" m_ty="0.000000"/>
   <element name="deco" layername="deco3" frame="2" z_index="17" m_a="1.000000" m_b="0.000000" m_c="0.000000" m_d="1.000000" m_tx="0.000000" m_ty="0.000000"/>
   <element name="deco" layername="deco4" frame="3" z_index="16" m_a="1.000000" m_b="0.000000" m_c="0.000000" m_d="1.000000" m_tx="0.000000" m_ty="0.000000"/>
   <element name="deco" layername="dec" frame="0" z_index="15" m_a="1.000000" m_b="0.000000" m_c="0.000000" m_d="1.000000" m_tx="0.000000" m_ty="0.000000"/>
   <element name="deco" layername="deco2" frame="1" z_index="14" m_a="1.000000" m_b="0.000000" m_c="0.000000" m_d="1.000000" m_tx="0.000000" m_ty="0.000000"/>
  </frame>
 </anim>
</Anims>
