<Anims>
 <anim name="idle" root="zxgoatfarm" numframes="3000" framerate="40">
  <frame idx="0" w="664" h="1188" x="80.354858" y="-326.615479">
   <element name="house" layername="0" frame="0" z_index="6" m_a="1.000000" m_b="0.000000" m_c="0.000000" m_d="1.000000" m_tx="0.000000" m_ty="0.000000"/>
   <element name="house" layername="1" frame="1" z_index="5" m_a="0.866025" m_b="-0.500000" m_c="0.500000" m_d="0.866025" m_tx="-49.000000" m_ty="-261.000000"/>
  </frame>
  <frame idx="25" w="663" h="1176" x="78.705841" y="-322.817902">
   <element name="house" layername="0" frame="0" z_index="6" m_a="1.000000" m_b="0.000000" m_c="0.000000" m_d="1.000000" m_tx="0.000000" m_ty="0.000000"/>
   <element name="house" layername="1" frame="1" z_index="5" m_a="0.874620" m_b="-0.484810" m_c="0.484810" m_d="0.874620" m_tx="-49.000000" m_ty="-261.000000"/>
  </frame>
  <frame idx="50" w="660" h="1163" x="76.953308" y="-318.983398">
   <element name="house" layername="0" frame="0" z_index="6" m_a="1.000000" m_b="0.000000" m_c="0.000000" m_d="1.000000" m_tx="0.000000" m_ty="0.000000"/>
   <element name="house" layername="1" frame="1" z_index="5" m_a="0.882948" m_b="-0.469472" m_c="0.469472" m_d="0.882948" m_tx="-49.000000" m_ty="-261.000000"/>
  </frame>
  <frame idx="75" w="658" h="1151" x="75.097778" y="-315.113129">
   <element name="house" layername="0" frame="0" z_index="6" m_a="1.000000" m_b="0.000000" m_c="0.000000" m_d="1.000000" m_tx="0.000000" m_ty="0.000000"/>
   <element name="house" layername="1" frame="1" z_index="5" m_a="0.891007" m_b="-0.453991" m_c="0.453991" m_d="0.891007" m_tx="-49.000000" m_ty="-261.000000"/>
  </frame>
  <frame idx="100" w="656" h="1138" x="73.139832" y="-311.208282">
   <element name="house" layername="0" frame="0" z_index="6" m_a="1.000000" m_b="0.000000" m_c="0.000000" m_d="1.000000" m_tx="0.000000" m_ty="0.000000"/>
   <element name="house" layername="1" frame="1" z_index="5" m_a="0.898794" m_b="-0.438371" m_c="0.438371" m_d="0.898794" m_tx="-49.000000" m_ty="-261.000000"/>
  </frame>
  <frame idx="125" w="654" h="1125" x="71.080017" y="-307.270050">
   <element name="house" layername="0" frame="0" z_index="6" m_a="1.000000" m_b="0.000000" m_c="0.000000" m_d="1.000000" m_tx="0.000000" m_ty="0.000000"/>
   <element name="house" layername="1" frame="1" z_index="5" m_a="0.906308" m_b="-0.422618" m_c="0.422618" m_d="0.906308" m_tx="-49.000000" m_ty="-261.000000"/>
  </frame>
  <frame idx="150" w="652" h="1111" x="68.919006" y="-303.299652">
   <element name="house" layername="0" frame="0" z_index="6" m_a="1.000000" m_b="0.000000" m_c="0.000000" m_d="1.000000" m_tx="0.000000" m_ty="0.000000"/>
   <element name="house" layername="1" frame="1" z_index="5" m_a="0.913545" m_b="-0.406737" m_c="0.406737" m_d="0.913545" m_tx="-49.000000" m_ty="-261.000000"/>
  </frame>
  <frame idx="175" w="648" h="1098" x="66.657532" y="-299.298279">
   <element name="house" layername="0" frame="0" z_index="6" m_a="1.000000" m_b="0.000000" m_c="0.000000" m_d="1.000000" m_tx="0.000000" m_ty="0.000000"/>
   <element name="house" layername="1" frame="1" z_index="5" m_a="0.920505" m_b="-0.390731" m_c="0.390731" m_d="0.920505" m_tx="-49.000000" m_ty="-261.000000"/>
  </frame>
  <frame idx="200" w="646" h="1085" x="64.296112" y="-295.267151">
   <element name="house" layername="0" frame="0" z_index="6" m_a="1.000000" m_b="0.000000" m_c="0.000000" m_d="1.000000" m_tx="0.000000" m_ty="0.000000"/>
   <element name="house" layername="1" frame="1" z_index="5" m_a="0.927184" m_b="-0.374607" m_c="0.374607" m_d="0.927184" m_tx="-49.000000" m_ty="-261.000000"/>
  </frame>
  <frame idx="225" w="644" h="1072" x="61.835602" y="-291.207489">
   <element name="house" layername="0" frame="0" z_index="6" m_a="1.000000" m_b="0.000000" m_c="0.000000" m_d="1.000000" m_tx="0.000000" m_ty="0.000000"/>
   <element name="house" layername="1" frame="1" z_index="5" m_a="0.933580" m_b="-0.358368" m_c="0.358368" m_d="0.933580" m_tx="-49.000000" m_ty="-261.000000"/>
  </frame>
  <frame idx="250" w="641" h="1059" x="59.276703" y="-287.120544">
   <element name="house" layername="0" frame="0" z_index="6" m_a="1.000000" m_b="0.000000" m_c="0.000000" m_d="1.000000" m_tx="0.000000" m_ty="0.000000"/>
   <element name="house" layername="1" frame="1" z_index="5" m_a="0.939693" m_b="-0.342020" m_c="0.342020" m_d="0.939693" m_tx="-49.000000" m_ty="-261.000000"/>
  </frame>
  <frame idx="275" w="637" h="1045" x="56.620178" y="-283.007538">
   <element name="house" layername="0" frame="0" z_index="6" m_a="1.000000" m_b="0.000000" m_c="0.000000" m_d="1.000000" m_tx="0.000000" m_ty="0.000000"/>
   <element name="house" layername="1" frame="1" z_index="5" m_a="0.945519" m_b="-0.325568" m_c="0.325568" m_d="0.945519" m_tx="-49.000000" m_ty="-261.000000"/>
  </frame>
  <frame idx="300" w="635" h="1031" x="53.866882" y="-278.869751">
   <element name="house" layername="0" frame="0" z_index="6" m_a="1.000000" m_b="0.000000" m_c="0.000000" m_d="1.000000" m_tx="0.000000" m_ty="0.000000"/>
   <element name="house" layername="1" frame="1" z_index="5" m_a="0.951057" m_b="-0.309017" m_c="0.309017" m_d="0.951057" m_tx="-49.000000" m_ty="-261.000000"/>
  </frame>
  <frame idx="325" w="632" h="1018" x="51.017639" y="-274.708435">
   <element name="house" layername="0" frame="0" z_index="6" m_a="1.000000" m_b="0.000000" m_c="0.000000" m_d="1.000000" m_tx="0.000000" m_ty="0.000000"/>
   <element name="house" layername="1" frame="1" z_index="5" m_a="0.956305" m_b="-0.292372" m_c="0.292372" m_d="0.956305" m_tx="-49.000000" m_ty="-261.000000"/>
  </frame>
  <frame idx="350" w="629" h="1004" x="48.073273" y="-270.524841">
   <element name="house" layername="0" frame="0" z_index="6" m_a="1.000000" m_b="0.000000" m_c="0.000000" m_d="1.000000" m_tx="0.000000" m_ty="0.000000"/>
   <element name="house" layername="1" frame="1" z_index="5" m_a="0.961262" m_b="-0.275637" m_c="0.275637" m_d="0.961262" m_tx="-49.000000" m_ty="-261.000000"/>
  </frame>
  <frame idx="375" w="625" h="989" x="45.034729" y="-266.320251">
   <element name="house" layername="0" frame="0" z_index="6" m_a="1.000000" m_b="0.000000" m_c="0.000000" m_d="1.000000" m_tx="0.000000" m_ty="0.000000"/>
   <element name="house" layername="1" frame="1" z_index="5" m_a="0.965926" m_b="-0.258819" m_c="0.258819" m_d="0.965926" m_tx="-49.000000" m_ty="-261.000000"/>
  </frame>
  <frame idx="400" w="622" h="976" x="41.902924" y="-262.095978">
   <element name="house" layername="0" frame="0" z_index="6" m_a="1.000000" m_b="0.000000" m_c="0.000000" m_d="1.000000" m_tx="0.000000" m_ty="0.000000"/>
   <element name="house" layername="1" frame="1" z_index="5" m_a="0.970296" m_b="-0.241922" m_c="0.241922" m_d="0.970296" m_tx="-49.000000" m_ty="-261.000000"/>
  </frame>
  <frame idx="425" w="618" h="962" x="38.678772" y="-257.853271">
   <element name="house" layername="0" frame="0" z_index="6" m_a="1.000000" m_b="0.000000" m_c="0.000000" m_d="1.000000" m_tx="0.000000" m_ty="0.000000"/>
   <element name="house" layername="1" frame="1" z_index="5" m_a="0.974370" m_b="-0.224951" m_c="0.224951" m_d="0.974370" m_tx="-49.000000" m_ty="-261.000000"/>
  </frame>
  <frame idx="450" w="614" h="948" x="35.363342" y="-253.593414">
   <element name="house" layername="0" frame="0" z_index="6" m_a="1.000000" m_b="0.000000" m_c="0.000000" m_d="1.000000" m_tx="0.000000" m_ty="0.000000"/>
   <element name="house" layername="1" frame="1" z_index="5" m_a="0.978148" m_b="-0.207912" m_c="0.207912" m_d="0.978148" m_tx="-49.000000" m_ty="-261.000000"/>
  </frame>
  <frame idx="475" w="611" h="933" x="31.957550" y="-249.317749">
   <element name="house" layername="0" frame="0" z_index="6" m_a="1.000000" m_b="0.000000" m_c="0.000000" m_d="1.000000" m_tx="0.000000" m_ty="0.000000"/>
   <element name="house" layername="1" frame="1" z_index="5" m_a="0.981627" m_b="-0.190809" m_c="0.190809" m_d="0.981627" m_tx="-49.000000" m_ty="-261.000000"/>
  </frame>
  <frame idx="500" w="607" h="920" x="28.462494" y="-245.027527">
   <element name="house" layername="0" frame="0" z_index="6" m_a="1.000000" m_b="0.000000" m_c="0.000000" m_d="1.000000" m_tx="0.000000" m_ty="0.000000"/>
   <element name="house" layername="1" frame="1" z_index="5" m_a="0.984808" m_b="-0.173648" m_c="0.173648" m_d="0.984808" m_tx="-49.000000" m_ty="-261.000000"/>
  </frame>
  <frame idx="525" w="603" h="906" x="24.879211" y="-240.724121">
   <element name="house" layername="0" frame="0" z_index="6" m_a="1.000000" m_b="0.000000" m_c="0.000000" m_d="1.000000" m_tx="0.000000" m_ty="0.000000"/>
   <element name="house" layername="1" frame="1" z_index="5" m_a="0.987688" m_b="-0.156434" m_c="0.156434" m_d="0.987688" m_tx="-49.000000" m_ty="-261.000000"/>
  </frame>
  <frame idx="550" w="599" h="891" x="21.208801" y="-236.408783">
   <element name="house" layername="0" frame="0" z_index="6" m_a="1.000000" m_b="0.000000" m_c="0.000000" m_d="1.000000" m_tx="0.000000" m_ty="0.000000"/>
   <element name="house" layername="1" frame="1" z_index="5" m_a="0.990268" m_b="-0.139173" m_c="0.139173" m_d="0.990268" m_tx="-49.000000" m_ty="-261.000000"/>
  </frame>
  <frame idx="575" w="594" h="877" x="17.452393" y="-232.082825">
   <element name="house" layername="0" frame="0" z_index="6" m_a="1.000000" m_b="0.000000" m_c="0.000000" m_d="1.000000" m_tx="0.000000" m_ty="0.000000"/>
   <element name="house" layername="1" frame="1" z_index="5" m_a="0.992546" m_b="-0.121869" m_c="0.121869" m_d="0.992546" m_tx="-49.000000" m_ty="-261.000000"/>
  </frame>
  <frame idx="600" w="590" h="863" x="13.611084" y="-227.747589">
   <element name="house" layername="0" frame="0" z_index="6" m_a="1.000000" m_b="0.000000" m_c="0.000000" m_d="1.000000" m_tx="0.000000" m_ty="0.000000"/>
   <element name="house" layername="1" frame="1" z_index="5" m_a="0.994522" m_b="-0.104528" m_c="0.104528" m_d="0.994522" m_tx="-49.000000" m_ty="-261.000000"/>
  </frame>
  <frame idx="625" w="586" h="849" x="9.686127" y="-223.404449">
   <element name="house" layername="0" frame="0" z_index="6" m_a="1.000000" m_b="0.000000" m_c="0.000000" m_d="1.000000" m_tx="0.000000" m_ty="0.000000"/>
   <element name="house" layername="1" frame="1" z_index="5" m_a="0.996195" m_b="-0.087156" m_c="0.087156" m_d="0.996195" m_tx="-49.000000" m_ty="-261.000000"/>
  </frame>
  <frame idx="650" w="581" h="834" x="5.678650" y="-219.054596">
   <element name="house" layername="0" frame="0" z_index="6" m_a="1.000000" m_b="0.000000" m_c="0.000000" m_d="1.000000" m_tx="0.000000" m_ty="0.000000"/>
   <element name="house" layername="1" frame="1" z_index="5" m_a="0.997564" m_b="-0.069756" m_c="0.069756" m_d="0.997564" m_tx="-49.000000" m_ty="-261.000000"/>
  </frame>
  <frame idx="675" w="577" h="820" x="1.589874" y="-214.699493">
   <element name="house" layername="0" frame="0" z_index="6" m_a="1.000000" m_b="0.000000" m_c="0.000000" m_d="1.000000" m_tx="0.000000" m_ty="0.000000"/>
   <element name="house" layername="1" frame="1" z_index="5" m_a="0.998630" m_b="-0.052336" m_c="0.052336" m_d="0.998630" m_tx="-49.000000" m_ty="-261.000000"/>
  </frame>
  <frame idx="700" w="572" h="806" x="-2.578888" y="-210.340363">
   <element name="house" layername="0" frame="0" z_index="6" m_a="1.000000" m_b="0.000000" m_c="0.000000" m_d="1.000000" m_tx="0.000000" m_ty="0.000000"/>
   <element name="house" layername="1" frame="1" z_index="5" m_a="0.999391" m_b="-0.034899" m_c="0.034899" m_d="0.999391" m_tx="-49.000000" m_ty="-261.000000"/>
  </frame>
  <frame idx="725" w="569" h="790" x="-5.575745" y="-205.978592">
   <element name="house" layername="0" frame="0" z_index="6" m_a="1.000000" m_b="0.000000" m_c="0.000000" m_d="1.000000" m_tx="0.000000" m_ty="0.000000"/>
   <element name="house" layername="1" frame="1" z_index="5" m_a="0.999848" m_b="-0.017452" m_c="0.017452" m_d="0.999848" m_tx="-49.000000" m_ty="-261.000000"/>
  </frame>
  <frame idx="750" w="569" h="776" x="-5.575745" y="-201.615494">
   <element name="house" layername="0" frame="0" z_index="6" m_a="1.000000" m_b="0.000000" m_c="0.000000" m_d="1.000000" m_tx="0.000000" m_ty="0.000000"/>
   <element name="house" layername="1" frame="1" z_index="5" m_a="1.000000" m_b="0.000000" m_c="0.000000" m_d="1.000000" m_tx="-49.000000" m_ty="-261.000000"/>
  </frame>
  <frame idx="775" w="583" h="779" x="-9.938843" y="-198.905960">
   <element name="house" layername="0" frame="0" z_index="6" m_a="1.000000" m_b="0.000000" m_c="0.000000" m_d="1.000000" m_tx="0.000000" m_ty="0.000000"/>
   <element name="house" layername="1" frame="1" z_index="5" m_a="0.999848" m_b="0.017452" m_c="-0.017452" m_d="0.999848" m_tx="-49.000000" m_ty="-261.000000"/>
  </frame>
  <frame idx="800" w="598" h="784" x="-14.300629" y="-194.658417">
   <element name="house" layername="0" frame="0" z_index="6" m_a="1.000000" m_b="0.000000" m_c="0.000000" m_d="1.000000" m_tx="0.000000" m_ty="0.000000"/>
   <element name="house" layername="1" frame="1" z_index="5" m_a="0.999391" m_b="0.034899" m_c="-0.034899" m_d="0.999391" m_tx="-49.000000" m_ty="-261.000000"/>
  </frame>
  <frame idx="825" w="612" h="788" x="-18.659729" y="-190.489624">
   <element name="house" layername="0" frame="0" z_index="6" m_a="1.000000" m_b="0.000000" m_c="0.000000" m_d="1.000000" m_tx="0.000000" m_ty="0.000000"/>
   <element name="house" layername="1" frame="1" z_index="5" m_a="0.998630" m_b="0.052336" m_c="-0.052336" m_d="0.998630" m_tx="-49.000000" m_ty="-261.000000"/>
  </frame>
  <frame idx="850" w="627" h="794" x="-23.014862" y="-186.400848">
   <element name="house" layername="0" frame="0" z_index="6" m_a="1.000000" m_b="0.000000" m_c="0.000000" m_d="1.000000" m_tx="0.000000" m_ty="0.000000"/>
   <element name="house" layername="1" frame="1" z_index="5" m_a="0.997564" m_b="0.069756" m_c="-0.069756" m_d="0.997564" m_tx="-49.000000" m_ty="-261.000000"/>
  </frame>
  <frame idx="875" w="642" h="798" x="-27.364685" y="-182.393372">
   <element name="house" layername="0" frame="0" z_index="6" m_a="1.000000" m_b="0.000000" m_c="0.000000" m_d="1.000000" m_tx="0.000000" m_ty="0.000000"/>
   <element name="house" layername="1" frame="1" z_index="5" m_a="0.996195" m_b="0.087156" m_c="-0.087156" m_d="0.996195" m_tx="-49.000000" m_ty="-261.000000"/>
  </frame>
  <frame idx="900" w="656" h="801" x="-31.707855" y="-178.468414">
   <element name="house" layername="0" frame="0" z_index="6" m_a="1.000000" m_b="0.000000" m_c="0.000000" m_d="1.000000" m_tx="0.000000" m_ty="0.000000"/>
   <element name="house" layername="1" frame="1" z_index="5" m_a="0.994522" m_b="0.104528" m_c="-0.104528" m_d="0.994522" m_tx="-49.000000" m_ty="-261.000000"/>
  </frame>
  <frame idx="925" w="670" h="806" x="-36.043060" y="-174.627106">
   <element name="house" layername="0" frame="0" z_index="6" m_a="1.000000" m_b="0.000000" m_c="0.000000" m_d="1.000000" m_tx="0.000000" m_ty="0.000000"/>
   <element name="house" layername="1" frame="1" z_index="5" m_a="0.992546" m_b="0.121869" m_c="-0.121869" m_d="0.992546" m_tx="-49.000000" m_ty="-261.000000"/>
  </frame>
  <frame idx="950" w="685" h="810" x="-40.369019" y="-170.870697">
   <element name="house" layername="0" frame="0" z_index="6" m_a="1.000000" m_b="0.000000" m_c="0.000000" m_d="1.000000" m_tx="0.000000" m_ty="0.000000"/>
   <element name="house" layername="1" frame="1" z_index="5" m_a="0.990268" m_b="0.139173" m_c="-0.139173" m_d="0.990268" m_tx="-49.000000" m_ty="-261.000000"/>
  </frame>
  <frame idx="975" w="699" h="814" x="-44.684357" y="-167.200287">
   <element name="house" layername="0" frame="0" z_index="6" m_a="1.000000" m_b="0.000000" m_c="0.000000" m_d="1.000000" m_tx="0.000000" m_ty="0.000000"/>
   <element name="house" layername="1" frame="1" z_index="5" m_a="0.987688" m_b="0.156434" m_c="-0.156434" m_d="0.987688" m_tx="-49.000000" m_ty="-261.000000"/>
  </frame>
  <frame idx="1000" w="712" h="818" x="-48.987793" y="-163.617004">
   <element name="house" layername="0" frame="0" z_index="6" m_a="1.000000" m_b="0.000000" m_c="0.000000" m_d="1.000000" m_tx="0.000000" m_ty="0.000000"/>
   <element name="house" layername="1" frame="1" z_index="5" m_a="0.984808" m_b="0.173648" m_c="-0.173648" m_d="0.984808" m_tx="-49.000000" m_ty="-261.000000"/>
  </frame>
  <frame idx="1025" w="726" h="822" x="-53.277985" y="-160.121948">
   <element name="house" layername="0" frame="0" z_index="6" m_a="1.000000" m_b="0.000000" m_c="0.000000" m_d="1.000000" m_tx="0.000000" m_ty="0.000000"/>
   <element name="house" layername="1" frame="1" z_index="5" m_a="0.981627" m_b="0.190809" m_c="-0.190809" m_d="0.981627" m_tx="-49.000000" m_ty="-261.000000"/>
  </frame>
  <frame idx="1050" w="741" h="825" x="-57.553680" y="-156.716156">
   <element name="house" layername="0" frame="0" z_index="6" m_a="1.000000" m_b="0.000000" m_c="0.000000" m_d="1.000000" m_tx="0.000000" m_ty="0.000000"/>
   <element name="house" layername="1" frame="1" z_index="5" m_a="0.978148" m_b="0.207912" m_c="-0.207912" m_d="0.978148" m_tx="-49.000000" m_ty="-261.000000"/>
  </frame>
  <frame idx="1075" w="755" h="830" x="-61.813507" y="-153.400726">
   <element name="house" layername="0" frame="0" z_index="6" m_a="1.000000" m_b="0.000000" m_c="0.000000" m_d="1.000000" m_tx="0.000000" m_ty="0.000000"/>
   <element name="house" layername="1" frame="1" z_index="5" m_a="0.974370" m_b="0.224951" m_c="-0.224951" m_d="0.974370" m_tx="-49.000000" m_ty="-261.000000"/>
  </frame>
  <frame idx="1100" w="769" h="833" x="-66.056244" y="-150.176575">
   <element name="house" layername="0" frame="0" z_index="6" m_a="1.000000" m_b="0.000000" m_c="0.000000" m_d="1.000000" m_tx="0.000000" m_ty="0.000000"/>
   <element name="house" layername="1" frame="1" z_index="5" m_a="0.970296" m_b="0.241922" m_c="-0.241922" m_d="0.970296" m_tx="-49.000000" m_ty="-261.000000"/>
  </frame>
  <frame idx="1125" w="783" h="836" x="-70.280487" y="-147.044769">
   <element name="house" layername="0" frame="0" z_index="6" m_a="1.000000" m_b="0.000000" m_c="0.000000" m_d="1.000000" m_tx="0.000000" m_ty="0.000000"/>
   <element name="house" layername="1" frame="1" z_index="5" m_a="0.965926" m_b="0.258819" m_c="-0.258819" m_d="0.965926" m_tx="-49.000000" m_ty="-261.000000"/>
  </frame>
  <frame idx="1150" w="797" h="840" x="-74.485077" y="-144.006195">
   <element name="house" layername="0" frame="0" z_index="6" m_a="1.000000" m_b="0.000000" m_c="0.000000" m_d="1.000000" m_tx="0.000000" m_ty="0.000000"/>
   <element name="house" layername="1" frame="1" z_index="5" m_a="0.961262" m_b="0.275637" m_c="-0.275637" m_d="0.961262" m_tx="-49.000000" m_ty="-261.000000"/>
  </frame>
  <frame idx="1175" w="811" h="843" x="-78.668671" y="-141.061859">
   <element name="house" layername="0" frame="0" z_index="6" m_a="1.000000" m_b="0.000000" m_c="0.000000" m_d="1.000000" m_tx="0.000000" m_ty="0.000000"/>
   <element name="house" layername="1" frame="1" z_index="5" m_a="0.956305" m_b="0.292372" m_c="-0.292372" m_d="0.956305" m_tx="-49.000000" m_ty="-261.000000"/>
  </frame>
  <frame idx="1200" w="824" h="846" x="-82.829987" y="-138.212616">
   <element name="house" layername="0" frame="0" z_index="6" m_a="1.000000" m_b="0.000000" m_c="0.000000" m_d="1.000000" m_tx="0.000000" m_ty="0.000000"/>
   <element name="house" layername="1" frame="1" z_index="5" m_a="0.951057" m_b="0.309017" m_c="-0.309017" m_d="0.951057" m_tx="-49.000000" m_ty="-261.000000"/>
  </frame>
  <frame idx="1225" w="838" h="850" x="-86.967773" y="-135.459320">
   <element name="house" layername="0" frame="0" z_index="6" m_a="1.000000" m_b="0.000000" m_c="0.000000" m_d="1.000000" m_tx="0.000000" m_ty="0.000000"/>
   <element name="house" layername="1" frame="1" z_index="5" m_a="0.945519" m_b="0.325568" m_c="-0.325568" m_d="0.945519" m_tx="-49.000000" m_ty="-261.000000"/>
  </frame>
  <frame idx="1250" w="852" h="852" x="-91.080780" y="-132.802795">
   <element name="house" layername="0" frame="0" z_index="6" m_a="1.000000" m_b="0.000000" m_c="0.000000" m_d="1.000000" m_tx="0.000000" m_ty="0.000000"/>
   <element name="house" layername="1" frame="1" z_index="5" m_a="0.939693" m_b="0.342020" m_c="-0.342020" m_d="0.939693" m_tx="-49.000000" m_ty="-261.000000"/>
  </frame>
  <frame idx="1275" w="865" h="855" x="-95.167725" y="-130.243896">
   <element name="house" layername="0" frame="0" z_index="6" m_a="1.000000" m_b="0.000000" m_c="0.000000" m_d="1.000000" m_tx="0.000000" m_ty="0.000000"/>
   <element name="house" layername="1" frame="1" z_index="5" m_a="0.933580" m_b="0.358368" m_c="-0.358368" m_d="0.933580" m_tx="-49.000000" m_ty="-261.000000"/>
  </frame>
  <frame idx="1300" w="878" h="857" x="-99.227386" y="-127.783356">
   <element name="house" layername="0" frame="0" z_index="6" m_a="1.000000" m_b="0.000000" m_c="0.000000" m_d="1.000000" m_tx="0.000000" m_ty="0.000000"/>
   <element name="house" layername="1" frame="1" z_index="5" m_a="0.927184" m_b="0.374607" m_c="-0.374607" m_d="0.927184" m_tx="-49.000000" m_ty="-261.000000"/>
  </frame>
  <frame idx="1325" w="891" h="861" x="-103.258514" y="-125.421967">
   <element name="house" layername="0" frame="0" z_index="6" m_a="1.000000" m_b="0.000000" m_c="0.000000" m_d="1.000000" m_tx="0.000000" m_ty="0.000000"/>
   <element name="house" layername="1" frame="1" z_index="5" m_a="0.920505" m_b="0.390731" m_c="-0.390731" m_d="0.920505" m_tx="-49.000000" m_ty="-261.000000"/>
  </frame>
  <frame idx="1350" w="905" h="863" x="-107.259918" y="-123.160492">
   <element name="house" layername="0" frame="0" z_index="6" m_a="1.000000" m_b="0.000000" m_c="0.000000" m_d="1.000000" m_tx="0.000000" m_ty="0.000000"/>
   <element name="house" layername="1" frame="1" z_index="5" m_a="0.913545" m_b="0.406737" m_c="-0.406737" m_d="0.913545" m_tx="-49.000000" m_ty="-261.000000"/>
  </frame>
  <frame idx="1375" w="918" h="865" x="-111.230316" y="-120.999481">
   <element name="house" layername="0" frame="0" z_index="6" m_a="1.000000" m_b="0.000000" m_c="0.000000" m_d="1.000000" m_tx="0.000000" m_ty="0.000000"/>
   <element name="house" layername="1" frame="1" z_index="5" m_a="0.906308" m_b="0.422618" m_c="-0.422618" m_d="0.906308" m_tx="-49.000000" m_ty="-261.000000"/>
  </frame>
  <frame idx="1400" w="931" h="867" x="-115.168549" y="-118.939667">
   <element name="house" layername="0" frame="0" z_index="6" m_a="1.000000" m_b="0.000000" m_c="0.000000" m_d="1.000000" m_tx="0.000000" m_ty="0.000000"/>
   <element name="house" layername="1" frame="1" z_index="5" m_a="0.898794" m_b="0.438371" m_c="-0.438371" m_d="0.898794" m_tx="-49.000000" m_ty="-261.000000"/>
  </frame>
  <frame idx="1425" w="944" h="869" x="-119.073364" y="-116.981720">
   <element name="house" layername="0" frame="0" z_index="6" m_a="1.000000" m_b="0.000000" m_c="0.000000" m_d="1.000000" m_tx="0.000000" m_ty="0.000000"/>
   <element name="house" layername="1" frame="1" z_index="5" m_a="0.891007" m_b="0.453991" m_c="-0.453991" m_d="0.891007" m_tx="-49.000000" m_ty="-261.000000"/>
  </frame>
  <frame idx="1450" w="956" h="872" x="-122.943634" y="-115.126190">
   <element name="house" layername="0" frame="0" z_index="6" m_a="1.000000" m_b="0.000000" m_c="0.000000" m_d="1.000000" m_tx="0.000000" m_ty="0.000000"/>
   <element name="house" layername="1" frame="1" z_index="5" m_a="0.882948" m_b="0.469472" m_c="-0.469472" m_d="0.882948" m_tx="-49.000000" m_ty="-261.000000"/>
  </frame>
  <frame idx="1475" w="970" h="874" x="-126.778137" y="-113.373657">
   <element name="house" layername="0" frame="0" z_index="6" m_a="1.000000" m_b="0.000000" m_c="0.000000" m_d="1.000000" m_tx="0.000000" m_ty="0.000000"/>
   <element name="house" layername="1" frame="1" z_index="5" m_a="0.874620" m_b="0.484810" m_c="-0.484810" m_d="0.874620" m_tx="-49.000000" m_ty="-261.000000"/>
  </frame>
  <frame idx="1500" w="982" h="875" x="-130.575684" y="-111.724640">
   <element name="house" layername="0" frame="0" z_index="6" m_a="1.000000" m_b="0.000000" m_c="0.000000" m_d="1.000000" m_tx="0.000000" m_ty="0.000000"/>
   <element name="house" layername="1" frame="1" z_index="5" m_a="0.866026" m_b="0.500000" m_c="-0.500000" m_d="0.866026" m_tx="-49.000000" m_ty="-261.000000"/>
  </frame>
  <frame idx="1525" w="970" h="874" x="-126.778107" y="-113.373688">
   <element name="house" layername="0" frame="0" z_index="6" m_a="1.000000" m_b="0.000000" m_c="0.000000" m_d="1.000000" m_tx="0.000000" m_ty="0.000000"/>
   <element name="house" layername="1" frame="1" z_index="5" m_a="0.874620" m_b="0.484809" m_c="-0.484809" m_d="0.874620" m_tx="-49.000000" m_ty="-261.000000"/>
  </frame>
  <frame idx="1550" w="956" h="872" x="-122.943634" y="-115.126190">
   <element name="house" layername="0" frame="0" z_index="6" m_a="1.000000" m_b="0.000000" m_c="0.000000" m_d="1.000000" m_tx="0.000000" m_ty="0.000000"/>
   <element name="house" layername="1" frame="1" z_index="5" m_a="0.882948" m_b="0.469471" m_c="-0.469471" m_d="0.882948" m_tx="-49.000000" m_ty="-261.000000"/>
  </frame>
  <frame idx="1575" w="944" h="869" x="-119.073364" y="-116.981720">
   <element name="house" layername="0" frame="0" z_index="6" m_a="1.000000" m_b="0.000000" m_c="0.000000" m_d="1.000000" m_tx="0.000000" m_ty="0.000000"/>
   <element name="house" layername="1" frame="1" z_index="5" m_a="0.891007" m_b="0.453991" m_c="-0.453991" m_d="0.891007" m_tx="-49.000000" m_ty="-261.000000"/>
  </frame>
  <frame idx="1600" w="931" h="867" x="-115.168457" y="-118.939728">
   <element name="house" layername="0" frame="0" z_index="6" m_a="1.000000" m_b="0.000000" m_c="0.000000" m_d="1.000000" m_tx="0.000000" m_ty="0.000000"/>
   <element name="house" layername="1" frame="1" z_index="5" m_a="0.898794" m_b="0.438371" m_c="-0.438371" m_d="0.898794" m_tx="-49.000000" m_ty="-261.000000"/>
  </frame>
  <frame idx="1625" w="918" h="865" x="-111.230255" y="-120.999512">
   <element name="house" layername="0" frame="0" z_index="6" m_a="1.000000" m_b="0.000000" m_c="0.000000" m_d="1.000000" m_tx="0.000000" m_ty="0.000000"/>
   <element name="house" layername="1" frame="1" z_index="5" m_a="0.906308" m_b="0.422618" m_c="-0.422618" m_d="0.906308" m_tx="-49.000000" m_ty="-261.000000"/>
  </frame>
  <frame idx="1650" w="905" h="863" x="-107.259857" y="-123.160492">
   <element name="house" layername="0" frame="0" z_index="6" m_a="1.000000" m_b="0.000000" m_c="0.000000" m_d="1.000000" m_tx="0.000000" m_ty="0.000000"/>
   <element name="house" layername="1" frame="1" z_index="5" m_a="0.913546" m_b="0.406736" m_c="-0.406736" m_d="0.913546" m_tx="-49.000000" m_ty="-261.000000"/>
  </frame>
  <frame idx="1675" w="891" h="861" x="-103.258392" y="-125.422058">
   <element name="house" layername="0" frame="0" z_index="6" m_a="1.000000" m_b="0.000000" m_c="0.000000" m_d="1.000000" m_tx="0.000000" m_ty="0.000000"/>
   <element name="house" layername="1" frame="1" z_index="5" m_a="0.920505" m_b="0.390731" m_c="-0.390731" m_d="0.920505" m_tx="-49.000000" m_ty="-261.000000"/>
  </frame>
  <frame idx="1700" w="878" h="857" x="-99.227295" y="-127.783417">
   <element name="house" layername="0" frame="0" z_index="6" m_a="1.000000" m_b="0.000000" m_c="0.000000" m_d="1.000000" m_tx="0.000000" m_ty="0.000000"/>
   <element name="house" layername="1" frame="1" z_index="5" m_a="0.927184" m_b="0.374606" m_c="-0.374606" m_d="0.927184" m_tx="-49.000000" m_ty="-261.000000"/>
  </frame>
  <frame idx="1725" w="865" h="855" x="-95.167633" y="-130.243927">
   <element name="house" layername="0" frame="0" z_index="6" m_a="1.000000" m_b="0.000000" m_c="0.000000" m_d="1.000000" m_tx="0.000000" m_ty="0.000000"/>
   <element name="house" layername="1" frame="1" z_index="5" m_a="0.933581" m_b="0.358368" m_c="-0.358368" m_d="0.933581" m_tx="-49.000000" m_ty="-261.000000"/>
  </frame>
  <frame idx="1750" w="852" h="852" x="-91.080841" y="-132.802765">
   <element name="house" layername="0" frame="0" z_index="6" m_a="1.000000" m_b="0.000000" m_c="0.000000" m_d="1.000000" m_tx="0.000000" m_ty="0.000000"/>
   <element name="house" layername="1" frame="1" z_index="5" m_a="0.939693" m_b="0.342020" m_c="-0.342020" m_d="0.939693" m_tx="-49.000000" m_ty="-261.000000"/>
  </frame>
  <frame idx="1775" w="838" h="850" x="-86.967743" y="-135.459320">
   <element name="house" layername="0" frame="0" z_index="6" m_a="1.000000" m_b="0.000000" m_c="0.000000" m_d="1.000000" m_tx="0.000000" m_ty="0.000000"/>
   <element name="house" layername="1" frame="1" z_index="5" m_a="0.945519" m_b="0.325568" m_c="-0.325568" m_d="0.945519" m_tx="-49.000000" m_ty="-261.000000"/>
  </frame>
  <frame idx="1800" w="824" h="846" x="-82.829987" y="-138.212616">
   <element name="house" layername="0" frame="0" z_index="6" m_a="1.000000" m_b="0.000000" m_c="0.000000" m_d="1.000000" m_tx="0.000000" m_ty="0.000000"/>
   <element name="house" layername="1" frame="1" z_index="5" m_a="0.951057" m_b="0.309017" m_c="-0.309017" m_d="0.951057" m_tx="-49.000000" m_ty="-261.000000"/>
  </frame>
  <frame idx="1825" w="811" h="843" x="-78.668671" y="-141.061859">
   <element name="house" layername="0" frame="0" z_index="6" m_a="1.000000" m_b="0.000000" m_c="0.000000" m_d="1.000000" m_tx="0.000000" m_ty="0.000000"/>
   <element name="house" layername="1" frame="1" z_index="5" m_a="0.956305" m_b="0.292372" m_c="-0.292372" m_d="0.956305" m_tx="-49.000000" m_ty="-261.000000"/>
  </frame>
  <frame idx="1850" w="797" h="840" x="-74.485138" y="-144.006195">
   <element name="house" layername="0" frame="0" z_index="6" m_a="1.000000" m_b="0.000000" m_c="0.000000" m_d="1.000000" m_tx="0.000000" m_ty="0.000000"/>
   <element name="house" layername="1" frame="1" z_index="5" m_a="0.961262" m_b="0.275638" m_c="-0.275638" m_d="0.961262" m_tx="-49.000000" m_ty="-261.000000"/>
  </frame>
  <frame idx="1875" w="783" h="836" x="-70.280457" y="-147.044830">
   <element name="house" layername="0" frame="0" z_index="6" m_a="1.000000" m_b="0.000000" m_c="0.000000" m_d="1.000000" m_tx="0.000000" m_ty="0.000000"/>
   <element name="house" layername="1" frame="1" z_index="5" m_a="0.965926" m_b="0.258819" m_c="-0.258819" m_d="0.965926" m_tx="-49.000000" m_ty="-261.000000"/>
  </frame>
  <frame idx="1900" w="769" h="833" x="-66.056183" y="-150.176605">
   <element name="house" layername="0" frame="0" z_index="6" m_a="1.000000" m_b="0.000000" m_c="0.000000" m_d="1.000000" m_tx="0.000000" m_ty="0.000000"/>
   <element name="house" layername="1" frame="1" z_index="5" m_a="0.970296" m_b="0.241922" m_c="-0.241922" m_d="0.970296" m_tx="-49.000000" m_ty="-261.000000"/>
  </frame>
  <frame idx="1925" w="755" h="830" x="-61.813507" y="-153.400726">
   <element name="house" layername="0" frame="0" z_index="6" m_a="1.000000" m_b="0.000000" m_c="0.000000" m_d="1.000000" m_tx="0.000000" m_ty="0.000000"/>
   <element name="house" layername="1" frame="1" z_index="5" m_a="0.974370" m_b="0.224951" m_c="-0.224951" m_d="0.974370" m_tx="-49.000000" m_ty="-261.000000"/>
  </frame>
  <frame idx="1950" w="741" h="825" x="-57.553558" y="-156.716217">
   <element name="house" layername="0" frame="0" z_index="6" m_a="1.000000" m_b="0.000000" m_c="0.000000" m_d="1.000000" m_tx="0.000000" m_ty="0.000000"/>
   <element name="house" layername="1" frame="1" z_index="5" m_a="0.978148" m_b="0.207911" m_c="-0.207911" m_d="0.978148" m_tx="-49.000000" m_ty="-261.000000"/>
  </frame>
  <frame idx="1975" w="726" h="822" x="-53.277924" y="-160.122009">
   <element name="house" layername="0" frame="0" z_index="6" m_a="1.000000" m_b="0.000000" m_c="0.000000" m_d="1.000000" m_tx="0.000000" m_ty="0.000000"/>
   <element name="house" layername="1" frame="1" z_index="5" m_a="0.981627" m_b="0.190809" m_c="-0.190809" m_d="0.981627" m_tx="-49.000000" m_ty="-261.000000"/>
  </frame>
  <frame idx="2000" w="712" h="818" x="-48.987732" y="-163.617035">
   <element name="house" layername="0" frame="0" z_index="6" m_a="1.000000" m_b="0.000000" m_c="0.000000" m_d="1.000000" m_tx="0.000000" m_ty="0.000000"/>
   <element name="house" layername="1" frame="1" z_index="5" m_a="0.984808" m_b="0.173648" m_c="-0.173648" m_d="0.984808" m_tx="-49.000000" m_ty="-261.000000"/>
  </frame>
  <frame idx="2025" w="699" h="814" x="-44.684235" y="-167.200409">
   <element name="house" layername="0" frame="0" z_index="6" m_a="1.000000" m_b="0.000000" m_c="0.000000" m_d="1.000000" m_tx="0.000000" m_ty="0.000000"/>
   <element name="house" layername="1" frame="1" z_index="5" m_a="0.987688" m_b="0.156434" m_c="-0.156434" m_d="0.987688" m_tx="-49.000000" m_ty="-261.000000"/>
  </frame>
  <frame idx="2050" w="685" h="810" x="-40.368896" y="-170.870819">
   <element name="house" layername="0" frame="0" z_index="6" m_a="1.000000" m_b="0.000000" m_c="0.000000" m_d="1.000000" m_tx="0.000000" m_ty="0.000000"/>
   <element name="house" layername="1" frame="1" z_index="5" m_a="0.990268" m_b="0.139173" m_c="-0.139173" m_d="0.990268" m_tx="-49.000000" m_ty="-261.000000"/>
  </frame>
  <frame idx="2075" w="670" h="806" x="-36.043121" y="-174.627106">
   <element name="house" layername="0" frame="0" z_index="6" m_a="1.000000" m_b="0.000000" m_c="0.000000" m_d="1.000000" m_tx="0.000000" m_ty="0.000000"/>
   <element name="house" layername="1" frame="1" z_index="5" m_a="0.992546" m_b="0.121869" m_c="-0.121869" m_d="0.992546" m_tx="-49.000000" m_ty="-261.000000"/>
  </frame>
  <frame idx="2100" w="656" h="801" x="-31.707916" y="-178.468353">
   <element name="house" layername="0" frame="0" z_index="6" m_a="1.000000" m_b="0.000000" m_c="0.000000" m_d="1.000000" m_tx="0.000000" m_ty="0.000000"/>
   <element name="house" layername="1" frame="1" z_index="5" m_a="0.994522" m_b="0.104529" m_c="-0.104529" m_d="0.994522" m_tx="-49.000000" m_ty="-261.000000"/>
  </frame>
  <frame idx="2125" w="642" h="798" x="-27.364746" y="-182.393341">
   <element name="house" layername="0" frame="0" z_index="6" m_a="1.000000" m_b="0.000000" m_c="0.000000" m_d="1.000000" m_tx="0.000000" m_ty="0.000000"/>
   <element name="house" layername="1" frame="1" z_index="5" m_a="0.996195" m_b="0.087156" m_c="-0.087156" m_d="0.996195" m_tx="-49.000000" m_ty="-261.000000"/>
  </frame>
  <frame idx="2150" w="627" h="794" x="-23.014832" y="-186.400848">
   <element name="house" layername="0" frame="0" z_index="6" m_a="1.000000" m_b="0.000000" m_c="0.000000" m_d="1.000000" m_tx="0.000000" m_ty="0.000000"/>
   <element name="house" layername="1" frame="1" z_index="5" m_a="0.997564" m_b="0.069756" m_c="-0.069756" m_d="0.997564" m_tx="-49.000000" m_ty="-261.000000"/>
  </frame>
  <frame idx="2175" w="612" h="788" x="-18.659729" y="-190.489624">
   <element name="house" layername="0" frame="0" z_index="6" m_a="1.000000" m_b="0.000000" m_c="0.000000" m_d="1.000000" m_tx="0.000000" m_ty="0.000000"/>
   <element name="house" layername="1" frame="1" z_index="5" m_a="0.998630" m_b="0.052336" m_c="-0.052336" m_d="0.998630" m_tx="-49.000000" m_ty="-261.000000"/>
  </frame>
  <frame idx="2200" w="598" h="784" x="-14.300629" y="-194.658356">
   <element name="house" layername="0" frame="0" z_index="6" m_a="1.000000" m_b="0.000000" m_c="0.000000" m_d="1.000000" m_tx="0.000000" m_ty="0.000000"/>
   <element name="house" layername="1" frame="1" z_index="5" m_a="0.999391" m_b="0.034900" m_c="-0.034900" m_d="0.999391" m_tx="-49.000000" m_ty="-261.000000"/>
  </frame>
  <frame idx="2225" w="583" h="779" x="-9.938782" y="-198.906021">
   <element name="house" layername="0" frame="0" z_index="6" m_a="1.000000" m_b="0.000000" m_c="0.000000" m_d="1.000000" m_tx="0.000000" m_ty="0.000000"/>
   <element name="house" layername="1" frame="1" z_index="5" m_a="0.999848" m_b="0.017452" m_c="-0.017452" m_d="0.999848" m_tx="-49.000000" m_ty="-261.000000"/>
  </frame>
  <frame idx="2250" w="569" h="776" x="-5.575745" y="-201.615540">
   <element name="house" layername="0" frame="0" z_index="6" m_a="1.000000" m_b="0.000000" m_c="0.000000" m_d="1.000000" m_tx="0.000000" m_ty="0.000000"/>
   <element name="house" layername="1" frame="1" z_index="5" m_a="1.000000" m_b="-0.000000" m_c="0.000000" m_d="1.000000" m_tx="-49.000000" m_ty="-261.000000"/>
  </frame>
  <frame idx="2275" w="569" h="790" x="-5.575745" y="-205.978607">
   <element name="house" layername="0" frame="0" z_index="6" m_a="1.000000" m_b="0.000000" m_c="0.000000" m_d="1.000000" m_tx="0.000000" m_ty="0.000000"/>
   <element name="house" layername="1" frame="1" z_index="5" m_a="0.999848" m_b="-0.017452" m_c="0.017452" m_d="0.999848" m_tx="-49.000000" m_ty="-261.000000"/>
  </frame>
  <frame idx="2300" w="572" h="806" x="-2.578796" y="-210.340485">
   <element name="house" layername="0" frame="0" z_index="6" m_a="1.000000" m_b="0.000000" m_c="0.000000" m_d="1.000000" m_tx="0.000000" m_ty="0.000000"/>
   <element name="house" layername="1" frame="1" z_index="5" m_a="0.999391" m_b="-0.034900" m_c="0.034900" m_d="0.999391" m_tx="-49.000000" m_ty="-261.000000"/>
  </frame>
  <frame idx="2325" w="577" h="820" x="1.589966" y="-214.699554">
   <element name="house" layername="0" frame="0" z_index="6" m_a="1.000000" m_b="0.000000" m_c="0.000000" m_d="1.000000" m_tx="0.000000" m_ty="0.000000"/>
   <element name="house" layername="1" frame="1" z_index="5" m_a="0.998630" m_b="-0.052336" m_c="0.052336" m_d="0.998630" m_tx="-49.000000" m_ty="-261.000000"/>
  </frame>
  <frame idx="2350" w="581" h="834" x="5.678711" y="-219.054657">
   <element name="house" layername="0" frame="0" z_index="6" m_a="1.000000" m_b="0.000000" m_c="0.000000" m_d="1.000000" m_tx="0.000000" m_ty="0.000000"/>
   <element name="house" layername="1" frame="1" z_index="5" m_a="0.997564" m_b="-0.069757" m_c="0.069757" m_d="0.997564" m_tx="-49.000000" m_ty="-261.000000"/>
  </frame>
  <frame idx="2375" w="586" h="849" x="9.686279" y="-223.404572">
   <element name="house" layername="0" frame="0" z_index="6" m_a="1.000000" m_b="0.000000" m_c="0.000000" m_d="1.000000" m_tx="0.000000" m_ty="0.000000"/>
   <element name="house" layername="1" frame="1" z_index="5" m_a="0.996195" m_b="-0.087156" m_c="0.087156" m_d="0.996195" m_tx="-49.000000" m_ty="-261.000000"/>
  </frame>
  <frame idx="2400" w="590" h="863" x="13.611206" y="-227.747742">
   <element name="house" layername="0" frame="0" z_index="6" m_a="1.000000" m_b="0.000000" m_c="0.000000" m_d="1.000000" m_tx="0.000000" m_ty="0.000000"/>
   <element name="house" layername="1" frame="1" z_index="5" m_a="0.994522" m_b="-0.104529" m_c="0.104529" m_d="0.994522" m_tx="-49.000000" m_ty="-261.000000"/>
  </frame>
  <frame idx="2425" w="594" h="877" x="17.452393" y="-232.082825">
   <element name="house" layername="0" frame="0" z_index="6" m_a="1.000000" m_b="0.000000" m_c="0.000000" m_d="1.000000" m_tx="0.000000" m_ty="0.000000"/>
   <element name="house" layername="1" frame="1" z_index="5" m_a="0.992546" m_b="-0.121869" m_c="0.121869" m_d="0.992546" m_tx="-49.000000" m_ty="-261.000000"/>
  </frame>
  <frame idx="2450" w="599" h="891" x="21.208801" y="-236.408722">
   <element name="house" layername="0" frame="0" z_index="6" m_a="1.000000" m_b="0.000000" m_c="0.000000" m_d="1.000000" m_tx="0.000000" m_ty="0.000000"/>
   <element name="house" layername="1" frame="1" z_index="5" m_a="0.990268" m_b="-0.139173" m_c="0.139173" m_d="0.990268" m_tx="-49.000000" m_ty="-261.000000"/>
  </frame>
  <frame idx="2475" w="603" h="906" x="24.879150" y="-240.724060">
   <element name="house" layername="0" frame="0" z_index="6" m_a="1.000000" m_b="0.000000" m_c="0.000000" m_d="1.000000" m_tx="0.000000" m_ty="0.000000"/>
   <element name="house" layername="1" frame="1" z_index="5" m_a="0.987688" m_b="-0.156434" m_c="0.156434" m_d="0.987688" m_tx="-49.000000" m_ty="-261.000000"/>
  </frame>
  <frame idx="2500" w="607" h="920" x="28.462524" y="-245.027588">
   <element name="house" layername="0" frame="0" z_index="6" m_a="1.000000" m_b="0.000000" m_c="0.000000" m_d="1.000000" m_tx="0.000000" m_ty="0.000000"/>
   <element name="house" layername="1" frame="1" z_index="5" m_a="0.984808" m_b="-0.173648" m_c="0.173648" m_d="0.984808" m_tx="-49.000000" m_ty="-261.000000"/>
  </frame>
  <frame idx="2525" w="611" h="933" x="31.957550" y="-249.317749">
   <element name="house" layername="0" frame="0" z_index="6" m_a="1.000000" m_b="0.000000" m_c="0.000000" m_d="1.000000" m_tx="0.000000" m_ty="0.000000"/>
   <element name="house" layername="1" frame="1" z_index="5" m_a="0.981627" m_b="-0.190809" m_c="0.190809" m_d="0.981627" m_tx="-49.000000" m_ty="-261.000000"/>
  </frame>
  <frame idx="2550" w="614" h="948" x="35.363342" y="-253.593414">
   <element name="house" layername="0" frame="0" z_index="6" m_a="1.000000" m_b="0.000000" m_c="0.000000" m_d="1.000000" m_tx="0.000000" m_ty="0.000000"/>
   <element name="house" layername="1" frame="1" z_index="5" m_a="0.978148" m_b="-0.207912" m_c="0.207912" m_d="0.978148" m_tx="-49.000000" m_ty="-261.000000"/>
  </frame>
  <frame idx="2575" w="618" h="962" x="38.678833" y="-257.853333">
   <element name="house" layername="0" frame="0" z_index="6" m_a="1.000000" m_b="0.000000" m_c="0.000000" m_d="1.000000" m_tx="0.000000" m_ty="0.000000"/>
   <element name="house" layername="1" frame="1" z_index="5" m_a="0.974370" m_b="-0.224951" m_c="0.224951" m_d="0.974370" m_tx="-49.000000" m_ty="-261.000000"/>
  </frame>
  <frame idx="2600" w="622" h="976" x="41.902954" y="-262.096008">
   <element name="house" layername="0" frame="0" z_index="6" m_a="1.000000" m_b="0.000000" m_c="0.000000" m_d="1.000000" m_tx="0.000000" m_ty="0.000000"/>
   <element name="house" layername="1" frame="1" z_index="5" m_a="0.970296" m_b="-0.241922" m_c="0.241922" m_d="0.970296" m_tx="-49.000000" m_ty="-261.000000"/>
  </frame>
  <frame idx="2625" w="625" h="989" x="45.034760" y="-266.320282">
   <element name="house" layername="0" frame="0" z_index="6" m_a="1.000000" m_b="0.000000" m_c="0.000000" m_d="1.000000" m_tx="0.000000" m_ty="0.000000"/>
   <element name="house" layername="1" frame="1" z_index="5" m_a="0.965926" m_b="-0.258819" m_c="0.258819" m_d="0.965926" m_tx="-49.000000" m_ty="-261.000000"/>
  </frame>
  <frame idx="2650" w="629" h="1004" x="48.073364" y="-270.524963">
   <element name="house" layername="0" frame="0" z_index="6" m_a="1.000000" m_b="0.000000" m_c="0.000000" m_d="1.000000" m_tx="0.000000" m_ty="0.000000"/>
   <element name="house" layername="1" frame="1" z_index="5" m_a="0.961262" m_b="-0.275638" m_c="0.275638" m_d="0.961262" m_tx="-49.000000" m_ty="-261.000000"/>
  </frame>
  <frame idx="2675" w="632" h="1018" x="51.017700" y="-274.708496">
   <element name="house" layername="0" frame="0" z_index="6" m_a="1.000000" m_b="0.000000" m_c="0.000000" m_d="1.000000" m_tx="0.000000" m_ty="0.000000"/>
   <element name="house" layername="1" frame="1" z_index="5" m_a="0.956305" m_b="-0.292372" m_c="0.292372" m_d="0.956305" m_tx="-49.000000" m_ty="-261.000000"/>
  </frame>
  <frame idx="2700" w="635" h="1031" x="53.866943" y="-278.869812">
   <element name="house" layername="0" frame="0" z_index="6" m_a="1.000000" m_b="0.000000" m_c="0.000000" m_d="1.000000" m_tx="0.000000" m_ty="0.000000"/>
   <element name="house" layername="1" frame="1" z_index="5" m_a="0.951056" m_b="-0.309017" m_c="0.309017" m_d="0.951056" m_tx="-49.000000" m_ty="-261.000000"/>
  </frame>
  <frame idx="2725" w="637" h="1045" x="56.620300" y="-283.007690">
   <element name="house" layername="0" frame="0" z_index="6" m_a="1.000000" m_b="0.000000" m_c="0.000000" m_d="1.000000" m_tx="0.000000" m_ty="0.000000"/>
   <element name="house" layername="1" frame="1" z_index="5" m_a="0.945518" m_b="-0.325569" m_c="0.325569" m_d="0.945518" m_tx="-49.000000" m_ty="-261.000000"/>
  </frame>
  <frame idx="2750" w="641" h="1059" x="59.276794" y="-287.120667">
   <element name="house" layername="0" frame="0" z_index="6" m_a="1.000000" m_b="0.000000" m_c="0.000000" m_d="1.000000" m_tx="0.000000" m_ty="0.000000"/>
   <element name="house" layername="1" frame="1" z_index="5" m_a="0.939692" m_b="-0.342021" m_c="0.342021" m_d="0.939692" m_tx="-49.000000" m_ty="-261.000000"/>
  </frame>
  <frame idx="2775" w="644" h="1072" x="61.835602" y="-291.207489">
   <element name="house" layername="0" frame="0" z_index="6" m_a="1.000000" m_b="0.000000" m_c="0.000000" m_d="1.000000" m_tx="0.000000" m_ty="0.000000"/>
   <element name="house" layername="1" frame="1" z_index="5" m_a="0.933580" m_b="-0.358368" m_c="0.358368" m_d="0.933580" m_tx="-49.000000" m_ty="-261.000000"/>
  </frame>
  <frame idx="2800" w="646" h="1085" x="64.296082" y="-295.267120">
   <element name="house" layername="0" frame="0" z_index="6" m_a="1.000000" m_b="0.000000" m_c="0.000000" m_d="1.000000" m_tx="0.000000" m_ty="0.000000"/>
   <element name="house" layername="1" frame="1" z_index="5" m_a="0.927184" m_b="-0.374607" m_c="0.374607" m_d="0.927184" m_tx="-49.000000" m_ty="-261.000000"/>
  </frame>
  <frame idx="2825" w="648" h="1098" x="66.657471" y="-299.298218">
   <element name="house" layername="0" frame="0" z_index="6" m_a="1.000000" m_b="0.000000" m_c="0.000000" m_d="1.000000" m_tx="0.000000" m_ty="0.000000"/>
   <element name="house" layername="1" frame="1" z_index="5" m_a="0.920505" m_b="-0.390731" m_c="0.390731" m_d="0.920505" m_tx="-49.000000" m_ty="-261.000000"/>
  </frame>
  <frame idx="2850" w="652" h="1111" x="68.919067" y="-303.299683">
   <element name="house" layername="0" frame="0" z_index="6" m_a="1.000000" m_b="0.000000" m_c="0.000000" m_d="1.000000" m_tx="0.000000" m_ty="0.000000"/>
   <element name="house" layername="1" frame="1" z_index="5" m_a="0.913545" m_b="-0.406737" m_c="0.406737" m_d="0.913545" m_tx="-49.000000" m_ty="-261.000000"/>
  </frame>
  <frame idx="2875" w="654" h="1125" x="71.080017" y="-307.270081">
   <element name="house" layername="0" frame="0" z_index="6" m_a="1.000000" m_b="0.000000" m_c="0.000000" m_d="1.000000" m_tx="0.000000" m_ty="0.000000"/>
   <element name="house" layername="1" frame="1" z_index="5" m_a="0.906308" m_b="-0.422618" m_c="0.422618" m_d="0.906308" m_tx="-49.000000" m_ty="-261.000000"/>
  </frame>
  <frame idx="2900" w="656" h="1138" x="73.139801" y="-311.208282">
   <element name="house" layername="0" frame="0" z_index="6" m_a="1.000000" m_b="0.000000" m_c="0.000000" m_d="1.000000" m_tx="0.000000" m_ty="0.000000"/>
   <element name="house" layername="1" frame="1" z_index="5" m_a="0.898794" m_b="-0.438371" m_c="0.438371" m_d="0.898794" m_tx="-49.000000" m_ty="-261.000000"/>
  </frame>
  <frame idx="2925" w="658" h="1151" x="75.097809" y="-315.113190">
   <element name="house" layername="0" frame="0" z_index="6" m_a="1.000000" m_b="0.000000" m_c="0.000000" m_d="1.000000" m_tx="0.000000" m_ty="0.000000"/>
   <element name="house" layername="1" frame="1" z_index="5" m_a="0.891006" m_b="-0.453991" m_c="0.453991" m_d="0.891006" m_tx="-49.000000" m_ty="-261.000000"/>
  </frame>
  <frame idx="2950" w="660" h="1163" x="76.953308" y="-318.983459">
   <element name="house" layername="0" frame="0" z_index="6" m_a="1.000000" m_b="0.000000" m_c="0.000000" m_d="1.000000" m_tx="0.000000" m_ty="0.000000"/>
   <element name="house" layername="1" frame="1" z_index="5" m_a="0.882947" m_b="-0.469472" m_c="0.469472" m_d="0.882947" m_tx="-49.000000" m_ty="-261.000000"/>
  </frame>
  <frame idx="2975" w="663" h="1176" x="78.705872" y="-322.817932">
   <element name="house" layername="0" frame="0" z_index="6" m_a="1.000000" m_b="0.000000" m_c="0.000000" m_d="1.000000" m_tx="0.000000" m_ty="0.000000"/>
   <element name="house" layername="1" frame="1" z_index="5" m_a="0.874620" m_b="-0.484810" m_c="0.484810" m_d="0.874620" m_tx="-49.000000" m_ty="-261.000000"/>
  </frame>
 </anim>
 <anim name="onhit" root="zxgoatfarm" numframes="400" framerate="40">
  <frame idx="0" w="569" h="776" x="-5.575745" y="-201.615494">
   <element name="house" layername="0" frame="0" z_index="6" m_a="1.000000" m_b="0.000000" m_c="0.000000" m_d="1.000000" m_tx="0.000000" m_ty="0.000000"/>
   <element name="house" layername="1" frame="1" z_index="5" m_a="1.000000" m_b="0.000000" m_c="0.000000" m_d="1.000000" m_tx="-49.000000" m_ty="-261.000000"/>
  </frame>
  <frame idx="25" w="581" h="795" x="-3.657471" y="-210.756256">
   <element name="house" layername="0" frame="0" z_index="6" m_a="0.999869" m_b="-0.016160" m_c="0.016160" m_d="0.999869" m_tx="0.000000" m_ty="-5.555555"/>
   <element name="house" layername="1" frame="1" z_index="5" m_a="0.999869" m_b="-0.016160" m_c="0.016160" m_d="0.999869" m_tx="-53.177998" m_ty="-265.580780"/>
  </frame>
  <frame idx="50" w="592" h="812" x="-1.805511" y="-219.961243">
   <element name="house" layername="0" frame="0" z_index="6" m_a="0.999478" m_b="-0.032315" m_c="0.032315" m_d="0.999478" m_tx="0.000000" m_ty="-11.111111"/>
   <element name="house" layername="1" frame="1" z_index="5" m_a="0.999478" m_b="-0.032315" m_c="0.032315" m_d="0.999478" m_tx="-57.355995" m_ty="-270.161560"/>
  </frame>
  <frame idx="75" w="603" h="830" x="-0.020905" y="-229.229340">
   <element name="house" layername="0" frame="0" z_index="6" m_a="0.998825" m_b="-0.048462" m_c="0.048462" m_d="0.998825" m_tx="0.000000" m_ty="-16.666668"/>
   <element name="house" layername="1" frame="1" z_index="5" m_a="0.998825" m_b="-0.048462" m_c="0.048462" m_d="0.998825" m_tx="-61.533993" m_ty="-274.742310"/>
  </frame>
  <frame idx="100" w="614" h="849" x="1.695343" y="-238.559509">
   <element name="house" layername="0" frame="0" z_index="6" m_a="0.997911" m_b="-0.064597" m_c="0.064597" m_d="0.997911" m_tx="0.000000" m_ty="-22.222221"/>
   <element name="house" layername="1" frame="1" z_index="5" m_a="0.997911" m_b="-0.064597" m_c="0.064597" m_d="0.997911" m_tx="-65.711990" m_ty="-279.323090"/>
  </frame>
  <frame idx="125" w="625" h="868" x="3.342163" y="-247.950592">
   <element name="house" layername="0" frame="0" z_index="6" m_a="0.996737" m_b="-0.080714" m_c="0.080714" m_d="0.996737" m_tx="0.000000" m_ty="-27.777777"/>
   <element name="house" layername="1" frame="1" z_index="5" m_a="0.996737" m_b="-0.080714" m_c="0.080714" m_d="0.996737" m_tx="-69.889984" m_ty="-283.903870"/>
  </frame>
  <frame idx="150" w="616" h="860" x="2.052368" y="-246.975189">
   <element name="house" layername="0" frame="0" z_index="6" m_a="0.997697" m_b="-0.067822" m_c="0.067822" m_d="0.997697" m_tx="0.000000" m_ty="-30.000000"/>
   <element name="house" layername="1" frame="1" z_index="5" m_a="0.997697" m_b="-0.067822" m_c="0.067822" m_d="0.997697" m_tx="-66.503387" m_ty="-286.657257"/>
  </frame>
  <frame idx="175" w="594" h="834" x="-1.384216" y="-239.256073">
   <element name="house" layername="0" frame="0" z_index="6" m_a="0.999368" m_b="-0.035546" m_c="0.035546" m_d="0.999368" m_tx="0.000000" m_ty="-30.000000"/>
   <element name="house" layername="1" frame="1" z_index="5" m_a="0.999368" m_b="-0.035546" m_c="0.035546" m_d="0.999368" m_tx="-58.073711" m_ty="-288.192444"/>
  </frame>
  <frame idx="200" w="571" h="810" x="-5.091064" y="-231.788620">
   <element name="house" layername="0" frame="0" z_index="6" m_a="0.999995" m_b="-0.003232" m_c="0.003232" m_d="0.999995" m_tx="0.000000" m_ty="-30.000000"/>
   <element name="house" layername="1" frame="1" z_index="5" m_a="0.999995" m_b="-0.003232" m_c="0.003232" m_d="0.999995" m_tx="-49.644035" m_ty="-289.727600"/>
  </frame>
  <frame idx="225" w="580" h="818" x="-9.059906" y="-224.581451">
   <element name="house" layername="0" frame="0" z_index="6" m_a="0.999577" m_b="0.029085" m_c="-0.029085" m_d="0.999577" m_tx="0.000000" m_ty="-30.000000"/>
   <element name="house" layername="1" frame="1" z_index="5" m_a="0.999577" m_b="0.029085" m_c="-0.029085" m_d="0.999577" m_tx="-41.214363" m_ty="-291.262756"/>
  </frame>
  <frame idx="250" w="604" h="829" x="-13.282135" y="-217.642914">
   <element name="house" layername="0" frame="0" z_index="6" m_a="0.998115" m_b="0.061371" m_c="-0.061371" m_d="0.998115" m_tx="0.000000" m_ty="-30.000000"/>
   <element name="house" layername="1" frame="1" z_index="5" m_a="0.998115" m_b="0.061371" m_c="-0.061371" m_d="0.998115" m_tx="-32.784691" m_ty="-292.797913"/>
  </frame>
  <frame idx="275" w="625" h="835" x="-16.370178" y="-211.843231">
   <element name="house" layername="0" frame="0" z_index="6" m_a="0.996482" m_b="0.083811" m_c="-0.083811" m_d="0.996482" m_tx="0.000000" m_ty="-28.846153"/>
   <element name="house" layername="1" frame="1" z_index="5" m_a="0.996482" m_b="0.083811" m_c="-0.083811" m_d="0.996482" m_tx="-26.923992" m_ty="-292.755798"/>
  </frame>
  <frame idx="300" w="610" h="823" x="-14.077942" y="-209.649841">
   <element name="house" layername="0" frame="0" z_index="6" m_a="0.997748" m_b="0.067078" m_c="-0.067078" m_d="0.997748" m_tx="0.000000" m_ty="-23.076923"/>
   <element name="house" layername="1" frame="1" z_index="5" m_a="0.997748" m_b="0.067078" m_c="-0.067078" m_d="0.997748" m_tx="-31.339195" m_ty="-286.404633"/>
  </frame>
  <frame idx="325" w="593" h="812" x="-11.850830" y="-207.531708">
   <element name="house" layername="0" frame="0" z_index="6" m_a="0.998733" m_b="0.050324" m_c="-0.050324" m_d="0.998733" m_tx="0.000000" m_ty="-17.307693"/>
   <element name="house" layername="1" frame="1" z_index="5" m_a="0.998733" m_b="0.050324" m_c="-0.050324" m_d="0.998733" m_tx="-35.754395" m_ty="-280.053467"/>
  </frame>
  <frame idx="350" w="582" h="800" x="-9.690765" y="-205.487274">
   <element name="house" layername="0" frame="0" z_index="6" m_a="0.999437" m_b="0.033558" m_c="-0.033558" m_d="0.999437" m_tx="0.000000" m_ty="-11.538462"/>
   <element name="house" layername="1" frame="1" z_index="5" m_a="0.999437" m_b="0.033558" m_c="-0.033558" m_d="0.999437" m_tx="-40.169598" m_ty="-273.702332"/>
  </frame>
  <frame idx="375" w="576" h="788" x="-7.598572" y="-203.515717">
   <element name="house" layername="0" frame="0" z_index="6" m_a="0.999859" m_b="0.016781" m_c="-0.016781" m_d="0.999859" m_tx="0.000000" m_ty="-5.769232"/>
   <element name="house" layername="1" frame="1" z_index="5" m_a="0.999859" m_b="0.016781" m_c="-0.016781" m_d="0.999859" m_tx="-44.584801" m_ty="-267.351166"/>
  </frame>
 </anim>
 <anim name="onbuild" root="zxgoatfarm" numframes="400" framerate="40">
  <frame idx="0" w="569" h="776" x="-5.575745" y="-201.615494">
   <element name="house" layername="0" frame="0" z_index="6" m_a="1.000000" m_b="0.000000" m_c="0.000000" m_d="1.000000" m_tx="0.000000" m_ty="0.000000"/>
   <element name="house" layername="1" frame="1" z_index="5" m_a="1.000000" m_b="0.000000" m_c="0.000000" m_d="1.000000" m_tx="-49.000000" m_ty="-261.000000"/>
  </frame>
  <frame idx="25" w="569" h="776" x="-5.575745" y="-201.615494">
   <element name="house" layername="0" frame="0" z_index="6" m_a="1.000000" m_b="0.000000" m_c="0.000000" m_d="1.000000" m_tx="0.000000" m_ty="0.000000"/>
   <element name="house" layername="1" frame="1" z_index="5" m_a="1.000000" m_b="0.000000" m_c="0.000000" m_d="1.000000" m_tx="-49.000000" m_ty="-261.000000"/>
  </frame>
  <frame idx="50" w="569" h="776" x="-5.575745" y="-201.615494">
   <element name="house" layername="0" frame="0" z_index="6" m_a="1.000000" m_b="0.000000" m_c="0.000000" m_d="1.000000" m_tx="0.000000" m_ty="0.000000"/>
   <element name="house" layername="1" frame="1" z_index="5" m_a="1.000000" m_b="0.000000" m_c="0.000000" m_d="1.000000" m_tx="-49.000000" m_ty="-261.000000"/>
  </frame>
  <frame idx="75" w="569" h="776" x="-5.575745" y="-201.615494">
   <element name="house" layername="0" frame="0" z_index="6" m_a="1.000000" m_b="0.000000" m_c="0.000000" m_d="1.000000" m_tx="0.000000" m_ty="0.000000"/>
   <element name="house" layername="1" frame="1" z_index="5" m_a="1.000000" m_b="0.000000" m_c="0.000000" m_d="1.000000" m_tx="-49.000000" m_ty="-261.000000"/>
  </frame>
  <frame idx="100" w="569" h="776" x="-5.575745" y="-201.615494">
   <element name="house" layername="0" frame="0" z_index="6" m_a="1.000000" m_b="0.000000" m_c="0.000000" m_d="1.000000" m_tx="0.000000" m_ty="0.000000"/>
   <element name="house" layername="1" frame="1" z_index="5" m_a="1.000000" m_b="0.000000" m_c="0.000000" m_d="1.000000" m_tx="-49.000000" m_ty="-261.000000"/>
  </frame>
  <frame idx="125" w="569" h="776" x="-5.575745" y="-201.615494">
   <element name="house" layername="0" frame="0" z_index="6" m_a="1.000000" m_b="0.000000" m_c="0.000000" m_d="1.000000" m_tx="0.000000" m_ty="0.000000"/>
   <element name="house" layername="1" frame="1" z_index="5" m_a="1.000000" m_b="0.000000" m_c="0.000000" m_d="1.000000" m_tx="-49.000000" m_ty="-261.000000"/>
  </frame>
  <frame idx="150" w="569" h="776" x="-5.575745" y="-201.615494">
   <element name="house" layername="0" frame="0" z_index="6" m_a="1.000000" m_b="0.000000" m_c="0.000000" m_d="1.000000" m_tx="0.000000" m_ty="0.000000"/>
   <element name="house" layername="1" frame="1" z_index="5" m_a="1.000000" m_b="0.000000" m_c="0.000000" m_d="1.000000" m_tx="-49.000000" m_ty="-261.000000"/>
  </frame>
  <frame idx="175" w="569" h="776" x="-5.575745" y="-201.615494">
   <element name="house" layername="0" frame="0" z_index="6" m_a="1.000000" m_b="0.000000" m_c="0.000000" m_d="1.000000" m_tx="0.000000" m_ty="0.000000"/>
   <element name="house" layername="1" frame="1" z_index="5" m_a="1.000000" m_b="0.000000" m_c="0.000000" m_d="1.000000" m_tx="-49.000000" m_ty="-261.000000"/>
  </frame>
  <frame idx="200" w="569" h="776" x="-5.575745" y="-201.615494">
   <element name="house" layername="0" frame="0" z_index="6" m_a="1.000000" m_b="0.000000" m_c="0.000000" m_d="1.000000" m_tx="0.000000" m_ty="0.000000"/>
   <element name="house" layername="1" frame="1" z_index="5" m_a="1.000000" m_b="0.000000" m_c="0.000000" m_d="1.000000" m_tx="-49.000000" m_ty="-261.000000"/>
  </frame>
  <frame idx="225" w="569" h="776" x="-5.575745" y="-201.615494">
   <element name="house" layername="0" frame="0" z_index="6" m_a="1.000000" m_b="0.000000" m_c="0.000000" m_d="1.000000" m_tx="0.000000" m_ty="0.000000"/>
   <element name="house" layername="1" frame="1" z_index="5" m_a="1.000000" m_b="0.000000" m_c="0.000000" m_d="1.000000" m_tx="-49.000000" m_ty="-261.000000"/>
  </frame>
  <frame idx="250" w="569" h="776" x="-5.575745" y="-201.615494">
   <element name="house" layername="0" frame="0" z_index="6" m_a="1.000000" m_b="0.000000" m_c="0.000000" m_d="1.000000" m_tx="0.000000" m_ty="0.000000"/>
   <element name="house" layername="1" frame="1" z_index="5" m_a="1.000000" m_b="0.000000" m_c="0.000000" m_d="1.000000" m_tx="-49.000000" m_ty="-261.000000"/>
  </frame>
  <frame idx="275" w="569" h="776" x="-5.575745" y="-201.615494">
   <element name="house" layername="0" frame="0" z_index="6" m_a="1.000000" m_b="0.000000" m_c="0.000000" m_d="1.000000" m_tx="0.000000" m_ty="0.000000"/>
   <element name="house" layername="1" frame="1" z_index="5" m_a="1.000000" m_b="0.000000" m_c="0.000000" m_d="1.000000" m_tx="-49.000000" m_ty="-261.000000"/>
  </frame>
  <frame idx="300" w="569" h="776" x="-5.575745" y="-201.615494">
   <element name="house" layername="0" frame="0" z_index="6" m_a="1.000000" m_b="0.000000" m_c="0.000000" m_d="1.000000" m_tx="0.000000" m_ty="0.000000"/>
   <element name="house" layername="1" frame="1" z_index="5" m_a="1.000000" m_b="0.000000" m_c="0.000000" m_d="1.000000" m_tx="-49.000000" m_ty="-261.000000"/>
  </frame>
  <frame idx="325" w="569" h="776" x="-5.575745" y="-201.615494">
   <element name="house" layername="0" frame="0" z_index="6" m_a="1.000000" m_b="0.000000" m_c="0.000000" m_d="1.000000" m_tx="0.000000" m_ty="0.000000"/>
   <element name="house" layername="1" frame="1" z_index="5" m_a="1.000000" m_b="0.000000" m_c="0.000000" m_d="1.000000" m_tx="-49.000000" m_ty="-261.000000"/>
  </frame>
  <frame idx="350" w="569" h="776" x="-5.575745" y="-201.615494">
   <element name="house" layername="0" frame="0" z_index="6" m_a="1.000000" m_b="0.000000" m_c="0.000000" m_d="1.000000" m_tx="0.000000" m_ty="0.000000"/>
   <element name="house" layername="1" frame="1" z_index="5" m_a="1.000000" m_b="0.000000" m_c="0.000000" m_d="1.000000" m_tx="-49.000000" m_ty="-261.000000"/>
  </frame>
  <frame idx="375" w="569" h="776" x="-5.575745" y="-201.615494">
   <element name="house" layername="0" frame="0" z_index="6" m_a="1.000000" m_b="0.000000" m_c="0.000000" m_d="1.000000" m_tx="0.000000" m_ty="0.000000"/>
   <element name="house" layername="1" frame="1" z_index="5" m_a="1.000000" m_b="0.000000" m_c="0.000000" m_d="1.000000" m_tx="-49.000000" m_ty="-261.000000"/>
  </frame>
 </anim>
</Anims>
