<Anims>
 <anim name="idle" root="zxgranarymeat1" numframes="3000" framerate="40">
  <frame idx="0" w="866" h="1500" x="121.703430" y="-366.352417">
   <element name="body" layername="body" frame="0" z_index="3" m_a="1.000000" m_b="0.000000" m_c="0.000000" m_d="1.000000" m_tx="0.000000" m_ty="-1.204819"/>
   <element name="decor" layername="fishhook" frame="0" z_index="2" m_a="0.866025" m_b="-0.500000" m_c="0.500000" m_d="0.866025" m_tx="-126.349998" m_ty="-159.600006"/>
   <element name="decor" layername="fishmeat" frame="1" z_index="1" m_a="0.866025" m_b="-0.500000" m_c="0.500000" m_d="0.866025" m_tx="-126.349998" m_ty="-159.600006"/>
  </frame>
  <frame idx="25" w="864" h="1483" x="119.535583" y="-361.358521">
   <element name="body" layername="body" frame="0" z_index="3" m_a="1.000000" m_b="0.000000" m_c="0.000000" m_d="1.000000" m_tx="0.000000" m_ty="-1.204819"/>
   <element name="decor" layername="fishhook" frame="0" z_index="2" m_a="0.874525" m_b="-0.484981" m_c="0.484981" m_d="0.874525" m_tx="-126.349998" m_ty="-159.600006"/>
   <element name="decor" layername="fishmeat" frame="1" z_index="1" m_a="0.874525" m_b="-0.484981" m_c="0.484981" m_d="0.874525" m_tx="-126.349998" m_ty="-159.600006"/>
  </frame>
  <frame idx="50" w="862" h="1467" x="117.233124" y="-356.316559">
   <element name="body" layername="body" frame="0" z_index="3" m_a="1.000000" m_b="0.000000" m_c="0.000000" m_d="1.000000" m_tx="0.000000" m_ty="-1.204819"/>
   <element name="decor" layername="fishhook" frame="0" z_index="2" m_a="0.882764" m_b="-0.469817" m_c="0.469817" m_d="0.882764" m_tx="-126.349998" m_ty="-159.600006"/>
   <element name="decor" layername="fishmeat" frame="1" z_index="1" m_a="0.882764" m_b="-0.469817" m_c="0.469817" m_d="0.882764" m_tx="-126.349998" m_ty="-159.600006"/>
  </frame>
  <frame idx="75" w="858" h="1450" x="114.796692" y="-351.228058">
   <element name="body" layername="body" frame="0" z_index="3" m_a="1.000000" m_b="0.000000" m_c="0.000000" m_d="1.000000" m_tx="0.000000" m_ty="-1.204819"/>
   <element name="decor" layername="fishhook" frame="0" z_index="2" m_a="0.890740" m_b="-0.454513" m_c="0.454513" m_d="0.890740" m_tx="-126.349998" m_ty="-159.600006"/>
   <element name="decor" layername="fishmeat" frame="1" z_index="1" m_a="0.890740" m_b="-0.454513" m_c="0.454513" m_d="0.890740" m_tx="-126.349998" m_ty="-159.600006"/>
  </frame>
  <frame idx="100" w="856" h="1433" x="112.227051" y="-346.094604">
   <element name="body" layername="body" frame="0" z_index="3" m_a="1.000000" m_b="0.000000" m_c="0.000000" m_d="1.000000" m_tx="0.000000" m_ty="-1.204819"/>
   <element name="decor" layername="fishhook" frame="0" z_index="2" m_a="0.898451" m_b="-0.439074" m_c="0.439074" m_d="0.898451" m_tx="-126.349998" m_ty="-159.600006"/>
   <element name="decor" layername="fishmeat" frame="1" z_index="1" m_a="0.898451" m_b="-0.439074" m_c="0.439074" m_d="0.898451" m_tx="-126.349998" m_ty="-159.600006"/>
  </frame>
  <frame idx="125" w="853" h="1416" x="109.524963" y="-340.917603">
   <element name="body" layername="body" frame="0" z_index="3" m_a="1.000000" m_b="0.000000" m_c="0.000000" m_d="1.000000" m_tx="0.000000" m_ty="-1.204819"/>
   <element name="decor" layername="fishhook" frame="0" z_index="2" m_a="0.905894" m_b="-0.423504" m_c="0.423504" m_d="0.905894" m_tx="-126.349998" m_ty="-159.600006"/>
   <element name="decor" layername="fishmeat" frame="1" z_index="1" m_a="0.905894" m_b="-0.423504" m_c="0.423504" m_d="0.905894" m_tx="-126.349998" m_ty="-159.600006"/>
  </frame>
  <frame idx="150" w="850" h="1399" x="106.691254" y="-335.698730">
   <element name="body" layername="body" frame="0" z_index="3" m_a="1.000000" m_b="0.000000" m_c="0.000000" m_d="1.000000" m_tx="0.000000" m_ty="-1.204819"/>
   <element name="decor" layername="fishhook" frame="0" z_index="2" m_a="0.913068" m_b="-0.407808" m_c="0.407808" m_d="0.913068" m_tx="-126.349998" m_ty="-159.600006"/>
   <element name="decor" layername="fishmeat" frame="1" z_index="1" m_a="0.913068" m_b="-0.407808" m_c="0.407808" m_d="0.913068" m_tx="-126.349998" m_ty="-159.600006"/>
  </frame>
  <frame idx="175" w="846" h="1381" x="103.726746" y="-330.439453">
   <element name="body" layername="body" frame="0" z_index="3" m_a="1.000000" m_b="0.000000" m_c="0.000000" m_d="1.000000" m_tx="0.000000" m_ty="-1.204819"/>
   <element name="decor" layername="fishhook" frame="0" z_index="2" m_a="0.919969" m_b="-0.391991" m_c="0.391991" m_d="0.919969" m_tx="-126.349998" m_ty="-159.600006"/>
   <element name="decor" layername="fishmeat" frame="1" z_index="1" m_a="0.919969" m_b="-0.391991" m_c="0.391991" m_d="0.919969" m_tx="-126.349998" m_ty="-159.600006"/>
  </frame>
  <frame idx="200" w="843" h="1364" x="100.632294" y="-325.141357">
   <element name="body" layername="body" frame="0" z_index="3" m_a="1.000000" m_b="0.000000" m_c="0.000000" m_d="1.000000" m_tx="0.000000" m_ty="-1.204819"/>
   <element name="decor" layername="fishhook" frame="0" z_index="2" m_a="0.926597" m_b="-0.376057" m_c="0.376057" m_d="0.926597" m_tx="-126.349998" m_ty="-159.600006"/>
   <element name="decor" layername="fishmeat" frame="1" z_index="1" m_a="0.926597" m_b="-0.376057" m_c="0.376057" m_d="0.926597" m_tx="-126.349998" m_ty="-159.600006"/>
  </frame>
  <frame idx="225" w="840" h="1347" x="97.408844" y="-319.806000">
   <element name="body" layername="body" frame="0" z_index="3" m_a="1.000000" m_b="0.000000" m_c="0.000000" m_d="1.000000" m_tx="0.000000" m_ty="-1.204819"/>
   <element name="decor" layername="fishhook" frame="0" z_index="2" m_a="0.932948" m_b="-0.360011" m_c="0.360011" m_d="0.932948" m_tx="-126.349998" m_ty="-159.600006"/>
   <element name="decor" layername="fishmeat" frame="1" z_index="1" m_a="0.932948" m_b="-0.360011" m_c="0.360011" m_d="0.932948" m_tx="-126.349998" m_ty="-159.600006"/>
  </frame>
  <frame idx="250" w="836" h="1328" x="94.057343" y="-314.434998">
   <element name="body" layername="body" frame="0" z_index="3" m_a="1.000000" m_b="0.000000" m_c="0.000000" m_d="1.000000" m_tx="0.000000" m_ty="-1.204819"/>
   <element name="decor" layername="fishhook" frame="0" z_index="2" m_a="0.939022" m_b="-0.343857" m_c="0.343857" m_d="0.939022" m_tx="-126.349998" m_ty="-159.600006"/>
   <element name="decor" layername="fishmeat" frame="1" z_index="1" m_a="0.939022" m_b="-0.343857" m_c="0.343857" m_d="0.939022" m_tx="-126.349998" m_ty="-159.600006"/>
  </frame>
  <frame idx="275" w="832" h="1311" x="90.578857" y="-309.029968">
   <element name="body" layername="body" frame="0" z_index="3" m_a="1.000000" m_b="0.000000" m_c="0.000000" m_d="1.000000" m_tx="0.000000" m_ty="-1.204819"/>
   <element name="decor" layername="fishhook" frame="0" z_index="2" m_a="0.944816" m_b="-0.327602" m_c="0.327602" m_d="0.944816" m_tx="-126.349998" m_ty="-159.600006"/>
   <element name="decor" layername="fishmeat" frame="1" z_index="1" m_a="0.944816" m_b="-0.327602" m_c="0.327602" m_d="0.944816" m_tx="-126.349998" m_ty="-159.600006"/>
  </frame>
  <frame idx="300" w="828" h="1293" x="86.974335" y="-303.592499">
   <element name="body" layername="body" frame="0" z_index="3" m_a="1.000000" m_b="0.000000" m_c="0.000000" m_d="1.000000" m_tx="0.000000" m_ty="-1.204819"/>
   <element name="decor" layername="fishhook" frame="0" z_index="2" m_a="0.950329" m_b="-0.311248" m_c="0.311248" m_d="0.950329" m_tx="-126.349998" m_ty="-159.600006"/>
   <element name="decor" layername="fishmeat" frame="1" z_index="1" m_a="0.950329" m_b="-0.311248" m_c="0.311248" m_d="0.950329" m_tx="-126.349998" m_ty="-159.600006"/>
  </frame>
  <frame idx="325" w="824" h="1274" x="83.244873" y="-298.124176">
   <element name="body" layername="body" frame="0" z_index="3" m_a="1.000000" m_b="0.000000" m_c="0.000000" m_d="1.000000" m_tx="0.000000" m_ty="-1.204819"/>
   <element name="decor" layername="fishhook" frame="0" z_index="2" m_a="0.955558" m_b="-0.294802" m_c="0.294802" m_d="0.955558" m_tx="-126.349998" m_ty="-159.600006"/>
   <element name="decor" layername="fishmeat" frame="1" z_index="1" m_a="0.955558" m_b="-0.294802" m_c="0.294802" m_d="0.955558" m_tx="-126.349998" m_ty="-159.600006"/>
  </frame>
  <frame idx="350" w="820" h="1257" x="79.391632" y="-292.626678">
   <element name="body" layername="body" frame="0" z_index="3" m_a="1.000000" m_b="0.000000" m_c="0.000000" m_d="1.000000" m_tx="0.000000" m_ty="-1.204819"/>
   <element name="decor" layername="fishhook" frame="0" z_index="2" m_a="0.960503" m_b="-0.278268" m_c="0.278268" m_d="0.960503" m_tx="-126.349998" m_ty="-159.600006"/>
   <element name="decor" layername="fishmeat" frame="1" z_index="1" m_a="0.960503" m_b="-0.278268" m_c="0.278268" m_d="0.960503" m_tx="-126.349998" m_ty="-159.600006"/>
  </frame>
  <frame idx="375" w="816" h="1238" x="75.415680" y="-287.101624">
   <element name="body" layername="body" frame="0" z_index="3" m_a="1.000000" m_b="0.000000" m_c="0.000000" m_d="1.000000" m_tx="0.000000" m_ty="-1.204819"/>
   <element name="decor" layername="fishhook" frame="0" z_index="2" m_a="0.965162" m_b="-0.261652" m_c="0.261652" m_d="0.965162" m_tx="-126.349998" m_ty="-159.600006"/>
   <element name="decor" layername="fishmeat" frame="1" z_index="1" m_a="0.965162" m_b="-0.261652" m_c="0.261652" m_d="0.965162" m_tx="-126.349998" m_ty="-159.600006"/>
  </frame>
  <frame idx="400" w="811" h="1220" x="71.318268" y="-281.550659">
   <element name="body" layername="body" frame="0" z_index="3" m_a="1.000000" m_b="0.000000" m_c="0.000000" m_d="1.000000" m_tx="0.000000" m_ty="-1.204819"/>
   <element name="decor" layername="fishhook" frame="0" z_index="2" m_a="0.969534" m_b="-0.244957" m_c="0.244957" m_d="0.969534" m_tx="-126.349998" m_ty="-159.600006"/>
   <element name="decor" layername="fishmeat" frame="1" z_index="1" m_a="0.969534" m_b="-0.244957" m_c="0.244957" m_d="0.969534" m_tx="-126.349998" m_ty="-159.600006"/>
  </frame>
  <frame idx="425" w="807" h="1202" x="67.100586" y="-275.975464">
   <element name="body" layername="body" frame="0" z_index="3" m_a="1.000000" m_b="0.000000" m_c="0.000000" m_d="1.000000" m_tx="0.000000" m_ty="-1.204819"/>
   <element name="decor" layername="fishhook" frame="0" z_index="2" m_a="0.973617" m_b="-0.228190" m_c="0.228190" m_d="0.973617" m_tx="-126.349998" m_ty="-159.600006"/>
   <element name="decor" layername="fishmeat" frame="1" z_index="1" m_a="0.973617" m_b="-0.228190" m_c="0.228190" m_d="0.973617" m_tx="-126.349998" m_ty="-159.600006"/>
  </frame>
  <frame idx="450" w="801" h="1183" x="62.763885" y="-270.377625">
   <element name="body" layername="body" frame="0" z_index="3" m_a="1.000000" m_b="0.000000" m_c="0.000000" m_d="1.000000" m_tx="0.000000" m_ty="-1.204819"/>
   <element name="decor" layername="fishhook" frame="0" z_index="2" m_a="0.977410" m_b="-0.211354" m_c="0.211354" m_d="0.977410" m_tx="-126.349998" m_ty="-159.600006"/>
   <element name="decor" layername="fishmeat" frame="1" z_index="1" m_a="0.977410" m_b="-0.211354" m_c="0.211354" m_d="0.977410" m_tx="-126.349998" m_ty="-159.600006"/>
  </frame>
  <frame idx="475" w="797" h="1164" x="58.309479" y="-264.758881">
   <element name="body" layername="body" frame="0" z_index="3" m_a="1.000000" m_b="0.000000" m_c="0.000000" m_d="1.000000" m_tx="0.000000" m_ty="-1.204819"/>
   <element name="decor" layername="fishhook" frame="0" z_index="2" m_a="0.980911" m_b="-0.194456" m_c="0.194456" m_d="0.980911" m_tx="-126.349998" m_ty="-159.600006"/>
   <element name="decor" layername="fishmeat" frame="1" z_index="1" m_a="0.980911" m_b="-0.194456" m_c="0.194456" m_d="0.980911" m_tx="-126.349998" m_ty="-159.600006"/>
  </frame>
  <frame idx="500" w="791" h="1146" x="53.738678" y="-259.120880">
   <element name="body" layername="body" frame="0" z_index="3" m_a="1.000000" m_b="0.000000" m_c="0.000000" m_d="1.000000" m_tx="0.000000" m_ty="-1.204819"/>
   <element name="decor" layername="fishhook" frame="0" z_index="2" m_a="0.984121" m_b="-0.177499" m_c="0.177499" m_d="0.984121" m_tx="-126.349998" m_ty="-159.600006"/>
   <element name="decor" layername="fishmeat" frame="1" z_index="1" m_a="0.984121" m_b="-0.177499" m_c="0.177499" m_d="0.984121" m_tx="-126.349998" m_ty="-159.600006"/>
  </frame>
  <frame idx="525" w="787" h="1127" x="49.052856" y="-253.465302">
   <element name="body" layername="body" frame="0" z_index="3" m_a="1.000000" m_b="0.000000" m_c="0.000000" m_d="1.000000" m_tx="0.000000" m_ty="-1.204819"/>
   <element name="decor" layername="fishhook" frame="0" z_index="2" m_a="0.987037" m_b="-0.160490" m_c="0.160490" m_d="0.987037" m_tx="-126.349998" m_ty="-159.600006"/>
   <element name="decor" layername="fishmeat" frame="1" z_index="1" m_a="0.987037" m_b="-0.160490" m_c="0.160490" m_d="0.987037" m_tx="-126.349998" m_ty="-159.600006"/>
  </frame>
  <frame idx="550" w="781" h="1108" x="44.253357" y="-247.793854">
   <element name="body" layername="body" frame="0" z_index="3" m_a="1.000000" m_b="0.000000" m_c="0.000000" m_d="1.000000" m_tx="0.000000" m_ty="-1.204819"/>
   <element name="decor" layername="fishhook" frame="0" z_index="2" m_a="0.989660" m_b="-0.143433" m_c="0.143433" m_d="0.989660" m_tx="-126.349998" m_ty="-159.600006"/>
   <element name="decor" layername="fishmeat" frame="1" z_index="1" m_a="0.989660" m_b="-0.143433" m_c="0.143433" m_d="0.989660" m_tx="-126.349998" m_ty="-159.600006"/>
  </frame>
  <frame idx="575" w="776" h="1089" x="39.341705" y="-242.108154">
   <element name="body" layername="body" frame="0" z_index="3" m_a="1.000000" m_b="0.000000" m_c="0.000000" m_d="1.000000" m_tx="0.000000" m_ty="-1.204819"/>
   <element name="decor" layername="fishhook" frame="0" z_index="2" m_a="0.991988" m_b="-0.126333" m_c="0.126333" m_d="0.991988" m_tx="-126.349998" m_ty="-159.600006"/>
   <element name="decor" layername="fishmeat" frame="1" z_index="1" m_a="0.991988" m_b="-0.126333" m_c="0.126333" m_d="0.991988" m_tx="-126.349998" m_ty="-159.600006"/>
  </frame>
  <frame idx="600" w="770" h="1071" x="34.319305" y="-236.409973">
   <element name="body" layername="body" frame="0" z_index="3" m_a="1.000000" m_b="0.000000" m_c="0.000000" m_d="1.000000" m_tx="0.000000" m_ty="-1.204819"/>
   <element name="decor" layername="fishhook" frame="0" z_index="2" m_a="0.994020" m_b="-0.109196" m_c="0.109196" m_d="0.994020" m_tx="-126.349998" m_ty="-159.600006"/>
   <element name="decor" layername="fishmeat" frame="1" z_index="1" m_a="0.994020" m_b="-0.109196" m_c="0.109196" m_d="0.994020" m_tx="-126.349998" m_ty="-159.600006"/>
  </frame>
  <frame idx="625" w="765" h="1052" x="29.187622" y="-230.700989">
   <element name="body" layername="body" frame="0" z_index="3" m_a="1.000000" m_b="0.000000" m_c="0.000000" m_d="1.000000" m_tx="0.000000" m_ty="-1.204819"/>
   <element name="decor" layername="fishhook" frame="0" z_index="2" m_a="0.995757" m_b="-0.092026" m_c="0.092026" m_d="0.995757" m_tx="-126.349998" m_ty="-159.600006"/>
   <element name="decor" layername="fishmeat" frame="1" z_index="1" m_a="0.995757" m_b="-0.092026" m_c="0.092026" m_d="0.995757" m_tx="-126.349998" m_ty="-159.600006"/>
  </frame>
  <frame idx="650" w="758" h="1033" x="23.948273" y="-224.982880">
   <element name="body" layername="body" frame="0" z_index="3" m_a="1.000000" m_b="0.000000" m_c="0.000000" m_d="1.000000" m_tx="0.000000" m_ty="-1.204819"/>
   <element name="decor" layername="fishhook" frame="0" z_index="2" m_a="0.997196" m_b="-0.074828" m_c="0.074828" m_d="0.997196" m_tx="-126.349998" m_ty="-159.600006"/>
   <element name="decor" layername="fishmeat" frame="1" z_index="1" m_a="0.997196" m_b="-0.074828" m_c="0.074828" m_d="0.997196" m_tx="-126.349998" m_ty="-159.600006"/>
  </frame>
  <frame idx="675" w="753" h="1015" x="18.602722" y="-219.207153">
   <element name="body" layername="body" frame="0" z_index="3" m_a="1.000000" m_b="0.000000" m_c="0.000000" m_d="1.000000" m_tx="0.000000" m_ty="-1.204819"/>
   <element name="decor" layername="fishhook" frame="0" z_index="2" m_a="0.998339" m_b="-0.057609" m_c="0.057609" m_d="0.998339" m_tx="-126.349998" m_ty="-159.600006"/>
   <element name="decor" layername="fishmeat" frame="1" z_index="1" m_a="0.998339" m_b="-0.057609" m_c="0.057609" m_d="0.998339" m_tx="-126.349998" m_ty="-159.600006"/>
  </frame>
  <frame idx="700" w="747" h="996" x="13.152618" y="-213.194794">
   <element name="body" layername="body" frame="0" z_index="3" m_a="1.000000" m_b="0.000000" m_c="0.000000" m_d="1.000000" m_tx="0.000000" m_ty="-1.204819"/>
   <element name="decor" layername="fishhook" frame="0" z_index="2" m_a="0.999185" m_b="-0.040372" m_c="0.040372" m_d="0.999185" m_tx="-126.349998" m_ty="-159.600006"/>
   <element name="decor" layername="fishmeat" frame="1" z_index="1" m_a="0.999185" m_b="-0.040372" m_c="0.040372" m_d="0.999185" m_tx="-126.349998" m_ty="-159.600006"/>
  </frame>
  <frame idx="725" w="741" h="977" x="7.599579" y="-207.277374">
   <element name="body" layername="body" frame="0" z_index="3" m_a="1.000000" m_b="0.000000" m_c="0.000000" m_d="1.000000" m_tx="0.000000" m_ty="-1.204819"/>
   <element name="decor" layername="fishhook" frame="0" z_index="2" m_a="0.999733" m_b="-0.023123" m_c="0.023123" m_d="0.999733" m_tx="-126.349998" m_ty="-159.600006"/>
   <element name="decor" layername="fishmeat" frame="1" z_index="1" m_a="0.999733" m_b="-0.023123" m_c="0.023123" m_d="0.999733" m_tx="-126.349998" m_ty="-159.600006"/>
  </frame>
  <frame idx="750" w="734" h="959" x="1.945251" y="-201.456696">
   <element name="body" layername="body" frame="0" z_index="3" m_a="1.000000" m_b="0.000000" m_c="0.000000" m_d="1.000000" m_tx="0.000000" m_ty="-1.204819"/>
   <element name="decor" layername="fishhook" frame="0" z_index="2" m_a="0.999983" m_b="-0.005868" m_c="0.005868" m_d="0.999983" m_tx="-126.349998" m_ty="-159.600006"/>
   <element name="decor" layername="fishmeat" frame="1" z_index="1" m_a="0.999983" m_b="-0.005868" m_c="0.005868" m_d="0.999983" m_tx="-126.349998" m_ty="-159.600006"/>
  </frame>
  <frame idx="775" w="745" h="959" x="-3.787140" y="-196.336884">
   <element name="body" layername="body" frame="0" z_index="3" m_a="1.000000" m_b="0.000000" m_c="0.000000" m_d="1.000000" m_tx="0.000000" m_ty="-1.204819"/>
   <element name="decor" layername="fishhook" frame="0" z_index="2" m_a="0.999935" m_b="0.011390" m_c="-0.011390" m_d="0.999935" m_tx="-126.349998" m_ty="-159.600006"/>
   <element name="decor" layername="fishmeat" frame="1" z_index="1" m_a="0.999935" m_b="0.011390" m_c="-0.011390" m_d="0.999935" m_tx="-126.349998" m_ty="-159.600006"/>
  </frame>
  <frame idx="800" w="764" h="964" x="-9.524078" y="-190.714783">
   <element name="body" layername="body" frame="0" z_index="3" m_a="1.000000" m_b="0.000000" m_c="0.000000" m_d="1.000000" m_tx="0.000000" m_ty="-1.204819"/>
   <element name="decor" layername="fishhook" frame="0" z_index="2" m_a="0.999590" m_b="0.028644" m_c="-0.028644" m_d="0.999590" m_tx="-126.349998" m_ty="-159.600006"/>
   <element name="decor" layername="fishmeat" frame="1" z_index="1" m_a="0.999590" m_b="0.028644" m_c="-0.028644" m_d="0.999590" m_tx="-126.349998" m_ty="-159.600006"/>
  </frame>
  <frame idx="825" w="783" h="971" x="-15.258209" y="-185.194458">
   <element name="body" layername="body" frame="0" z_index="3" m_a="1.000000" m_b="0.000000" m_c="0.000000" m_d="1.000000" m_tx="0.000000" m_ty="-1.204819"/>
   <element name="decor" layername="fishhook" frame="0" z_index="2" m_a="0.998947" m_b="0.045889" m_c="-0.045889" m_d="0.998947" m_tx="-126.349998" m_ty="-159.600006"/>
   <element name="decor" layername="fishmeat" frame="1" z_index="1" m_a="0.998947" m_b="0.045889" m_c="-0.045889" m_d="0.998947" m_tx="-126.349998" m_ty="-159.600006"/>
  </frame>
  <frame idx="850" w="801" h="976" x="-20.987823" y="-179.777649">
   <element name="body" layername="body" frame="0" z_index="3" m_a="1.000000" m_b="0.000000" m_c="0.000000" m_d="1.000000" m_tx="0.000000" m_ty="-1.204819"/>
   <element name="decor" layername="fishhook" frame="0" z_index="2" m_a="0.998006" m_b="0.063121" m_c="-0.063121" m_d="0.998006" m_tx="-126.349998" m_ty="-159.600006"/>
   <element name="decor" layername="fishmeat" frame="1" z_index="1" m_a="0.998006" m_b="0.063121" m_c="-0.063121" m_d="0.998006" m_tx="-126.349998" m_ty="-159.600006"/>
  </frame>
  <frame idx="875" w="821" h="982" x="-26.711121" y="-174.465942">
   <element name="body" layername="body" frame="0" z_index="3" m_a="1.000000" m_b="0.000000" m_c="0.000000" m_d="1.000000" m_tx="0.000000" m_ty="-1.204819"/>
   <element name="decor" layername="fishhook" frame="0" z_index="2" m_a="0.996768" m_b="0.080334" m_c="-0.080334" m_d="0.996768" m_tx="-126.349998" m_ty="-159.600006"/>
   <element name="decor" layername="fishmeat" frame="1" z_index="1" m_a="0.996768" m_b="0.080334" m_c="-0.080334" m_d="0.996768" m_tx="-126.349998" m_ty="-159.600006"/>
  </frame>
  <frame idx="900" w="840" h="988" x="-32.426514" y="-169.260864">
   <element name="body" layername="body" frame="0" z_index="3" m_a="1.000000" m_b="0.000000" m_c="0.000000" m_d="1.000000" m_tx="0.000000" m_ty="-1.204819"/>
   <element name="decor" layername="fishhook" frame="0" z_index="2" m_a="0.995233" m_b="0.097523" m_c="-0.097523" m_d="0.995233" m_tx="-126.349998" m_ty="-159.600006"/>
   <element name="decor" layername="fishmeat" frame="1" z_index="1" m_a="0.995233" m_b="0.097523" m_c="-0.097523" m_d="0.995233" m_tx="-126.349998" m_ty="-159.600006"/>
  </frame>
  <frame idx="925" w="858" h="994" x="-38.132233" y="-164.164001">
   <element name="body" layername="body" frame="0" z_index="3" m_a="1.000000" m_b="0.000000" m_c="0.000000" m_d="1.000000" m_tx="0.000000" m_ty="-1.204819"/>
   <element name="decor" layername="fishhook" frame="0" z_index="2" m_a="0.993402" m_b="0.114683" m_c="-0.114683" m_d="0.993402" m_tx="-126.349998" m_ty="-159.600006"/>
   <element name="decor" layername="fishmeat" frame="1" z_index="1" m_a="0.993402" m_b="0.114683" m_c="-0.114683" m_d="0.993402" m_tx="-126.349998" m_ty="-159.600006"/>
  </frame>
  <frame idx="950" w="877" h="999" x="-43.826630" y="-159.176819">
   <element name="body" layername="body" frame="0" z_index="3" m_a="1.000000" m_b="0.000000" m_c="0.000000" m_d="1.000000" m_tx="0.000000" m_ty="-1.204819"/>
   <element name="decor" layername="fishhook" frame="0" z_index="2" m_a="0.991275" m_b="0.131809" m_c="-0.131809" m_d="0.991275" m_tx="-126.349998" m_ty="-159.600006"/>
   <element name="decor" layername="fishmeat" frame="1" z_index="1" m_a="0.991275" m_b="0.131809" m_c="-0.131809" m_d="0.991275" m_tx="-126.349998" m_ty="-159.600006"/>
  </frame>
  <frame idx="975" w="896" h="1005" x="-49.507904" y="-154.300903">
   <element name="body" layername="body" frame="0" z_index="3" m_a="1.000000" m_b="0.000000" m_c="0.000000" m_d="1.000000" m_tx="0.000000" m_ty="-1.204819"/>
   <element name="decor" layername="fishhook" frame="0" z_index="2" m_a="0.988853" m_b="0.148896" m_c="-0.148896" m_d="0.988853" m_tx="-126.349998" m_ty="-159.600006"/>
   <element name="decor" layername="fishmeat" frame="1" z_index="1" m_a="0.988853" m_b="0.148896" m_c="-0.148896" m_d="0.988853" m_tx="-126.349998" m_ty="-159.600006"/>
  </frame>
  <frame idx="1000" w="915" h="1009" x="-55.174469" y="-149.537659">
   <element name="body" layername="body" frame="0" z_index="3" m_a="1.000000" m_b="0.000000" m_c="0.000000" m_d="1.000000" m_tx="0.000000" m_ty="-1.204819"/>
   <element name="decor" layername="fishhook" frame="0" z_index="2" m_a="0.986136" m_b="0.165938" m_c="-0.165938" m_d="0.986136" m_tx="-126.349998" m_ty="-159.600006"/>
   <element name="decor" layername="fishmeat" frame="1" z_index="1" m_a="0.986136" m_b="0.165938" m_c="-0.165938" m_d="0.986136" m_tx="-126.349998" m_ty="-159.600006"/>
  </frame>
  <frame idx="1025" w="933" h="1015" x="-60.824646" y="-144.888489">
   <element name="body" layername="body" frame="0" z_index="3" m_a="1.000000" m_b="0.000000" m_c="0.000000" m_d="1.000000" m_tx="0.000000" m_ty="-1.204819"/>
   <element name="decor" layername="fishhook" frame="0" z_index="2" m_a="0.983126" m_b="0.182931" m_c="-0.182931" m_d="0.983126" m_tx="-126.349998" m_ty="-159.600006"/>
   <element name="decor" layername="fishmeat" frame="1" z_index="1" m_a="0.983126" m_b="0.182931" m_c="-0.182931" m_d="0.983126" m_tx="-126.349998" m_ty="-159.600006"/>
  </frame>
  <frame idx="1050" w="952" h="1020" x="-66.456635" y="-140.354797">
   <element name="body" layername="body" frame="0" z_index="3" m_a="1.000000" m_b="0.000000" m_c="0.000000" m_d="1.000000" m_tx="0.000000" m_ty="-1.204819"/>
   <element name="decor" layername="fishhook" frame="0" z_index="2" m_a="0.979823" m_b="0.199870" m_c="-0.199870" m_d="0.979823" m_tx="-126.349998" m_ty="-159.600006"/>
   <element name="decor" layername="fishmeat" frame="1" z_index="1" m_a="0.979823" m_b="0.199870" m_c="-0.199870" m_d="0.979823" m_tx="-126.349998" m_ty="-159.600006"/>
  </frame>
  <frame idx="1075" w="971" h="1025" x="-72.068878" y="-135.937897">
   <element name="body" layername="body" frame="0" z_index="3" m_a="1.000000" m_b="0.000000" m_c="0.000000" m_d="1.000000" m_tx="0.000000" m_ty="-1.204819"/>
   <element name="decor" layername="fishhook" frame="0" z_index="2" m_a="0.976227" m_b="0.216749" m_c="-0.216749" m_d="0.976227" m_tx="-126.349998" m_ty="-159.600006"/>
   <element name="decor" layername="fishmeat" frame="1" z_index="1" m_a="0.976227" m_b="0.216749" m_c="-0.216749" m_d="0.976227" m_tx="-126.349998" m_ty="-159.600006"/>
  </frame>
  <frame idx="1100" w="988" h="1029" x="-77.659637" y="-131.639160">
   <element name="body" layername="body" frame="0" z_index="3" m_a="1.000000" m_b="0.000000" m_c="0.000000" m_d="1.000000" m_tx="0.000000" m_ty="-1.204819"/>
   <element name="decor" layername="fishhook" frame="0" z_index="2" m_a="0.972342" m_b="0.233563" m_c="-0.233563" m_d="0.972342" m_tx="-126.349998" m_ty="-159.600006"/>
   <element name="decor" layername="fishmeat" frame="1" z_index="1" m_a="0.972342" m_b="0.233563" m_c="-0.233563" m_d="0.972342" m_tx="-126.349998" m_ty="-159.600006"/>
  </frame>
  <frame idx="1125" w="1007" h="1033" x="-83.227295" y="-127.459808">
   <element name="body" layername="body" frame="0" z_index="3" m_a="1.000000" m_b="0.000000" m_c="0.000000" m_d="1.000000" m_tx="0.000000" m_ty="-1.204819"/>
   <element name="decor" layername="fishhook" frame="0" z_index="2" m_a="0.968166" m_b="0.250308" m_c="-0.250308" m_d="0.968166" m_tx="-126.349998" m_ty="-159.600006"/>
   <element name="decor" layername="fishmeat" frame="1" z_index="1" m_a="0.968166" m_b="0.250308" m_c="-0.250308" m_d="0.968166" m_tx="-126.349998" m_ty="-159.600006"/>
  </frame>
  <frame idx="1150" w="1026" h="1039" x="-88.770142" y="-123.401123">
   <element name="body" layername="body" frame="0" z_index="3" m_a="1.000000" m_b="0.000000" m_c="0.000000" m_d="1.000000" m_tx="0.000000" m_ty="-1.204819"/>
   <element name="decor" layername="fishhook" frame="0" z_index="2" m_a="0.963703" m_b="0.266978" m_c="-0.266978" m_d="0.963703" m_tx="-126.349998" m_ty="-159.600006"/>
   <element name="decor" layername="fishmeat" frame="1" z_index="1" m_a="0.963703" m_b="0.266978" m_c="-0.266978" m_d="0.963703" m_tx="-126.349998" m_ty="-159.600006"/>
  </frame>
  <frame idx="1175" w="1043" h="1042" x="-94.286530" y="-119.464355">
   <element name="body" layername="body" frame="0" z_index="3" m_a="1.000000" m_b="0.000000" m_c="0.000000" m_d="1.000000" m_tx="0.000000" m_ty="-1.204819"/>
   <element name="decor" layername="fishhook" frame="0" z_index="2" m_a="0.958952" m_b="0.283569" m_c="-0.283569" m_d="0.958952" m_tx="-126.349998" m_ty="-159.600006"/>
   <element name="decor" layername="fishmeat" frame="1" z_index="1" m_a="0.958952" m_b="0.283569" m_c="-0.283569" m_d="0.958952" m_tx="-126.349998" m_ty="-159.600006"/>
  </frame>
  <frame idx="1200" w="1062" h="1047" x="-99.774872" y="-115.650604">
   <element name="body" layername="body" frame="0" z_index="3" m_a="1.000000" m_b="0.000000" m_c="0.000000" m_d="1.000000" m_tx="0.000000" m_ty="-1.204819"/>
   <element name="decor" layername="fishhook" frame="0" z_index="2" m_a="0.953916" m_b="0.300075" m_c="-0.300075" m_d="0.953916" m_tx="-126.349998" m_ty="-159.600006"/>
   <element name="decor" layername="fishmeat" frame="1" z_index="1" m_a="0.953916" m_b="0.300075" m_c="-0.300075" m_d="0.953916" m_tx="-126.349998" m_ty="-159.600006"/>
  </frame>
  <frame idx="1225" w="1080" h="1051" x="-105.233490" y="-111.960999">
   <element name="body" layername="body" frame="0" z_index="3" m_a="1.000000" m_b="0.000000" m_c="0.000000" m_d="1.000000" m_tx="0.000000" m_ty="-1.204819"/>
   <element name="decor" layername="fishhook" frame="0" z_index="2" m_a="0.948595" m_b="0.316492" m_c="-0.316492" m_d="0.948595" m_tx="-126.349998" m_ty="-159.600006"/>
   <element name="decor" layername="fishmeat" frame="1" z_index="1" m_a="0.948595" m_b="0.316492" m_c="-0.316492" m_d="0.948595" m_tx="-126.349998" m_ty="-159.600006"/>
  </frame>
  <frame idx="1250" w="1097" h="1055" x="-110.660797" y="-108.396667">
   <element name="body" layername="body" frame="0" z_index="3" m_a="1.000000" m_b="0.000000" m_c="0.000000" m_d="1.000000" m_tx="0.000000" m_ty="-1.204819"/>
   <element name="decor" layername="fishhook" frame="0" z_index="2" m_a="0.942992" m_b="0.332814" m_c="-0.332814" m_d="0.942992" m_tx="-126.349998" m_ty="-159.600006"/>
   <element name="decor" layername="fishmeat" frame="1" z_index="1" m_a="0.942992" m_b="0.332814" m_c="-0.332814" m_d="0.942992" m_tx="-126.349998" m_ty="-159.600006"/>
  </frame>
  <frame idx="1275" w="1116" h="1059" x="-116.055084" y="-104.958710">
   <element name="body" layername="body" frame="0" z_index="3" m_a="1.000000" m_b="0.000000" m_c="0.000000" m_d="1.000000" m_tx="0.000000" m_ty="-1.204819"/>
   <element name="decor" layername="fishhook" frame="0" z_index="2" m_a="0.937109" m_b="0.349038" m_c="-0.349038" m_d="0.937109" m_tx="-126.349998" m_ty="-159.600006"/>
   <element name="decor" layername="fishmeat" frame="1" z_index="1" m_a="0.937109" m_b="0.349038" m_c="-0.349038" m_d="0.937109" m_tx="-126.349998" m_ty="-159.600006"/>
  </frame>
  <frame idx="1300" w="1133" h="1062" x="-121.414856" y="-101.648071">
   <element name="body" layername="body" frame="0" z_index="3" m_a="1.000000" m_b="0.000000" m_c="0.000000" m_d="1.000000" m_tx="0.000000" m_ty="-1.204819"/>
   <element name="decor" layername="fishhook" frame="0" z_index="2" m_a="0.930946" m_b="0.365157" m_c="-0.365157" m_d="0.930946" m_tx="-126.349998" m_ty="-159.600006"/>
   <element name="decor" layername="fishmeat" frame="1" z_index="1" m_a="0.930946" m_b="0.365157" m_c="-0.365157" m_d="0.930946" m_tx="-126.349998" m_ty="-159.600006"/>
  </frame>
  <frame idx="1325" w="1151" h="1065" x="-126.738464" y="-98.465820">
   <element name="body" layername="body" frame="0" z_index="3" m_a="1.000000" m_b="0.000000" m_c="0.000000" m_d="1.000000" m_tx="0.000000" m_ty="-1.204819"/>
   <element name="decor" layername="fishhook" frame="0" z_index="2" m_a="0.924506" m_b="0.381168" m_c="-0.381168" m_d="0.924506" m_tx="-126.349998" m_ty="-159.600006"/>
   <element name="decor" layername="fishmeat" frame="1" z_index="1" m_a="0.924506" m_b="0.381168" m_c="-0.381168" m_d="0.924506" m_tx="-126.349998" m_ty="-159.600006"/>
  </frame>
  <frame idx="1350" w="1169" h="1069" x="-132.024292" y="-95.412842">
   <element name="body" layername="body" frame="0" z_index="3" m_a="1.000000" m_b="0.000000" m_c="0.000000" m_d="1.000000" m_tx="0.000000" m_ty="-1.204819"/>
   <element name="decor" layername="fishhook" frame="0" z_index="2" m_a="0.917790" m_b="0.397066" m_c="-0.397066" m_d="0.917790" m_tx="-126.349998" m_ty="-159.600006"/>
   <element name="decor" layername="fishmeat" frame="1" z_index="1" m_a="0.917790" m_b="0.397066" m_c="-0.397066" m_d="0.917790" m_tx="-126.349998" m_ty="-159.600006"/>
  </frame>
  <frame idx="1375" w="1185" h="1072" x="-137.270813" y="-92.490082">
   <element name="body" layername="body" frame="0" z_index="3" m_a="1.000000" m_b="0.000000" m_c="0.000000" m_d="1.000000" m_tx="0.000000" m_ty="-1.204819"/>
   <element name="decor" layername="fishhook" frame="0" z_index="2" m_a="0.910802" m_b="0.412845" m_c="-0.412845" m_d="0.910802" m_tx="-126.349998" m_ty="-159.600006"/>
   <element name="decor" layername="fishmeat" frame="1" z_index="1" m_a="0.910802" m_b="0.412845" m_c="-0.412845" m_d="0.910802" m_tx="-126.349998" m_ty="-159.600006"/>
  </frame>
  <frame idx="1400" w="1203" h="1075" x="-142.476440" y="-89.698425">
   <element name="body" layername="body" frame="0" z_index="3" m_a="1.000000" m_b="0.000000" m_c="0.000000" m_d="1.000000" m_tx="0.000000" m_ty="-1.204819"/>
   <element name="decor" layername="fishhook" frame="0" z_index="2" m_a="0.903542" m_b="0.428501" m_c="-0.428501" m_d="0.903542" m_tx="-126.349998" m_ty="-159.600006"/>
   <element name="decor" layername="fishmeat" frame="1" z_index="1" m_a="0.903542" m_b="0.428501" m_c="-0.428501" m_d="0.903542" m_tx="-126.349998" m_ty="-159.600006"/>
  </frame>
  <frame idx="1425" w="1219" h="1078" x="-147.639709" y="-87.038635">
   <element name="body" layername="body" frame="0" z_index="3" m_a="1.000000" m_b="0.000000" m_c="0.000000" m_d="1.000000" m_tx="0.000000" m_ty="-1.204819"/>
   <element name="decor" layername="fishhook" frame="0" z_index="2" m_a="0.896012" m_b="0.444029" m_c="-0.444029" m_d="0.896012" m_tx="-126.349998" m_ty="-159.600006"/>
   <element name="decor" layername="fishmeat" frame="1" z_index="1" m_a="0.896012" m_b="0.444029" m_c="-0.444029" m_d="0.896012" m_tx="-126.349998" m_ty="-159.600006"/>
  </frame>
  <frame idx="1450" w="1237" h="1081" x="-152.758972" y="-84.511536">
   <element name="body" layername="body" frame="0" z_index="3" m_a="1.000000" m_b="0.000000" m_c="0.000000" m_d="1.000000" m_tx="0.000000" m_ty="-1.204819"/>
   <element name="decor" layername="fishhook" frame="0" z_index="2" m_a="0.888216" m_b="0.459425" m_c="-0.459425" m_d="0.888216" m_tx="-126.349998" m_ty="-159.600006"/>
   <element name="decor" layername="fishmeat" frame="1" z_index="1" m_a="0.888216" m_b="0.459425" m_c="-0.459425" m_d="0.888216" m_tx="-126.349998" m_ty="-159.600006"/>
  </frame>
  <frame idx="1475" w="1253" h="1084" x="-157.832672" y="-82.117889">
   <element name="body" layername="body" frame="0" z_index="3" m_a="1.000000" m_b="0.000000" m_c="0.000000" m_d="1.000000" m_tx="0.000000" m_ty="-1.204819"/>
   <element name="decor" layername="fishhook" frame="0" z_index="2" m_a="0.880156" m_b="0.474685" m_c="-0.474685" m_d="0.880156" m_tx="-126.349998" m_ty="-159.600006"/>
   <element name="decor" layername="fishmeat" frame="1" z_index="1" m_a="0.880156" m_b="0.474685" m_c="-0.474685" m_d="0.880156" m_tx="-126.349998" m_ty="-159.600006"/>
  </frame>
  <frame idx="1500" w="1270" h="1086" x="-162.859436" y="-79.858429">
   <element name="body" layername="body" frame="0" z_index="3" m_a="1.000000" m_b="0.000000" m_c="0.000000" m_d="1.000000" m_tx="0.000000" m_ty="-1.204819"/>
   <element name="decor" layername="fishhook" frame="0" z_index="2" m_a="0.871833" m_b="0.489803" m_c="-0.489803" m_d="0.871833" m_tx="-126.349998" m_ty="-159.600006"/>
   <element name="decor" layername="fishmeat" frame="1" z_index="1" m_a="0.871833" m_b="0.489803" m_c="-0.489803" m_d="0.871833" m_tx="-126.349998" m_ty="-159.600006"/>
  </frame>
  <frame idx="1525" w="1275" h="1087" x="-164.620605" y="-79.093781">
   <element name="body" layername="body" frame="0" z_index="3" m_a="1.000000" m_b="0.000000" m_c="0.000000" m_d="1.000000" m_tx="0.000000" m_ty="-1.204819"/>
   <element name="decor" layername="fishhook" frame="0" z_index="2" m_a="0.868836" m_b="0.495100" m_c="-0.495100" m_d="0.868836" m_tx="-126.349998" m_ty="-159.600006"/>
   <element name="decor" layername="fishmeat" frame="1" z_index="1" m_a="0.868836" m_b="0.495100" m_c="-0.495100" m_d="0.868836" m_tx="-126.349998" m_ty="-159.600006"/>
  </frame>
  <frame idx="1550" w="1259" h="1085" x="-159.495331" y="-81.358063">
   <element name="body" layername="body" frame="0" z_index="3" m_a="1.000000" m_b="0.000000" m_c="0.000000" m_d="1.000000" m_tx="0.000000" m_ty="-1.204819"/>
   <element name="decor" layername="fishhook" frame="0" z_index="2" m_a="0.877441" m_b="0.479685" m_c="-0.479685" m_d="0.877441" m_tx="-126.349998" m_ty="-159.600006"/>
   <element name="decor" layername="fishmeat" frame="1" z_index="1" m_a="0.877441" m_b="0.479685" m_c="-0.479685" m_d="0.877441" m_tx="-126.349998" m_ty="-159.600006"/>
  </frame>
  <frame idx="1575" w="1241" h="1082" x="-154.320496" y="-83.762939">
   <element name="body" layername="body" frame="0" z_index="3" m_a="1.000000" m_b="0.000000" m_c="0.000000" m_d="1.000000" m_tx="0.000000" m_ty="-1.204819"/>
   <element name="decor" layername="fishhook" frame="0" z_index="2" m_a="0.885771" m_b="0.464122" m_c="-0.464122" m_d="0.885771" m_tx="-126.349998" m_ty="-159.600006"/>
   <element name="decor" layername="fishmeat" frame="1" z_index="1" m_a="0.885771" m_b="0.464122" m_c="-0.464122" m_d="0.885771" m_tx="-126.349998" m_ty="-159.600006"/>
  </frame>
  <frame idx="1600" w="1225" h="1080" x="-149.097473" y="-86.307739">
   <element name="body" layername="body" frame="0" z_index="3" m_a="1.000000" m_b="0.000000" m_c="0.000000" m_d="1.000000" m_tx="0.000000" m_ty="-1.204819"/>
   <element name="decor" layername="fishhook" frame="0" z_index="2" m_a="0.893826" m_b="0.448413" m_c="-0.448413" m_d="0.893826" m_tx="-126.349998" m_ty="-159.600006"/>
   <element name="decor" layername="fishmeat" frame="1" z_index="1" m_a="0.893826" m_b="0.448413" m_c="-0.448413" m_d="0.893826" m_tx="-126.349998" m_ty="-159.600006"/>
  </frame>
  <frame idx="1625" w="1207" h="1076" x="-143.828064" y="-88.991516">
   <element name="body" layername="body" frame="0" z_index="3" m_a="1.000000" m_b="0.000000" m_c="0.000000" m_d="1.000000" m_tx="0.000000" m_ty="-1.204819"/>
   <element name="decor" layername="fishhook" frame="0" z_index="2" m_a="0.901602" m_b="0.432566" m_c="-0.432566" m_d="0.901602" m_tx="-126.349998" m_ty="-159.600006"/>
   <element name="decor" layername="fishmeat" frame="1" z_index="1" m_a="0.901602" m_b="0.432566" m_c="-0.432566" m_d="0.901602" m_tx="-126.349998" m_ty="-159.600006"/>
  </frame>
  <frame idx="1650" w="1190" h="1073" x="-138.513611" y="-91.813721">
   <element name="body" layername="body" frame="0" z_index="3" m_a="1.000000" m_b="0.000000" m_c="0.000000" m_d="1.000000" m_tx="0.000000" m_ty="-1.204819"/>
   <element name="decor" layername="fishhook" frame="0" z_index="2" m_a="0.909098" m_b="0.416582" m_c="-0.416582" m_d="0.909098" m_tx="-126.349998" m_ty="-159.600006"/>
   <element name="decor" layername="fishmeat" frame="1" z_index="1" m_a="0.909098" m_b="0.416582" m_c="-0.416582" m_d="0.909098" m_tx="-126.349998" m_ty="-159.600006"/>
  </frame>
  <frame idx="1675" w="1172" h="1070" x="-133.156067" y="-94.773193">
   <element name="body" layername="body" frame="0" z_index="3" m_a="1.000000" m_b="0.000000" m_c="0.000000" m_d="1.000000" m_tx="0.000000" m_ty="-1.204819"/>
   <element name="decor" layername="fishhook" frame="0" z_index="2" m_a="0.916310" m_b="0.400469" m_c="-0.400469" m_d="0.916310" m_tx="-126.349998" m_ty="-159.600006"/>
   <element name="decor" layername="fishmeat" frame="1" z_index="1" m_a="0.916310" m_b="0.400469" m_c="-0.400469" m_d="0.916310" m_tx="-126.349998" m_ty="-159.600006"/>
  </frame>
  <frame idx="1700" w="1154" h="1066" x="-127.757385" y="-97.868958">
   <element name="body" layername="body" frame="0" z_index="3" m_a="1.000000" m_b="0.000000" m_c="0.000000" m_d="1.000000" m_tx="0.000000" m_ty="-1.204819"/>
   <element name="decor" layername="fishhook" frame="0" z_index="2" m_a="0.923236" m_b="0.384233" m_c="-0.384233" m_d="0.923236" m_tx="-126.349998" m_ty="-159.600006"/>
   <element name="decor" layername="fishmeat" frame="1" z_index="1" m_a="0.923236" m_b="0.384233" m_c="-0.384233" m_d="0.923236" m_tx="-126.349998" m_ty="-159.600006"/>
  </frame>
  <frame idx="1725" w="1136" h="1063" x="-122.318268" y="-101.100555">
   <element name="body" layername="body" frame="0" z_index="3" m_a="1.000000" m_b="0.000000" m_c="0.000000" m_d="1.000000" m_tx="0.000000" m_ty="-1.204819"/>
   <element name="decor" layername="fishhook" frame="0" z_index="2" m_a="0.929875" m_b="0.367874" m_c="-0.367874" m_d="0.929875" m_tx="-126.349998" m_ty="-159.600006"/>
   <element name="decor" layername="fishmeat" frame="1" z_index="1" m_a="0.929875" m_b="0.367874" m_c="-0.367874" m_d="0.929875" m_tx="-126.349998" m_ty="-159.600006"/>
  </frame>
  <frame idx="1750" w="1118" h="1059" x="-116.841461" y="-104.466370">
   <element name="body" layername="body" frame="0" z_index="3" m_a="1.000000" m_b="0.000000" m_c="0.000000" m_d="1.000000" m_tx="0.000000" m_ty="-1.204819"/>
   <element name="decor" layername="fishhook" frame="0" z_index="2" m_a="0.936224" m_b="0.351403" m_c="-0.351403" m_d="0.936224" m_tx="-126.349998" m_ty="-159.600006"/>
   <element name="decor" layername="fishmeat" frame="1" z_index="1" m_a="0.936224" m_b="0.351403" m_c="-0.351403" m_d="0.936224" m_tx="-126.349998" m_ty="-159.600006"/>
  </frame>
  <frame idx="1775" w="1099" h="1055" x="-111.328278" y="-107.965576">
   <element name="body" layername="body" frame="0" z_index="3" m_a="1.000000" m_b="0.000000" m_c="0.000000" m_d="1.000000" m_tx="0.000000" m_ty="-1.204819"/>
   <element name="decor" layername="fishhook" frame="0" z_index="2" m_a="0.942281" m_b="0.334822" m_c="-0.334822" m_d="0.942281" m_tx="-126.349998" m_ty="-159.600006"/>
   <element name="decor" layername="fishmeat" frame="1" z_index="1" m_a="0.942281" m_b="0.334822" m_c="-0.334822" m_d="0.942281" m_tx="-126.349998" m_ty="-159.600006"/>
  </frame>
  <frame idx="1800" w="1082" h="1051" x="-105.780090" y="-111.597290">
   <element name="body" layername="body" frame="0" z_index="3" m_a="1.000000" m_b="0.000000" m_c="0.000000" m_d="1.000000" m_tx="0.000000" m_ty="-1.204819"/>
   <element name="decor" layername="fishhook" frame="0" z_index="2" m_a="0.948045" m_b="0.318136" m_c="-0.318136" m_d="0.948045" m_tx="-126.349998" m_ty="-159.600006"/>
   <element name="decor" layername="fishmeat" frame="1" z_index="1" m_a="0.948045" m_b="0.318136" m_c="-0.318136" m_d="0.948045" m_tx="-126.349998" m_ty="-159.600006"/>
  </frame>
  <frame idx="1825" w="1063" h="1048" x="-100.199066" y="-115.360138">
   <element name="body" layername="body" frame="0" z_index="3" m_a="1.000000" m_b="0.000000" m_c="0.000000" m_d="1.000000" m_tx="0.000000" m_ty="-1.204819"/>
   <element name="decor" layername="fishhook" frame="0" z_index="2" m_a="0.953513" m_b="0.301351" m_c="-0.301351" m_d="0.953513" m_tx="-126.349998" m_ty="-159.600006"/>
   <element name="decor" layername="fishmeat" frame="1" z_index="1" m_a="0.953513" m_b="0.301351" m_c="-0.301351" m_d="0.953513" m_tx="-126.349998" m_ty="-159.600006"/>
  </frame>
  <frame idx="1850" w="1044" h="1043" x="-94.587158" y="-119.252808">
   <element name="body" layername="body" frame="0" z_index="3" m_a="1.000000" m_b="0.000000" m_c="0.000000" m_d="1.000000" m_tx="0.000000" m_ty="-1.204819"/>
   <element name="decor" layername="fishhook" frame="0" z_index="2" m_a="0.958684" m_b="0.284473" m_c="-0.284473" m_d="0.958684" m_tx="-126.349998" m_ty="-159.600006"/>
   <element name="decor" layername="fishmeat" frame="1" z_index="1" m_a="0.958684" m_b="0.284473" m_c="-0.284473" m_d="0.958684" m_tx="-126.349998" m_ty="-159.600006"/>
  </frame>
  <frame idx="1875" w="1026" h="1039" x="-88.945435" y="-123.274445">
   <element name="body" layername="body" frame="0" z_index="3" m_a="1.000000" m_b="0.000000" m_c="0.000000" m_d="1.000000" m_tx="0.000000" m_ty="-1.204819"/>
   <element name="decor" layername="fishhook" frame="0" z_index="2" m_a="0.963556" m_b="0.267505" m_c="-0.267505" m_d="0.963556" m_tx="-126.349998" m_ty="-159.600006"/>
   <element name="decor" layername="fishmeat" frame="1" z_index="1" m_a="0.963556" m_b="0.267505" m_c="-0.267505" m_d="0.963556" m_tx="-126.349998" m_ty="-159.600006"/>
  </frame>
  <frame idx="1900" w="1007" h="1033" x="-83.276001" y="-127.423706">
   <element name="body" layername="body" frame="0" z_index="3" m_a="1.000000" m_b="0.000000" m_c="0.000000" m_d="1.000000" m_tx="0.000000" m_ty="-1.204819"/>
   <element name="decor" layername="fishhook" frame="0" z_index="2" m_a="0.968128" m_b="0.250454" m_c="-0.250454" m_d="0.968128" m_tx="-126.349998" m_ty="-159.600006"/>
   <element name="decor" layername="fishmeat" frame="1" z_index="1" m_a="0.968128" m_b="0.250454" m_c="-0.250454" m_d="0.968128" m_tx="-126.349998" m_ty="-159.600006"/>
  </frame>
  <frame idx="1925" w="988" h="1029" x="-77.580627" y="-131.699188">
   <element name="body" layername="body" frame="0" z_index="3" m_a="1.000000" m_b="0.000000" m_c="0.000000" m_d="1.000000" m_tx="0.000000" m_ty="-1.204819"/>
   <element name="decor" layername="fishhook" frame="0" z_index="2" m_a="0.972399" m_b="0.233325" m_c="-0.233325" m_d="0.972399" m_tx="-126.349998" m_ty="-159.600006"/>
   <element name="decor" layername="fishmeat" frame="1" z_index="1" m_a="0.972399" m_b="0.233325" m_c="-0.233325" m_d="0.972399" m_tx="-126.349998" m_ty="-159.600006"/>
  </frame>
  <frame idx="1950" w="970" h="1025" x="-71.861053" y="-136.099609">
   <element name="body" layername="body" frame="0" z_index="3" m_a="1.000000" m_b="0.000000" m_c="0.000000" m_d="1.000000" m_tx="0.000000" m_ty="-1.204819"/>
   <element name="decor" layername="fishhook" frame="0" z_index="2" m_a="0.976366" m_b="0.216124" m_c="-0.216124" m_d="0.976366" m_tx="-126.349998" m_ty="-159.600006"/>
   <element name="decor" layername="fishmeat" frame="1" z_index="1" m_a="0.976366" m_b="0.216124" m_c="-0.216124" m_d="0.976366" m_tx="-126.349998" m_ty="-159.600006"/>
  </frame>
  <frame idx="1975" w="951" h="1019" x="-66.119110" y="-140.623657">
   <element name="body" layername="body" frame="0" z_index="3" m_a="1.000000" m_b="0.000000" m_c="0.000000" m_d="1.000000" m_tx="0.000000" m_ty="-1.204819"/>
   <element name="decor" layername="fishhook" frame="0" z_index="2" m_a="0.980029" m_b="0.198855" m_c="-0.198855" m_d="0.980029" m_tx="-126.349998" m_ty="-159.600006"/>
   <element name="decor" layername="fishmeat" frame="1" z_index="1" m_a="0.980029" m_b="0.198855" m_c="-0.198855" m_d="0.980029" m_tx="-126.349998" m_ty="-159.600006"/>
  </frame>
  <frame idx="2000" w="932" h="1015" x="-60.356567" y="-145.269806">
   <element name="body" layername="body" frame="0" z_index="3" m_a="1.000000" m_b="0.000000" m_c="0.000000" m_d="1.000000" m_tx="0.000000" m_ty="-1.204819"/>
   <element name="decor" layername="fishhook" frame="0" z_index="2" m_a="0.983387" m_b="0.181524" m_c="-0.181524" m_d="0.983387" m_tx="-126.349998" m_ty="-159.600006"/>
   <element name="decor" layername="fishmeat" frame="1" z_index="1" m_a="0.983387" m_b="0.181524" m_c="-0.181524" m_d="0.983387" m_tx="-126.349998" m_ty="-159.600006"/>
  </frame>
  <frame idx="2025" w="912" h="1009" x="-54.575195" y="-150.036682">
   <element name="body" layername="body" frame="0" z_index="3" m_a="1.000000" m_b="0.000000" m_c="0.000000" m_d="1.000000" m_tx="0.000000" m_ty="-1.204819"/>
   <element name="decor" layername="fishhook" frame="0" z_index="2" m_a="0.986438" m_b="0.164136" m_c="-0.164136" m_d="0.986438" m_tx="-126.349998" m_ty="-159.600006"/>
   <element name="decor" layername="fishmeat" frame="1" z_index="1" m_a="0.986438" m_b="0.164136" m_c="-0.164136" m_d="0.986438" m_tx="-126.349998" m_ty="-159.600006"/>
  </frame>
  <frame idx="2050" w="894" h="1004" x="-48.776978" y="-154.922638">
   <element name="body" layername="body" frame="0" z_index="3" m_a="1.000000" m_b="0.000000" m_c="0.000000" m_d="1.000000" m_tx="0.000000" m_ty="-1.204819"/>
   <element name="decor" layername="fishhook" frame="0" z_index="2" m_a="0.989181" m_b="0.146698" m_c="-0.146698" m_d="0.989181" m_tx="-126.349998" m_ty="-159.600006"/>
   <element name="decor" layername="fishmeat" frame="1" z_index="1" m_a="0.989181" m_b="0.146698" m_c="-0.146698" m_d="0.989181" m_tx="-126.349998" m_ty="-159.600006"/>
  </frame>
  <frame idx="2075" w="874" h="998" x="-42.963409" y="-159.926392">
   <element name="body" layername="body" frame="0" z_index="3" m_a="1.000000" m_b="0.000000" m_c="0.000000" m_d="1.000000" m_tx="0.000000" m_ty="-1.204819"/>
   <element name="decor" layername="fishhook" frame="0" z_index="2" m_a="0.991617" m_b="0.129213" m_c="-0.129213" m_d="0.991617" m_tx="-126.349998" m_ty="-159.600006"/>
   <element name="decor" layername="fishmeat" frame="1" z_index="1" m_a="0.991617" m_b="0.129213" m_c="-0.129213" m_d="0.991617" m_tx="-126.349998" m_ty="-159.600006"/>
  </frame>
  <frame idx="2100" w="855" h="993" x="-37.136627" y="-165.046204">
   <element name="body" layername="body" frame="0" z_index="3" m_a="1.000000" m_b="0.000000" m_c="0.000000" m_d="1.000000" m_tx="0.000000" m_ty="-1.204819"/>
   <element name="decor" layername="fishhook" frame="0" z_index="2" m_a="0.993743" m_b="0.111689" m_c="-0.111689" m_d="0.993743" m_tx="-126.349998" m_ty="-159.600006"/>
   <element name="decor" layername="fishmeat" frame="1" z_index="1" m_a="0.993743" m_b="0.111689" m_c="-0.111689" m_d="0.993743" m_tx="-126.349998" m_ty="-159.600006"/>
  </frame>
  <frame idx="2125" w="835" h="987" x="-31.297913" y="-170.280823">
   <element name="body" layername="body" frame="0" z_index="3" m_a="1.000000" m_b="0.000000" m_c="0.000000" m_d="1.000000" m_tx="0.000000" m_ty="-1.204819"/>
   <element name="decor" layername="fishhook" frame="0" z_index="2" m_a="0.995560" m_b="0.094129" m_c="-0.094129" m_d="0.995560" m_tx="-126.349998" m_ty="-159.600006"/>
   <element name="decor" layername="fishmeat" frame="1" z_index="1" m_a="0.995560" m_b="0.094129" m_c="-0.094129" m_d="0.995560" m_tx="-126.349998" m_ty="-159.600006"/>
  </frame>
  <frame idx="2150" w="817" h="981" x="-25.449615" y="-175.628174">
   <element name="body" layername="body" frame="0" z_index="3" m_a="1.000000" m_b="0.000000" m_c="0.000000" m_d="1.000000" m_tx="0.000000" m_ty="-1.204819"/>
   <element name="decor" layername="fishhook" frame="0" z_index="2" m_a="0.997066" m_b="0.076540" m_c="-0.076540" m_d="0.997066" m_tx="-126.349998" m_ty="-159.600006"/>
   <element name="decor" layername="fishmeat" frame="1" z_index="1" m_a="0.997066" m_b="0.076540" m_c="-0.076540" m_d="0.997066" m_tx="-126.349998" m_ty="-159.600006"/>
  </frame>
  <frame idx="2175" w="797" h="975" x="-19.593719" y="-181.086517">
   <element name="body" layername="body" frame="0" z_index="3" m_a="1.000000" m_b="0.000000" m_c="0.000000" m_d="1.000000" m_tx="0.000000" m_ty="-1.204819"/>
   <element name="decor" layername="fishhook" frame="0" z_index="2" m_a="0.998262" m_b="0.058928" m_c="-0.058928" m_d="0.998262" m_tx="-126.349998" m_ty="-159.600006"/>
   <element name="decor" layername="fishmeat" frame="1" z_index="1" m_a="0.998262" m_b="0.058928" m_c="-0.058928" m_d="0.998262" m_tx="-126.349998" m_ty="-159.600006"/>
  </frame>
  <frame idx="2200" w="778" h="968" x="-13.731079" y="-186.654968">
   <element name="body" layername="body" frame="0" z_index="3" m_a="1.000000" m_b="0.000000" m_c="0.000000" m_d="1.000000" m_tx="0.000000" m_ty="-1.204819"/>
   <element name="decor" layername="fishhook" frame="0" z_index="2" m_a="0.999147" m_b="0.041296" m_c="-0.041296" m_d="0.999147" m_tx="-126.349998" m_ty="-159.600006"/>
   <element name="decor" layername="fishmeat" frame="1" z_index="1" m_a="0.999147" m_b="0.041296" m_c="-0.041296" m_d="0.999147" m_tx="-126.349998" m_ty="-159.600006"/>
  </frame>
  <frame idx="2225" w="758" h="963" x="-7.864655" y="-192.330811">
   <element name="body" layername="body" frame="0" z_index="3" m_a="1.000000" m_b="0.000000" m_c="0.000000" m_d="1.000000" m_tx="0.000000" m_ty="-1.204819"/>
   <element name="decor" layername="fishhook" frame="0" z_index="2" m_a="0.999720" m_b="0.023653" m_c="-0.023653" m_d="0.999720" m_tx="-126.349998" m_ty="-159.600006"/>
   <element name="decor" layername="fishmeat" frame="1" z_index="1" m_a="0.999720" m_b="0.023653" m_c="-0.023653" m_d="0.999720" m_tx="-126.349998" m_ty="-159.600006"/>
  </frame>
  <frame idx="2250" w="739" h="956" x="-1.995758" y="-198.112671">
   <element name="body" layername="body" frame="0" z_index="3" m_a="1.000000" m_b="0.000000" m_c="0.000000" m_d="1.000000" m_tx="0.000000" m_ty="-1.204819"/>
   <element name="decor" layername="fishhook" frame="0" z_index="2" m_a="0.999982" m_b="0.006002" m_c="-0.006002" m_d="0.999982" m_tx="-126.349998" m_ty="-159.600006"/>
   <element name="decor" layername="fishmeat" frame="1" z_index="1" m_a="0.999982" m_b="0.006002" m_c="-0.006002" m_d="0.999982" m_tx="-126.349998" m_ty="-159.600006"/>
  </frame>
  <frame idx="2275" w="736" h="965" x="3.851501" y="-203.396667">
   <element name="body" layername="body" frame="0" z_index="3" m_a="1.000000" m_b="0.000000" m_c="0.000000" m_d="1.000000" m_tx="0.000000" m_ty="-1.204819"/>
   <element name="decor" layername="fishhook" frame="0" z_index="2" m_a="0.999932" m_b="-0.011651" m_c="0.011651" m_d="0.999932" m_tx="-126.349998" m_ty="-159.600006"/>
   <element name="decor" layername="fishmeat" frame="1" z_index="1" m_a="0.999932" m_b="-0.011651" m_c="0.011651" m_d="0.999932" m_tx="-126.349998" m_ty="-159.600006"/>
  </frame>
  <frame idx="2300" w="743" h="984" x="9.599670" y="-209.385162">
   <element name="body" layername="body" frame="0" z_index="3" m_a="1.000000" m_b="0.000000" m_c="0.000000" m_d="1.000000" m_tx="0.000000" m_ty="-1.204819"/>
   <element name="decor" layername="fishhook" frame="0" z_index="2" m_a="0.999571" m_b="-0.029300" m_c="0.029300" m_d="0.999571" m_tx="-126.349998" m_ty="-159.600006"/>
   <element name="decor" layername="fishmeat" frame="1" z_index="1" m_a="0.999571" m_b="-0.029300" m_c="0.029300" m_d="0.999571" m_tx="-126.349998" m_ty="-159.600006"/>
  </frame>
  <frame idx="2325" w="750" h="1003" x="15.241333" y="-215.474365">
   <element name="body" layername="body" frame="0" z_index="3" m_a="1.000000" m_b="0.000000" m_c="0.000000" m_d="1.000000" m_tx="0.000000" m_ty="-1.204819"/>
   <element name="decor" layername="fishhook" frame="0" z_index="2" m_a="0.998898" m_b="-0.046941" m_c="0.046941" m_d="0.998898" m_tx="-126.349998" m_ty="-159.600006"/>
   <element name="decor" layername="fishmeat" frame="1" z_index="1" m_a="0.998898" m_b="-0.046941" m_c="0.046941" m_d="0.998898" m_tx="-126.349998" m_ty="-159.600006"/>
  </frame>
  <frame idx="2350" w="755" h="1022" x="20.774475" y="-221.570679">
   <element name="body" layername="body" frame="0" z_index="3" m_a="1.000000" m_b="0.000000" m_c="0.000000" m_d="1.000000" m_tx="0.000000" m_ty="-1.204819"/>
   <element name="decor" layername="fishhook" frame="0" z_index="2" m_a="0.997913" m_b="-0.064566" m_c="0.064566" m_d="0.997913" m_tx="-126.349998" m_ty="-159.600006"/>
   <element name="decor" layername="fishmeat" frame="1" z_index="1" m_a="0.997913" m_b="-0.064566" m_c="0.064566" m_d="0.997913" m_tx="-126.349998" m_ty="-159.600006"/>
  </frame>
  <frame idx="2375" w="762" h="1041" x="26.197693" y="-227.424561">
   <element name="body" layername="body" frame="0" z_index="3" m_a="1.000000" m_b="0.000000" m_c="0.000000" m_d="1.000000" m_tx="0.000000" m_ty="-1.204819"/>
   <element name="decor" layername="fishhook" frame="0" z_index="2" m_a="0.996618" m_b="-0.082172" m_c="0.082172" m_d="0.996618" m_tx="-126.349998" m_ty="-159.600006"/>
   <element name="decor" layername="fishmeat" frame="1" z_index="1" m_a="0.996618" m_b="-0.082172" m_c="0.082172" m_d="0.996618" m_tx="-126.349998" m_ty="-159.600006"/>
  </frame>
  <frame idx="2400" w="767" h="1061" x="31.509125" y="-233.269928">
   <element name="body" layername="body" frame="0" z_index="3" m_a="1.000000" m_b="0.000000" m_c="0.000000" m_d="1.000000" m_tx="0.000000" m_ty="-1.204819"/>
   <element name="decor" layername="fishhook" frame="0" z_index="2" m_a="0.995012" m_b="-0.099752" m_c="0.099752" m_d="0.995012" m_tx="-126.349998" m_ty="-159.600006"/>
   <element name="decor" layername="fishmeat" frame="1" z_index="1" m_a="0.995012" m_b="-0.099752" m_c="0.099752" m_d="0.995012" m_tx="-126.349998" m_ty="-159.600006"/>
  </frame>
  <frame idx="2425" w="773" h="1080" x="36.707092" y="-239.104950">
   <element name="body" layername="body" frame="0" z_index="3" m_a="1.000000" m_b="0.000000" m_c="0.000000" m_d="1.000000" m_tx="0.000000" m_ty="-1.204819"/>
   <element name="decor" layername="fishhook" frame="0" z_index="2" m_a="0.993096" m_b="-0.117301" m_c="0.117301" m_d="0.993096" m_tx="-126.349998" m_ty="-159.600006"/>
   <element name="decor" layername="fishmeat" frame="1" z_index="1" m_a="0.993096" m_b="-0.117301" m_c="0.117301" m_d="0.993096" m_tx="-126.349998" m_ty="-159.600006"/>
  </frame>
  <frame idx="2450" w="778" h="1099" x="41.790009" y="-244.927826">
   <element name="body" layername="body" frame="0" z_index="3" m_a="1.000000" m_b="0.000000" m_c="0.000000" m_d="1.000000" m_tx="0.000000" m_ty="-1.204819"/>
   <element name="decor" layername="fishhook" frame="0" z_index="2" m_a="0.990871" m_b="-0.134813" m_c="0.134813" m_d="0.990871" m_tx="-126.349998" m_ty="-159.600006"/>
   <element name="decor" layername="fishmeat" frame="1" z_index="1" m_a="0.990871" m_b="-0.134813" m_c="0.134813" m_d="0.990871" m_tx="-126.349998" m_ty="-159.600006"/>
  </frame>
  <frame idx="2475" w="784" h="1118" x="46.756287" y="-250.736725">
   <element name="body" layername="body" frame="0" z_index="3" m_a="1.000000" m_b="0.000000" m_c="0.000000" m_d="1.000000" m_tx="0.000000" m_ty="-1.204819"/>
   <element name="decor" layername="fishhook" frame="0" z_index="2" m_a="0.988337" m_b="-0.152284" m_c="0.152284" m_d="0.988337" m_tx="-126.349998" m_ty="-159.600006"/>
   <element name="decor" layername="fishmeat" frame="1" z_index="1" m_a="0.988337" m_b="-0.152284" m_c="0.152284" m_d="0.988337" m_tx="-126.349998" m_ty="-159.600006"/>
  </frame>
  <frame idx="2500" w="789" h="1138" x="51.604431" y="-256.529846">
   <element name="body" layername="body" frame="0" z_index="3" m_a="1.000000" m_b="0.000000" m_c="0.000000" m_d="1.000000" m_tx="0.000000" m_ty="-1.204819"/>
   <element name="decor" layername="fishhook" frame="0" z_index="2" m_a="0.985495" m_b="-0.169707" m_c="0.169707" m_d="0.985495" m_tx="-126.349998" m_ty="-159.600006"/>
   <element name="decor" layername="fishmeat" frame="1" z_index="1" m_a="0.985495" m_b="-0.169707" m_c="0.169707" m_d="0.985495" m_tx="-126.349998" m_ty="-159.600006"/>
  </frame>
  <frame idx="2525" w="795" h="1157" x="56.332672" y="-262.305237">
   <element name="body" layername="body" frame="0" z_index="3" m_a="1.000000" m_b="0.000000" m_c="0.000000" m_d="1.000000" m_tx="0.000000" m_ty="-1.204819"/>
   <element name="decor" layername="fishhook" frame="0" z_index="2" m_a="0.982345" m_b="-0.187076" m_c="0.187076" m_d="0.982345" m_tx="-126.349998" m_ty="-159.600006"/>
   <element name="decor" layername="fishmeat" frame="1" z_index="1" m_a="0.982345" m_b="-0.187076" m_c="0.187076" m_d="0.982345" m_tx="-126.349998" m_ty="-159.600006"/>
  </frame>
  <frame idx="2550" w="799" h="1175" x="60.939911" y="-268.061401">
   <element name="body" layername="body" frame="0" z_index="3" m_a="1.000000" m_b="0.000000" m_c="0.000000" m_d="1.000000" m_tx="0.000000" m_ty="-1.204819"/>
   <element name="decor" layername="fishhook" frame="0" z_index="2" m_a="0.978890" m_b="-0.204388" m_c="0.204388" m_d="0.978890" m_tx="-126.349998" m_ty="-159.600006"/>
   <element name="decor" layername="fishmeat" frame="1" z_index="1" m_a="0.978890" m_b="-0.204388" m_c="0.204388" m_d="0.978890" m_tx="-126.349998" m_ty="-159.600006"/>
  </frame>
  <frame idx="2575" w="805" h="1194" x="65.424377" y="-273.796204">
   <element name="body" layername="body" frame="0" z_index="3" m_a="1.000000" m_b="0.000000" m_c="0.000000" m_d="1.000000" m_tx="0.000000" m_ty="-1.204819"/>
   <element name="decor" layername="fishhook" frame="0" z_index="2" m_a="0.975130" m_b="-0.221636" m_c="0.221636" m_d="0.975130" m_tx="-126.349998" m_ty="-159.600006"/>
   <element name="decor" layername="fishmeat" frame="1" z_index="1" m_a="0.975130" m_b="-0.221636" m_c="0.221636" m_d="0.975130" m_tx="-126.349998" m_ty="-159.600006"/>
  </frame>
  <frame idx="2600" w="809" h="1214" x="69.785126" y="-279.508392">
   <element name="body" layername="body" frame="0" z_index="3" m_a="1.000000" m_b="0.000000" m_c="0.000000" m_d="1.000000" m_tx="0.000000" m_ty="-1.204819"/>
   <element name="decor" layername="fishhook" frame="0" z_index="2" m_a="0.971065" m_b="-0.238815" m_c="0.238815" m_d="0.971065" m_tx="-126.349998" m_ty="-159.600006"/>
   <element name="decor" layername="fishmeat" frame="1" z_index="1" m_a="0.971065" m_b="-0.238815" m_c="0.238815" m_d="0.971065" m_tx="-126.349998" m_ty="-159.600006"/>
  </frame>
  <frame idx="2625" w="814" h="1232" x="74.020355" y="-285.195648">
   <element name="body" layername="body" frame="0" z_index="3" m_a="1.000000" m_b="0.000000" m_c="0.000000" m_d="1.000000" m_tx="0.000000" m_ty="-1.204819"/>
   <element name="decor" layername="fishhook" frame="0" z_index="2" m_a="0.966698" m_b="-0.255920" m_c="0.255920" m_d="0.966698" m_tx="-126.349998" m_ty="-159.600006"/>
   <element name="decor" layername="fishmeat" frame="1" z_index="1" m_a="0.966698" m_b="-0.255920" m_c="0.255920" m_d="0.966698" m_tx="-126.349998" m_ty="-159.600006"/>
  </frame>
  <frame idx="2650" w="819" h="1251" x="78.128693" y="-290.856110">
   <element name="body" layername="body" frame="0" z_index="3" m_a="1.000000" m_b="0.000000" m_c="0.000000" m_d="1.000000" m_tx="0.000000" m_ty="-1.204819"/>
   <element name="decor" layername="fishhook" frame="0" z_index="2" m_a="0.962030" m_b="-0.272943" m_c="0.272943" m_d="0.962030" m_tx="-126.349998" m_ty="-159.600006"/>
   <element name="decor" layername="fishmeat" frame="1" z_index="1" m_a="0.962030" m_b="-0.272943" m_c="0.272943" m_d="0.962030" m_tx="-126.349998" m_ty="-159.600006"/>
  </frame>
  <frame idx="2675" w="823" h="1270" x="82.109467" y="-296.488861">
   <element name="body" layername="body" frame="0" z_index="3" m_a="1.000000" m_b="0.000000" m_c="0.000000" m_d="1.000000" m_tx="0.000000" m_ty="-1.204819"/>
   <element name="decor" layername="fishhook" frame="0" z_index="2" m_a="0.957062" m_b="-0.289884" m_c="0.289884" m_d="0.957062" m_tx="-126.349998" m_ty="-159.600006"/>
   <element name="decor" layername="fishmeat" frame="1" z_index="1" m_a="0.957062" m_b="-0.289884" m_c="0.289884" m_d="0.957062" m_tx="-126.349998" m_ty="-159.600006"/>
  </frame>
  <frame idx="2700" w="827" h="1287" x="85.960663" y="-302.091003">
   <element name="body" layername="body" frame="0" z_index="3" m_a="1.000000" m_b="0.000000" m_c="0.000000" m_d="1.000000" m_tx="0.000000" m_ty="-1.204819"/>
   <element name="decor" layername="fishhook" frame="0" z_index="2" m_a="0.951796" m_b="-0.306733" m_c="0.306733" m_d="0.951796" m_tx="-126.349998" m_ty="-159.600006"/>
   <element name="decor" layername="fishmeat" frame="1" z_index="1" m_a="0.951796" m_b="-0.306733" m_c="0.306733" m_d="0.951796" m_tx="-126.349998" m_ty="-159.600006"/>
  </frame>
  <frame idx="2725" w="831" h="1306" x="89.681641" y="-307.661652">
   <element name="body" layername="body" frame="0" z_index="3" m_a="1.000000" m_b="0.000000" m_c="0.000000" m_d="1.000000" m_tx="0.000000" m_ty="-1.204819"/>
   <element name="decor" layername="fishhook" frame="0" z_index="2" m_a="0.946233" m_b="-0.323486" m_c="0.323486" m_d="0.946233" m_tx="-126.349998" m_ty="-159.600006"/>
   <element name="decor" layername="fishmeat" frame="1" z_index="1" m_a="0.946233" m_b="-0.323486" m_c="0.323486" m_d="0.946233" m_tx="-126.349998" m_ty="-159.600006"/>
  </frame>
  <frame idx="2750" w="835" h="1325" x="93.271149" y="-313.198914">
   <element name="body" layername="body" frame="0" z_index="3" m_a="1.000000" m_b="0.000000" m_c="0.000000" m_d="1.000000" m_tx="0.000000" m_ty="-1.204819"/>
   <element name="decor" layername="fishhook" frame="0" z_index="2" m_a="0.940375" m_b="-0.340140" m_c="0.340140" m_d="0.940375" m_tx="-126.349998" m_ty="-159.600006"/>
   <element name="decor" layername="fishmeat" frame="1" z_index="1" m_a="0.940375" m_b="-0.340140" m_c="0.340140" m_d="0.940375" m_tx="-126.349998" m_ty="-159.600006"/>
  </frame>
  <frame idx="2775" w="839" h="1342" x="96.727783" y="-318.700653">
   <element name="body" layername="body" frame="0" z_index="3" m_a="1.000000" m_b="0.000000" m_c="0.000000" m_d="1.000000" m_tx="0.000000" m_ty="-1.204819"/>
   <element name="decor" layername="fishhook" frame="0" z_index="2" m_a="0.934224" m_b="-0.356686" m_c="0.356686" m_d="0.934224" m_tx="-126.349998" m_ty="-159.600006"/>
   <element name="decor" layername="fishmeat" frame="1" z_index="1" m_a="0.934224" m_b="-0.356686" m_c="0.356686" m_d="0.934224" m_tx="-126.349998" m_ty="-159.600006"/>
  </frame>
  <frame idx="2800" w="843" h="1361" x="100.050720" y="-324.165588">
   <element name="body" layername="body" frame="0" z_index="3" m_a="1.000000" m_b="0.000000" m_c="0.000000" m_d="1.000000" m_tx="0.000000" m_ty="-1.204819"/>
   <element name="decor" layername="fishhook" frame="0" z_index="2" m_a="0.927782" m_b="-0.373122" m_c="0.373122" m_d="0.927782" m_tx="-126.349998" m_ty="-159.600006"/>
   <element name="decor" layername="fishmeat" frame="1" z_index="1" m_a="0.927782" m_b="-0.373122" m_c="0.373122" m_d="0.927782" m_tx="-126.349998" m_ty="-159.600006"/>
  </frame>
  <frame idx="2825" w="846" h="1379" x="103.238983" y="-329.591980">
   <element name="body" layername="body" frame="0" z_index="3" m_a="1.000000" m_b="0.000000" m_c="0.000000" m_d="1.000000" m_tx="0.000000" m_ty="-1.204819"/>
   <element name="decor" layername="fishhook" frame="0" z_index="2" m_a="0.921051" m_b="-0.389442" m_c="0.389442" m_d="0.921051" m_tx="-126.349998" m_ty="-159.600006"/>
   <element name="decor" layername="fishmeat" frame="1" z_index="1" m_a="0.921051" m_b="-0.389442" m_c="0.389442" m_d="0.921051" m_tx="-126.349998" m_ty="-159.600006"/>
  </frame>
  <frame idx="2850" w="850" h="1396" x="106.291168" y="-334.977600">
   <element name="body" layername="body" frame="0" z_index="3" m_a="1.000000" m_b="0.000000" m_c="0.000000" m_d="1.000000" m_tx="0.000000" m_ty="-1.204819"/>
   <element name="decor" layername="fishhook" frame="0" z_index="2" m_a="0.914033" m_b="-0.405640" m_c="0.405640" m_d="0.914033" m_tx="-126.349998" m_ty="-159.600006"/>
   <element name="decor" layername="fishmeat" frame="1" z_index="1" m_a="0.914033" m_b="-0.405640" m_c="0.405640" m_d="0.914033" m_tx="-126.349998" m_ty="-159.600006"/>
  </frame>
  <frame idx="2875" w="853" h="1414" x="109.206818" y="-340.321472">
   <element name="body" layername="body" frame="0" z_index="3" m_a="1.000000" m_b="0.000000" m_c="0.000000" m_d="1.000000" m_tx="0.000000" m_ty="-1.204819"/>
   <element name="decor" layername="fishhook" frame="0" z_index="2" m_a="0.906730" m_b="-0.421711" m_c="0.421711" m_d="0.906730" m_tx="-126.349998" m_ty="-159.600006"/>
   <element name="decor" layername="fishmeat" frame="1" z_index="1" m_a="0.906730" m_b="-0.421711" m_c="0.421711" m_d="0.906730" m_tx="-126.349998" m_ty="-159.600006"/>
  </frame>
  <frame idx="2900" w="855" h="1432" x="111.984802" y="-345.621643">
   <element name="body" layername="body" frame="0" z_index="3" m_a="1.000000" m_b="0.000000" m_c="0.000000" m_d="1.000000" m_tx="0.000000" m_ty="-1.204819"/>
   <element name="decor" layername="fishhook" frame="0" z_index="2" m_a="0.899145" m_b="-0.437652" m_c="0.437652" m_d="0.899145" m_tx="-126.349998" m_ty="-159.600006"/>
   <element name="decor" layername="fishmeat" frame="1" z_index="1" m_a="0.899145" m_b="-0.437652" m_c="0.437652" m_d="0.899145" m_tx="-126.349998" m_ty="-159.600006"/>
  </frame>
  <frame idx="2925" w="858" h="1449" x="114.624268" y="-350.876465">
   <element name="body" layername="body" frame="0" z_index="3" m_a="1.000000" m_b="0.000000" m_c="0.000000" m_d="1.000000" m_tx="0.000000" m_ty="-1.204819"/>
   <element name="decor" layername="fishhook" frame="0" z_index="2" m_a="0.891279" m_b="-0.453456" m_c="0.453456" m_d="0.891279" m_tx="-126.349998" m_ty="-159.600006"/>
   <element name="decor" layername="fishmeat" frame="1" z_index="1" m_a="0.891279" m_b="-0.453456" m_c="0.453456" m_d="0.891279" m_tx="-126.349998" m_ty="-159.600006"/>
  </frame>
  <frame idx="2950" w="862" h="1466" x="117.124390" y="-356.084351">
   <element name="body" layername="body" frame="0" z_index="3" m_a="1.000000" m_b="0.000000" m_c="0.000000" m_d="1.000000" m_tx="0.000000" m_ty="-1.204819"/>
   <element name="decor" layername="fishhook" frame="0" z_index="2" m_a="0.883135" m_b="-0.469119" m_c="0.469119" m_d="0.883135" m_tx="-126.349998" m_ty="-159.600006"/>
   <element name="decor" layername="fishmeat" frame="1" z_index="1" m_a="0.883135" m_b="-0.469119" m_c="0.469119" m_d="0.883135" m_tx="-126.349998" m_ty="-159.600006"/>
  </frame>
  <frame idx="2975" w="864" h="1483" x="119.484375" y="-361.243561">
   <element name="body" layername="body" frame="0" z_index="3" m_a="1.000000" m_b="0.000000" m_c="0.000000" m_d="1.000000" m_tx="0.000000" m_ty="-1.204819"/>
   <element name="decor" layername="fishhook" frame="0" z_index="2" m_a="0.874716" m_b="-0.484635" m_c="0.484635" m_d="0.874716" m_tx="-126.349998" m_ty="-159.600006"/>
   <element name="decor" layername="fishmeat" frame="1" z_index="1" m_a="0.874716" m_b="-0.484635" m_c="0.484635" m_d="0.874716" m_tx="-126.349998" m_ty="-159.600006"/>
  </frame>
 </anim>
</Anims>
