<Anims>
 <anim name="close" root="ui_zx_5x5" numframes="150" framerate="40">
  <frame idx="0" w="545" h="554" x="-2.431458" y="-12.901657">
   <element name="frame" layername="frame" frame="0" z_index="2" m_a="1.000000" m_b="0.000000" m_c="0.000000" m_d="0.934753" m_tx="0.000000" m_ty="0.000000"/>
  </frame>
  <frame idx="25" w="545" h="533" x="-2.431458" y="-31.808899">
   <element name="frame" layername="frame" frame="0" z_index="2" m_a="1.000000" m_b="0.000000" m_c="0.000000" m_d="0.862588" m_tx="0.000000" m_ty="0.000000"/>
  </frame>
  <frame idx="50" w="545" h="484" x="-2.431458" y="-76.015366">
   <element name="frame" layername="frame" frame="0" z_index="2" m_a="1.000000" m_b="0.000000" m_c="0.000000" m_d="0.693861" m_tx="0.000000" m_ty="0.000000"/>
  </frame>
  <frame idx="75" w="545" h="410" x="-2.431458" y="-144.191284">
   <element name="frame" layername="frame" frame="0" z_index="2" m_a="1.000000" m_b="0.000000" m_c="0.000000" m_d="0.433648" m_tx="0.000000" m_ty="0.000000"/>
  </frame>
  <frame idx="100" w="545" h="300" x="-2.431458" y="-244.310272">
   <element name="frame" layername="frame" frame="0" z_index="2" m_a="1.000000" m_b="0.000000" m_c="0.000000" m_d="0.051514" m_tx="0.000000" m_ty="0.000000"/>
  </frame>
  <frame idx="125" w="545" h="300" x="-2.431458" y="-244.310272">
   <element name="frame" layername="frame" frame="0" z_index="2" m_a="1.000000" m_b="0.000000" m_c="0.000000" m_d="0.051514" m_tx="0.000000" m_ty="0.000000"/>
  </frame>
 </anim>
 <anim name="open" root="ui_zx_5x5" numframes="225" framerate="40">
  <frame idx="0" w="545" h="306" x="-2.431458" y="-237.913818">
   <element name="frame" layername="frame" frame="0" z_index="2" m_a="1.000000" m_b="0.000000" m_c="0.000000" m_d="0.075928" m_tx="0.000000" m_ty="0.000000"/>
  </frame>
  <frame idx="25" w="549" h="357" x="1.494690" y="-192.003815">
   <element name="frame" layername="frame" frame="0" z_index="2" m_a="1.015960" m_b="0.000000" m_c="0.000000" m_d="0.251157" m_tx="0.000000" m_ty="0.000000"/>
  </frame>
  <frame idx="50" w="559" h="475" x="10.677887" y="-84.655869">
   <element name="frame" layername="frame" frame="0" z_index="2" m_a="1.053290" m_b="0.000000" m_c="0.000000" m_d="0.660882" m_tx="0.000000" m_ty="0.000000"/>
  </frame>
  <frame idx="75" w="565" h="576" x="15.846252" y="7.129272">
   <element name="frame" layername="frame" frame="0" z_index="2" m_a="1.074300" m_b="0.000000" m_c="0.000000" m_d="1.011207" m_tx="0.000000" m_ty="0.000000"/>
  </frame>
  <frame idx="100" w="555" h="577" x="7.061676" y="7.554504">
   <element name="frame" layername="frame" frame="0" z_index="2" m_a="1.038590" m_b="0.000000" m_c="0.000000" m_d="1.012830" m_tx="0.000000" m_ty="0.000000"/>
  </frame>
  <frame idx="125" w="549" h="575" x="1.829269" y="5.662872">
   <element name="frame" layername="frame" frame="0" z_index="2" m_a="1.017320" m_b="0.000000" m_c="0.000000" m_d="1.005610" m_tx="0.000000" m_ty="0.000000"/>
  </frame>
  <frame idx="150" w="546" h="574" x="-1.206390" y="4.567719">
   <element name="frame" layername="frame" frame="0" z_index="2" m_a="1.004980" m_b="0.000000" m_c="0.000000" m_d="1.001430" m_tx="0.000000" m_ty="0.000000"/>
  </frame>
  <frame idx="175" w="545" h="572" x="-2.431458" y="4.129120">
   <element name="frame" layername="frame" frame="0" z_index="2" m_a="1.000000" m_b="0.000000" m_c="0.000000" m_d="0.999756" m_tx="0.000000" m_ty="0.000000"/>
  </frame>
  <frame idx="200" w="545" h="572" x="-2.431458" y="4.129120">
   <element name="frame" layername="frame" frame="0" z_index="2" m_a="1.000000" m_b="0.000000" m_c="0.000000" m_d="0.999756" m_tx="0.000000" m_ty="0.000000"/>
  </frame>
 </anim>
</Anims>
