<Anims>
 <anim name="idle" root="zxpigmanfarm1" numframes="4000" framerate="40">
  <frame idx="0" w="615" h="773" x="-41.427399" y="-183.877167">
   <element name="images" layername="0" frame="0" z_index="3" m_a="0.999391" m_b="-0.034899" m_c="0.034899" m_d="0.999391" m_tx="0.000000" m_ty="0.000000"/>
  </frame>
  <frame idx="25" w="615" h="772" x="-41.638031" y="-183.651489">
   <element name="images" layername="0" frame="0" z_index="3" m_a="0.999421" m_b="-0.034027" m_c="0.034027" m_d="0.999421" m_tx="0.000000" m_ty="0.000000"/>
  </frame>
  <frame idx="50" w="615" h="770" x="-41.848877" y="-183.426025">
   <element name="images" layername="0" frame="0" z_index="3" m_a="0.999450" m_b="-0.033154" m_c="0.033154" m_d="0.999450" m_tx="0.000000" m_ty="0.000000"/>
  </frame>
  <frame idx="75" w="614" h="770" x="-42.059875" y="-183.200714">
   <element name="images" layername="0" frame="0" z_index="3" m_a="0.999479" m_b="-0.032282" m_c="0.032282" m_d="0.999479" m_tx="0.000000" m_ty="0.000000"/>
  </frame>
  <frame idx="100" w="614" h="769" x="-42.271088" y="-182.975616">
   <element name="images" layername="0" frame="0" z_index="3" m_a="0.999507" m_b="-0.031409" m_c="0.031409" m_d="0.999507" m_tx="0.000000" m_ty="0.000000"/>
  </frame>
  <frame idx="125" w="614" h="768" x="-42.482513" y="-182.750671">
   <element name="images" layername="0" frame="0" z_index="3" m_a="0.999534" m_b="-0.030536" m_c="0.030536" m_d="0.999534" m_tx="0.000000" m_ty="0.000000"/>
  </frame>
  <frame idx="150" w="614" h="768" x="-42.694092" y="-182.525909">
   <element name="images" layername="0" frame="0" z_index="3" m_a="0.999560" m_b="-0.029664" m_c="0.029664" m_d="0.999560" m_tx="0.000000" m_ty="0.000000"/>
  </frame>
  <frame idx="175" w="614" h="767" x="-42.905914" y="-182.301361">
   <element name="images" layername="0" frame="0" z_index="3" m_a="0.999585" m_b="-0.028791" m_c="0.028791" m_d="0.999585" m_tx="0.000000" m_ty="0.000000"/>
  </frame>
  <frame idx="200" w="613" h="766" x="-43.117920" y="-182.076996">
   <element name="images" layername="0" frame="0" z_index="3" m_a="0.999610" m_b="-0.027918" m_c="0.027918" m_d="0.999610" m_tx="0.000000" m_ty="0.000000"/>
  </frame>
  <frame idx="225" w="613" h="766" x="-43.330109" y="-181.852783">
   <element name="images" layername="0" frame="0" z_index="3" m_a="0.999634" m_b="-0.027045" m_c="0.027045" m_d="0.999634" m_tx="0.000000" m_ty="0.000000"/>
  </frame>
  <frame idx="250" w="613" h="765" x="-43.542480" y="-181.628784">
   <element name="images" layername="0" frame="0" z_index="3" m_a="0.999657" m_b="-0.026173" m_c="0.026173" m_d="0.999657" m_tx="0.000000" m_ty="0.000000"/>
  </frame>
  <frame idx="275" w="613" h="764" x="-43.755066" y="-181.404968">
   <element name="images" layername="0" frame="0" z_index="3" m_a="0.999680" m_b="-0.025300" m_c="0.025300" m_d="0.999680" m_tx="0.000000" m_ty="0.000000"/>
  </frame>
  <frame idx="300" w="613" h="764" x="-43.967865" y="-181.181335">
   <element name="images" layername="0" frame="0" z_index="3" m_a="0.999702" m_b="-0.024427" m_c="0.024427" m_d="0.999702" m_tx="0.000000" m_ty="0.000000"/>
  </frame>
  <frame idx="325" w="612" h="763" x="-44.180847" y="-180.957886">
   <element name="images" layername="0" frame="0" z_index="3" m_a="0.999723" m_b="-0.023554" m_c="0.023554" m_d="0.999723" m_tx="0.000000" m_ty="0.000000"/>
  </frame>
  <frame idx="350" w="612" h="762" x="-44.394012" y="-180.734619">
   <element name="images" layername="0" frame="0" z_index="3" m_a="0.999743" m_b="-0.022681" m_c="0.022681" m_d="0.999743" m_tx="0.000000" m_ty="0.000000"/>
  </frame>
  <frame idx="375" w="612" h="762" x="-44.607361" y="-180.511536">
   <element name="images" layername="0" frame="0" z_index="3" m_a="0.999762" m_b="-0.021808" m_c="0.021808" m_d="0.999762" m_tx="0.000000" m_ty="0.000000"/>
  </frame>
  <frame idx="400" w="612" h="761" x="-44.820938" y="-180.288651">
   <element name="images" layername="0" frame="0" z_index="3" m_a="0.999781" m_b="-0.020935" m_c="0.020935" m_d="0.999781" m_tx="0.000000" m_ty="0.000000"/>
  </frame>
  <frame idx="425" w="611" h="759" x="-45.034698" y="-180.065948">
   <element name="images" layername="0" frame="0" z_index="3" m_a="0.999799" m_b="-0.020063" m_c="0.020063" m_d="0.999799" m_tx="0.000000" m_ty="0.000000"/>
  </frame>
  <frame idx="450" w="611" h="759" x="-45.248642" y="-179.843430">
   <element name="images" layername="0" frame="0" z_index="3" m_a="0.999816" m_b="-0.019190" m_c="0.019190" m_d="0.999816" m_tx="0.000000" m_ty="0.000000"/>
  </frame>
  <frame idx="475" w="611" h="758" x="-45.462784" y="-179.621109">
   <element name="images" layername="0" frame="0" z_index="3" m_a="0.999832" m_b="-0.018317" m_c="0.018317" m_d="0.999832" m_tx="0.000000" m_ty="0.000000"/>
  </frame>
  <frame idx="500" w="611" h="758" x="-45.677124" y="-179.398956">
   <element name="images" layername="0" frame="0" z_index="3" m_a="0.999848" m_b="-0.017444" m_c="0.017444" m_d="0.999848" m_tx="0.000000" m_ty="0.000000"/>
  </frame>
  <frame idx="525" w="611" h="757" x="-45.891663" y="-179.177002">
   <element name="images" layername="0" frame="0" z_index="3" m_a="0.999863" m_b="-0.016571" m_c="0.016571" m_d="0.999863" m_tx="0.000000" m_ty="0.000000"/>
  </frame>
  <frame idx="550" w="610" h="756" x="-46.106384" y="-178.955231">
   <element name="images" layername="0" frame="0" z_index="3" m_a="0.999877" m_b="-0.015698" m_c="0.015698" m_d="0.999877" m_tx="0.000000" m_ty="0.000000"/>
  </frame>
  <frame idx="575" w="610" h="756" x="-46.321304" y="-178.733658">
   <element name="images" layername="0" frame="0" z_index="3" m_a="0.999890" m_b="-0.014825" m_c="0.014825" m_d="0.999890" m_tx="0.000000" m_ty="0.000000"/>
  </frame>
  <frame idx="600" w="610" h="755" x="-46.536407" y="-178.512268">
   <element name="images" layername="0" frame="0" z_index="3" m_a="0.999903" m_b="-0.013952" m_c="0.013952" m_d="0.999903" m_tx="0.000000" m_ty="0.000000"/>
  </frame>
  <frame idx="625" w="610" h="754" x="-46.751709" y="-178.291046">
   <element name="images" layername="0" frame="0" z_index="3" m_a="0.999914" m_b="-0.013079" m_c="0.013079" m_d="0.999914" m_tx="0.000000" m_ty="0.000000"/>
  </frame>
  <frame idx="650" w="610" h="754" x="-46.967224" y="-178.070038">
   <element name="images" layername="0" frame="0" z_index="3" m_a="0.999925" m_b="-0.012206" m_c="0.012206" m_d="0.999925" m_tx="0.000000" m_ty="0.000000"/>
  </frame>
  <frame idx="675" w="609" h="753" x="-47.182892" y="-177.849213">
   <element name="images" layername="0" frame="0" z_index="3" m_a="0.999936" m_b="-0.011333" m_c="0.011333" m_d="0.999936" m_tx="0.000000" m_ty="0.000000"/>
  </frame>
  <frame idx="700" w="609" h="752" x="-47.398773" y="-177.628555">
   <element name="images" layername="0" frame="0" z_index="3" m_a="0.999945" m_b="-0.010460" m_c="0.010460" m_d="0.999945" m_tx="0.000000" m_ty="0.000000"/>
  </frame>
  <frame idx="725" w="609" h="752" x="-47.614868" y="-177.408112">
   <element name="images" layername="0" frame="0" z_index="3" m_a="0.999954" m_b="-0.009587" m_c="0.009587" m_d="0.999954" m_tx="0.000000" m_ty="0.000000"/>
  </frame>
  <frame idx="750" w="609" h="751" x="-47.831131" y="-177.187851">
   <element name="images" layername="0" frame="0" z_index="3" m_a="0.999962" m_b="-0.008713" m_c="0.008713" m_d="0.999962" m_tx="0.000000" m_ty="0.000000"/>
  </frame>
  <frame idx="775" w="608" h="750" x="-48.047607" y="-176.967789">
   <element name="images" layername="0" frame="0" z_index="3" m_a="0.999969" m_b="-0.007840" m_c="0.007840" m_d="0.999969" m_tx="0.000000" m_ty="0.000000"/>
  </frame>
  <frame idx="800" w="608" h="750" x="-48.264236" y="-176.747879">
   <element name="images" layername="0" frame="0" z_index="3" m_a="0.999976" m_b="-0.006967" m_c="0.006967" m_d="0.999976" m_tx="0.000000" m_ty="0.000000"/>
  </frame>
  <frame idx="825" w="608" h="748" x="-48.481110" y="-176.528214">
   <element name="images" layername="0" frame="0" z_index="3" m_a="0.999981" m_b="-0.006094" m_c="0.006094" m_d="0.999981" m_tx="0.000000" m_ty="0.000000"/>
  </frame>
  <frame idx="850" w="608" h="747" x="-48.698135" y="-176.308701">
   <element name="images" layername="0" frame="0" z_index="3" m_a="0.999986" m_b="-0.005221" m_c="0.005221" m_d="0.999986" m_tx="0.000000" m_ty="0.000000"/>
  </frame>
  <frame idx="875" w="608" h="747" x="-48.915359" y="-176.089371">
   <element name="images" layername="0" frame="0" z_index="3" m_a="0.999991" m_b="-0.004348" m_c="0.004348" m_d="0.999991" m_tx="0.000000" m_ty="0.000000"/>
  </frame>
  <frame idx="900" w="607" h="746" x="-49.132782" y="-175.870239">
   <element name="images" layername="0" frame="0" z_index="3" m_a="0.999994" m_b="-0.003475" m_c="0.003475" m_d="0.999994" m_tx="0.000000" m_ty="0.000000"/>
  </frame>
  <frame idx="925" w="607" h="745" x="-49.350403" y="-175.651321">
   <element name="images" layername="0" frame="0" z_index="3" m_a="0.999997" m_b="-0.002602" m_c="0.002602" m_d="0.999997" m_tx="0.000000" m_ty="0.000000"/>
  </frame>
  <frame idx="950" w="607" h="745" x="-49.568176" y="-175.432556">
   <element name="images" layername="0" frame="0" z_index="3" m_a="0.999999" m_b="-0.001729" m_c="0.001729" m_d="0.999999" m_tx="0.000000" m_ty="0.000000"/>
  </frame>
  <frame idx="975" w="607" h="744" x="-49.786179" y="-175.214005">
   <element name="images" layername="0" frame="0" z_index="3" m_a="1.000000" m_b="-0.000856" m_c="0.000856" m_d="1.000000" m_tx="0.000000" m_ty="0.000000"/>
  </frame>
  <frame idx="1000" w="607" h="744" x="-50.004364" y="-174.995636">
   <element name="images" layername="0" frame="0" z_index="3" m_a="1.000000" m_b="0.000017" m_c="-0.000017" m_d="1.000000" m_tx="0.000000" m_ty="0.000000"/>
  </frame>
  <frame idx="1025" w="607" h="744" x="-50.222748" y="-174.777466">
   <element name="images" layername="0" frame="0" z_index="3" m_a="1.000000" m_b="0.000891" m_c="-0.000891" m_d="1.000000" m_tx="0.000000" m_ty="0.000000"/>
  </frame>
  <frame idx="1050" w="608" h="744" x="-50.441299" y="-174.559464">
   <element name="images" layername="0" frame="0" z_index="3" m_a="0.999998" m_b="0.001764" m_c="-0.001764" m_d="0.999998" m_tx="0.000000" m_ty="0.000000"/>
  </frame>
  <frame idx="1075" w="608" h="744" x="-50.660065" y="-174.341675">
   <element name="images" layername="0" frame="0" z_index="3" m_a="0.999997" m_b="0.002637" m_c="-0.002637" m_d="0.999997" m_tx="0.000000" m_ty="0.000000"/>
  </frame>
  <frame idx="1100" w="609" h="744" x="-50.879013" y="-174.124069">
   <element name="images" layername="0" frame="0" z_index="3" m_a="0.999994" m_b="0.003510" m_c="-0.003510" m_d="0.999994" m_tx="0.000000" m_ty="0.000000"/>
  </frame>
  <frame idx="1125" w="610" h="745" x="-51.098129" y="-173.906662">
   <element name="images" layername="0" frame="0" z_index="3" m_a="0.999990" m_b="0.004383" m_c="-0.004383" m_d="0.999990" m_tx="0.000000" m_ty="0.000000"/>
  </frame>
  <frame idx="1150" w="610" h="745" x="-51.317474" y="-173.689453">
   <element name="images" layername="0" frame="0" z_index="3" m_a="0.999986" m_b="0.005256" m_c="-0.005256" m_d="0.999986" m_tx="0.000000" m_ty="0.000000"/>
  </frame>
  <frame idx="1175" w="611" h="745" x="-51.536987" y="-173.472412">
   <element name="images" layername="0" frame="0" z_index="3" m_a="0.999981" m_b="0.006129" m_c="-0.006129" m_d="0.999981" m_tx="0.000000" m_ty="0.000000"/>
  </frame>
  <frame idx="1200" w="612" h="745" x="-51.756668" y="-173.255569">
   <element name="images" layername="0" frame="0" z_index="3" m_a="0.999976" m_b="0.007002" m_c="-0.007002" m_d="0.999976" m_tx="0.000000" m_ty="0.000000"/>
  </frame>
  <frame idx="1225" w="612" h="745" x="-51.976578" y="-173.038925">
   <element name="images" layername="0" frame="0" z_index="3" m_a="0.999969" m_b="0.007875" m_c="-0.007875" m_d="0.999969" m_tx="0.000000" m_ty="0.000000"/>
  </frame>
  <frame idx="1250" w="613" h="746" x="-52.196655" y="-172.822479">
   <element name="images" layername="0" frame="0" z_index="3" m_a="0.999962" m_b="0.008748" m_c="-0.008748" m_d="0.999962" m_tx="0.000000" m_ty="0.000000"/>
  </frame>
  <frame idx="1275" w="614" h="746" x="-52.416946" y="-172.606216">
   <element name="images" layername="0" frame="0" z_index="3" m_a="0.999954" m_b="0.009621" m_c="-0.009621" m_d="0.999954" m_tx="0.000000" m_ty="0.000000"/>
  </frame>
  <frame idx="1300" w="614" h="746" x="-52.637390" y="-172.390137">
   <element name="images" layername="0" frame="0" z_index="3" m_a="0.999945" m_b="0.010494" m_c="-0.010494" m_d="0.999945" m_tx="0.000000" m_ty="0.000000"/>
  </frame>
  <frame idx="1325" w="615" h="746" x="-52.858047" y="-172.174271">
   <element name="images" layername="0" frame="0" z_index="3" m_a="0.999935" m_b="0.011368" m_c="-0.011368" m_d="0.999935" m_tx="0.000000" m_ty="0.000000"/>
  </frame>
  <frame idx="1350" w="616" h="747" x="-53.078888" y="-171.958588">
   <element name="images" layername="0" frame="0" z_index="3" m_a="0.999925" m_b="0.012241" m_c="-0.012241" m_d="0.999925" m_tx="0.000000" m_ty="0.000000"/>
  </frame>
  <frame idx="1375" w="616" h="747" x="-53.299896" y="-171.743103">
   <element name="images" layername="0" frame="0" z_index="3" m_a="0.999914" m_b="0.013114" m_c="-0.013114" m_d="0.999914" m_tx="0.000000" m_ty="0.000000"/>
  </frame>
  <frame idx="1400" w="618" h="747" x="-53.521118" y="-171.527802">
   <element name="images" layername="0" frame="0" z_index="3" m_a="0.999902" m_b="0.013987" m_c="-0.013987" m_d="0.999902" m_tx="0.000000" m_ty="0.000000"/>
  </frame>
  <frame idx="1425" w="619" h="747" x="-53.742508" y="-171.312698">
   <element name="images" layername="0" frame="0" z_index="3" m_a="0.999890" m_b="0.014860" m_c="-0.014860" m_d="0.999890" m_tx="0.000000" m_ty="0.000000"/>
  </frame>
  <frame idx="1450" w="619" h="747" x="-53.964081" y="-171.097778">
   <element name="images" layername="0" frame="0" z_index="3" m_a="0.999876" m_b="0.015733" m_c="-0.015733" m_d="0.999876" m_tx="0.000000" m_ty="0.000000"/>
  </frame>
  <frame idx="1475" w="620" h="748" x="-54.185867" y="-170.883072">
   <element name="images" layername="0" frame="0" z_index="3" m_a="0.999862" m_b="0.016606" m_c="-0.016606" m_d="0.999862" m_tx="0.000000" m_ty="0.000000"/>
  </frame>
  <frame idx="1500" w="621" h="748" x="-54.407837" y="-170.668549">
   <element name="images" layername="0" frame="0" z_index="3" m_a="0.999847" m_b="0.017479" m_c="-0.017479" m_d="0.999847" m_tx="0.000000" m_ty="0.000000"/>
  </frame>
  <frame idx="1525" w="621" h="748" x="-54.629990" y="-170.454208">
   <element name="images" layername="0" frame="0" z_index="3" m_a="0.999832" m_b="0.018352" m_c="-0.018352" m_d="0.999832" m_tx="0.000000" m_ty="0.000000"/>
  </frame>
  <frame idx="1550" w="622" h="748" x="-54.852325" y="-170.240082">
   <element name="images" layername="0" frame="0" z_index="3" m_a="0.999815" m_b="0.019225" m_c="-0.019225" m_d="0.999815" m_tx="0.000000" m_ty="0.000000"/>
  </frame>
  <frame idx="1575" w="623" h="748" x="-55.074860" y="-170.026154">
   <element name="images" layername="0" frame="0" z_index="3" m_a="0.999798" m_b="0.020097" m_c="-0.020097" m_d="0.999798" m_tx="0.000000" m_ty="0.000000"/>
  </frame>
  <frame idx="1600" w="623" h="750" x="-55.297562" y="-169.812393">
   <element name="images" layername="0" frame="0" z_index="3" m_a="0.999780" m_b="0.020970" m_c="-0.020970" m_d="0.999780" m_tx="0.000000" m_ty="0.000000"/>
  </frame>
  <frame idx="1625" w="624" h="750" x="-55.520462" y="-169.598831">
   <element name="images" layername="0" frame="0" z_index="3" m_a="0.999761" m_b="0.021843" m_c="-0.021843" m_d="0.999761" m_tx="0.000000" m_ty="0.000000"/>
  </frame>
  <frame idx="1650" w="624" h="750" x="-55.743546" y="-169.385483">
   <element name="images" layername="0" frame="0" z_index="3" m_a="0.999742" m_b="0.022716" m_c="-0.022716" m_d="0.999742" m_tx="0.000000" m_ty="0.000000"/>
  </frame>
  <frame idx="1675" w="625" h="750" x="-55.966812" y="-169.172318">
   <element name="images" layername="0" frame="0" z_index="3" m_a="0.999722" m_b="0.023589" m_c="-0.023589" m_d="0.999722" m_tx="0.000000" m_ty="0.000000"/>
  </frame>
  <frame idx="1700" w="626" h="751" x="-56.190277" y="-168.959351">
   <element name="images" layername="0" frame="0" z_index="3" m_a="0.999701" m_b="0.024462" m_c="-0.024462" m_d="0.999701" m_tx="0.000000" m_ty="0.000000"/>
  </frame>
  <frame idx="1725" w="626" h="751" x="-56.413940" y="-168.746582">
   <element name="images" layername="0" frame="0" z_index="3" m_a="0.999679" m_b="0.025335" m_c="-0.025335" m_d="0.999679" m_tx="0.000000" m_ty="0.000000"/>
  </frame>
  <frame idx="1750" w="627" h="751" x="-56.637756" y="-168.533997">
   <element name="images" layername="0" frame="0" z_index="3" m_a="0.999656" m_b="0.026207" m_c="-0.026207" m_d="0.999656" m_tx="0.000000" m_ty="0.000000"/>
  </frame>
  <frame idx="1775" w="629" h="751" x="-56.861755" y="-168.321625">
   <element name="images" layername="0" frame="0" z_index="3" m_a="0.999633" m_b="0.027080" m_c="-0.027080" m_d="0.999633" m_tx="0.000000" m_ty="0.000000"/>
  </frame>
  <frame idx="1800" w="629" h="751" x="-57.085968" y="-168.109436">
   <element name="images" layername="0" frame="0" z_index="3" m_a="0.999609" m_b="0.027953" m_c="-0.027953" m_d="0.999609" m_tx="0.000000" m_ty="0.000000"/>
  </frame>
  <frame idx="1825" w="630" h="752" x="-57.310364" y="-167.897461">
   <element name="images" layername="0" frame="0" z_index="3" m_a="0.999584" m_b="0.028826" m_c="-0.028826" m_d="0.999584" m_tx="0.000000" m_ty="0.000000"/>
  </frame>
  <frame idx="1850" w="631" h="752" x="-57.534912" y="-167.685638">
   <element name="images" layername="0" frame="0" z_index="3" m_a="0.999559" m_b="0.029699" m_c="-0.029699" m_d="0.999559" m_tx="0.000000" m_ty="0.000000"/>
  </frame>
  <frame idx="1875" w="631" h="752" x="-57.759674" y="-167.474060">
   <element name="images" layername="0" frame="0" z_index="3" m_a="0.999533" m_b="0.030571" m_c="-0.030571" m_d="0.999533" m_tx="0.000000" m_ty="0.000000"/>
  </frame>
  <frame idx="1900" w="632" h="752" x="-57.984589" y="-167.262634">
   <element name="images" layername="0" frame="0" z_index="3" m_a="0.999506" m_b="0.031444" m_c="-0.031444" m_d="0.999506" m_tx="0.000000" m_ty="0.000000"/>
  </frame>
  <frame idx="1925" w="633" h="752" x="-58.209747" y="-167.051453">
   <element name="images" layername="0" frame="0" z_index="3" m_a="0.999478" m_b="0.032317" m_c="-0.032317" m_d="0.999478" m_tx="0.000000" m_ty="0.000000"/>
  </frame>
  <frame idx="1950" w="633" h="753" x="-58.435028" y="-166.840424">
   <element name="images" layername="0" frame="0" z_index="3" m_a="0.999449" m_b="0.033189" m_c="-0.033189" m_d="0.999449" m_tx="0.000000" m_ty="0.000000"/>
  </frame>
  <frame idx="1975" w="634" h="753" x="-58.660522" y="-166.629608">
   <element name="images" layername="0" frame="0" z_index="3" m_a="0.999420" m_b="0.034062" m_c="-0.034062" m_d="0.999420" m_tx="0.000000" m_ty="0.000000"/>
  </frame>
  <frame idx="2000" w="634" h="753" x="-58.868073" y="-166.435913">
   <element name="images" layername="0" frame="0" z_index="3" m_a="0.999392" m_b="0.034864" m_c="-0.034864" m_d="0.999392" m_tx="0.000000" m_ty="0.000000"/>
  </frame>
  <frame idx="2025" w="634" h="753" x="-58.642670" y="-166.646301">
   <element name="images" layername="0" frame="0" z_index="3" m_a="0.999422" m_b="0.033993" m_c="-0.033993" m_d="0.999422" m_tx="0.000000" m_ty="0.000000"/>
  </frame>
  <frame idx="2050" w="633" h="753" x="-58.417419" y="-166.856873">
   <element name="images" layername="0" frame="0" z_index="3" m_a="0.999451" m_b="0.033121" m_c="-0.033121" m_d="0.999451" m_tx="0.000000" m_ty="0.000000"/>
  </frame>
  <frame idx="2075" w="633" h="752" x="-58.192383" y="-167.067688">
   <element name="images" layername="0" frame="0" z_index="3" m_a="0.999480" m_b="0.032249" m_c="-0.032249" m_d="0.999480" m_tx="0.000000" m_ty="0.000000"/>
  </frame>
  <frame idx="2100" w="632" h="752" x="-57.967529" y="-167.278687">
   <element name="images" layername="0" frame="0" z_index="3" m_a="0.999508" m_b="0.031378" m_c="-0.031378" m_d="0.999508" m_tx="0.000000" m_ty="0.000000"/>
  </frame>
  <frame idx="2125" w="631" h="752" x="-57.742859" y="-167.489868">
   <element name="images" layername="0" frame="0" z_index="3" m_a="0.999535" m_b="0.030506" m_c="-0.030506" m_d="0.999535" m_tx="0.000000" m_ty="0.000000"/>
  </frame>
  <frame idx="2150" w="631" h="752" x="-57.518127" y="-167.701477">
   <element name="images" layername="0" frame="0" z_index="3" m_a="0.999561" m_b="0.029633" m_c="-0.029633" m_d="0.999561" m_tx="0.000000" m_ty="0.000000"/>
  </frame>
  <frame idx="2175" w="630" h="752" x="-57.293793" y="-167.913025">
   <element name="images" layername="0" frame="0" z_index="3" m_a="0.999586" m_b="0.028762" m_c="-0.028762" m_d="0.999586" m_tx="0.000000" m_ty="0.000000"/>
  </frame>
  <frame idx="2200" w="629" h="751" x="-57.069702" y="-168.124817">
   <element name="images" layername="0" frame="0" z_index="3" m_a="0.999611" m_b="0.027890" m_c="-0.027890" m_d="0.999611" m_tx="0.000000" m_ty="0.000000"/>
  </frame>
  <frame idx="2225" w="629" h="751" x="-56.845764" y="-168.336792">
   <element name="images" layername="0" frame="0" z_index="3" m_a="0.999635" m_b="0.027018" m_c="-0.027018" m_d="0.999635" m_tx="0.000000" m_ty="0.000000"/>
  </frame>
  <frame idx="2250" w="627" h="751" x="-56.622009" y="-168.548950">
   <element name="images" layername="0" frame="0" z_index="3" m_a="0.999658" m_b="0.026146" m_c="-0.026146" m_d="0.999658" m_tx="0.000000" m_ty="0.000000"/>
  </frame>
  <frame idx="2275" w="626" h="751" x="-56.398438" y="-168.761292">
   <element name="images" layername="0" frame="0" z_index="3" m_a="0.999681" m_b="0.025274" m_c="-0.025274" m_d="0.999681" m_tx="0.000000" m_ty="0.000000"/>
  </frame>
  <frame idx="2300" w="626" h="751" x="-56.175049" y="-168.973846">
   <element name="images" layername="0" frame="0" z_index="3" m_a="0.999702" m_b="0.024402" m_c="-0.024402" m_d="0.999702" m_tx="0.000000" m_ty="0.000000"/>
  </frame>
  <frame idx="2325" w="625" h="750" x="-55.951721" y="-169.186707">
   <element name="images" layername="0" frame="0" z_index="3" m_a="0.999723" m_b="0.023530" m_c="-0.023530" m_d="0.999723" m_tx="0.000000" m_ty="0.000000"/>
  </frame>
  <frame idx="2350" w="624" h="750" x="-55.728714" y="-169.399643">
   <element name="images" layername="0" frame="0" z_index="3" m_a="0.999743" m_b="0.022658" m_c="-0.022658" m_d="0.999743" m_tx="0.000000" m_ty="0.000000"/>
  </frame>
  <frame idx="2375" w="624" h="750" x="-55.505890" y="-169.612793">
   <element name="images" layername="0" frame="0" z_index="3" m_a="0.999763" m_b="0.021786" m_c="-0.021786" m_d="0.999763" m_tx="0.000000" m_ty="0.000000"/>
  </frame>
  <frame idx="2400" w="623" h="750" x="-55.283264" y="-169.826111">
   <element name="images" layername="0" frame="0" z_index="3" m_a="0.999781" m_b="0.020914" m_c="-0.020914" m_d="0.999781" m_tx="0.000000" m_ty="0.000000"/>
  </frame>
  <frame idx="2425" w="622" h="748" x="-55.060806" y="-170.039627">
   <element name="images" layername="0" frame="0" z_index="3" m_a="0.999799" m_b="0.020042" m_c="-0.020042" m_d="0.999799" m_tx="0.000000" m_ty="0.000000"/>
  </frame>
  <frame idx="2450" w="622" h="748" x="-54.838531" y="-170.253357">
   <element name="images" layername="0" frame="0" z_index="3" m_a="0.999816" m_b="0.019170" m_c="-0.019170" m_d="0.999816" m_tx="0.000000" m_ty="0.000000"/>
  </frame>
  <frame idx="2475" w="621" h="748" x="-54.616333" y="-170.467377">
   <element name="images" layername="0" frame="0" z_index="3" m_a="0.999833" m_b="0.018298" m_c="-0.018298" m_d="0.999833" m_tx="0.000000" m_ty="0.000000"/>
  </frame>
  <frame idx="2500" w="621" h="748" x="-54.394424" y="-170.681473">
   <element name="images" layername="0" frame="0" z_index="3" m_a="0.999848" m_b="0.017426" m_c="-0.017426" m_d="0.999848" m_tx="0.000000" m_ty="0.000000"/>
  </frame>
  <frame idx="2525" w="620" h="748" x="-54.172729" y="-170.895782">
   <element name="images" layername="0" frame="0" z_index="3" m_a="0.999863" m_b="0.016554" m_c="-0.016554" m_d="0.999863" m_tx="0.000000" m_ty="0.000000"/>
  </frame>
  <frame idx="2550" w="619" h="747" x="-53.951218" y="-171.110275">
   <element name="images" layername="0" frame="0" z_index="3" m_a="0.999877" m_b="0.015682" m_c="-0.015682" m_d="0.999877" m_tx="0.000000" m_ty="0.000000"/>
  </frame>
  <frame idx="2575" w="619" h="747" x="-53.729889" y="-171.324951">
   <element name="images" layername="0" frame="0" z_index="3" m_a="0.999890" m_b="0.014810" m_c="-0.014810" m_d="0.999890" m_tx="0.000000" m_ty="0.000000"/>
  </frame>
  <frame idx="2600" w="618" h="747" x="-53.508743" y="-171.539841">
   <element name="images" layername="0" frame="0" z_index="3" m_a="0.999903" m_b="0.013938" m_c="-0.013938" m_d="0.999903" m_tx="0.000000" m_ty="0.000000"/>
  </frame>
  <frame idx="2625" w="616" h="747" x="-53.287766" y="-171.754898">
   <element name="images" layername="0" frame="0" z_index="3" m_a="0.999915" m_b="0.013066" m_c="-0.013066" m_d="0.999915" m_tx="0.000000" m_ty="0.000000"/>
  </frame>
  <frame idx="2650" w="616" h="747" x="-53.066879" y="-171.970291">
   <element name="images" layername="0" frame="0" z_index="3" m_a="0.999926" m_b="0.012193" m_c="-0.012193" m_d="0.999926" m_tx="0.000000" m_ty="0.000000"/>
  </frame>
  <frame idx="2675" w="615" h="746" x="-52.846298" y="-172.185745">
   <element name="images" layername="0" frame="0" z_index="3" m_a="0.999936" m_b="0.011321" m_c="-0.011321" m_d="0.999936" m_tx="0.000000" m_ty="0.000000"/>
  </frame>
  <frame idx="2700" w="614" h="746" x="-52.625916" y="-172.401398">
   <element name="images" layername="0" frame="0" z_index="3" m_a="0.999945" m_b="0.010449" m_c="-0.010449" m_d="0.999945" m_tx="0.000000" m_ty="0.000000"/>
  </frame>
  <frame idx="2725" w="614" h="746" x="-52.405701" y="-172.617218">
   <element name="images" layername="0" frame="0" z_index="3" m_a="0.999954" m_b="0.009577" m_c="-0.009577" m_d="0.999954" m_tx="0.000000" m_ty="0.000000"/>
  </frame>
  <frame idx="2750" w="613" h="746" x="-52.185684" y="-172.833267">
   <element name="images" layername="0" frame="0" z_index="3" m_a="0.999962" m_b="0.008705" m_c="-0.008705" m_d="0.999962" m_tx="0.000000" m_ty="0.000000"/>
  </frame>
  <frame idx="2775" w="612" h="745" x="-51.965622" y="-173.049728">
   <element name="images" layername="0" frame="0" z_index="3" m_a="0.999969" m_b="0.007832" m_c="-0.007832" m_d="0.999969" m_tx="0.000000" m_ty="0.000000"/>
  </frame>
  <frame idx="2800" w="612" h="745" x="-51.746201" y="-173.265884">
   <element name="images" layername="0" frame="0" z_index="3" m_a="0.999976" m_b="0.006961" m_c="-0.006961" m_d="0.999976" m_tx="0.000000" m_ty="0.000000"/>
  </frame>
  <frame idx="2825" w="611" h="745" x="-51.526535" y="-173.482742">
   <element name="images" layername="0" frame="0" z_index="3" m_a="0.999981" m_b="0.006088" m_c="-0.006088" m_d="0.999981" m_tx="0.000000" m_ty="0.000000"/>
  </frame>
  <frame idx="2850" w="610" h="745" x="-51.307266" y="-173.699539">
   <element name="images" layername="0" frame="0" z_index="3" m_a="0.999986" m_b="0.005215" m_c="-0.005215" m_d="0.999986" m_tx="0.000000" m_ty="0.000000"/>
  </frame>
  <frame idx="2875" w="610" h="745" x="-51.088181" y="-173.916519">
   <element name="images" layername="0" frame="0" z_index="3" m_a="0.999991" m_b="0.004343" m_c="-0.004343" m_d="0.999991" m_tx="0.000000" m_ty="0.000000"/>
  </frame>
  <frame idx="2900" w="609" h="744" x="-50.869308" y="-174.133713">
   <element name="images" layername="0" frame="0" z_index="3" m_a="0.999994" m_b="0.003471" m_c="-0.003471" m_d="0.999994" m_tx="0.000000" m_ty="0.000000"/>
  </frame>
  <frame idx="2925" w="608" h="744" x="-50.650620" y="-174.351089">
   <element name="images" layername="0" frame="0" z_index="3" m_a="0.999997" m_b="0.002599" m_c="-0.002599" m_d="0.999997" m_tx="0.000000" m_ty="0.000000"/>
  </frame>
  <frame idx="2950" w="608" h="744" x="-50.431976" y="-174.568756">
   <element name="images" layername="0" frame="0" z_index="3" m_a="0.999999" m_b="0.001726" m_c="-0.001726" m_d="0.999999" m_tx="0.000000" m_ty="0.000000"/>
  </frame>
  <frame idx="2975" w="607" h="744" x="-50.213791" y="-174.786392">
   <element name="images" layername="0" frame="0" z_index="3" m_a="1.000000" m_b="0.000855" m_c="-0.000855" m_d="1.000000" m_tx="0.000000" m_ty="0.000000"/>
  </frame>
  <frame idx="3000" w="607" h="744" x="-49.995544" y="-175.004456">
   <element name="images" layername="0" frame="0" z_index="3" m_a="1.000000" m_b="-0.000018" m_c="0.000018" m_d="1.000000" m_tx="0.000000" m_ty="0.000000"/>
  </frame>
  <frame idx="3025" w="607" h="744" x="-49.777618" y="-175.222595">
   <element name="images" layername="0" frame="0" z_index="3" m_a="1.000000" m_b="-0.000890" m_c="0.000890" m_d="1.000000" m_tx="0.000000" m_ty="0.000000"/>
  </frame>
  <frame idx="3050" w="607" h="745" x="-49.559860" y="-175.440903">
   <element name="images" layername="0" frame="0" z_index="3" m_a="0.999998" m_b="-0.001762" m_c="0.001762" m_d="0.999998" m_tx="0.000000" m_ty="0.000000"/>
  </frame>
  <frame idx="3075" w="607" h="745" x="-49.342316" y="-175.659424">
   <element name="images" layername="0" frame="0" z_index="3" m_a="0.999997" m_b="-0.002634" m_c="0.002634" m_d="0.999997" m_tx="0.000000" m_ty="0.000000"/>
  </frame>
  <frame idx="3100" w="607" h="746" x="-49.124954" y="-175.878128">
   <element name="images" layername="0" frame="0" z_index="3" m_a="0.999994" m_b="-0.003506" m_c="0.003506" m_d="0.999994" m_tx="0.000000" m_ty="0.000000"/>
  </frame>
  <frame idx="3125" w="608" h="747" x="-48.907654" y="-176.097137">
   <element name="images" layername="0" frame="0" z_index="3" m_a="0.999990" m_b="-0.004379" m_c="0.004379" m_d="0.999990" m_tx="0.000000" m_ty="0.000000"/>
  </frame>
  <frame idx="3150" w="608" h="747" x="-48.690796" y="-176.316101">
   <element name="images" layername="0" frame="0" z_index="3" m_a="0.999986" m_b="-0.005251" m_c="0.005251" m_d="0.999986" m_tx="0.000000" m_ty="0.000000"/>
  </frame>
  <frame idx="3175" w="608" h="748" x="-48.473907" y="-176.535507">
   <element name="images" layername="0" frame="0" z_index="3" m_a="0.999981" m_b="-0.006123" m_c="0.006123" m_d="0.999981" m_tx="0.000000" m_ty="0.000000"/>
  </frame>
  <frame idx="3200" w="608" h="750" x="-48.257263" y="-176.754929">
   <element name="images" layername="0" frame="0" z_index="3" m_a="0.999976" m_b="-0.006995" m_c="0.006995" m_d="0.999976" m_tx="0.000000" m_ty="0.000000"/>
  </frame>
  <frame idx="3225" w="608" h="750" x="-48.040878" y="-176.974594">
   <element name="images" layername="0" frame="0" z_index="3" m_a="0.999969" m_b="-0.007867" m_c="0.007867" m_d="0.999969" m_tx="0.000000" m_ty="0.000000"/>
  </frame>
  <frame idx="3250" w="609" h="751" x="-47.824432" y="-177.194672">
   <element name="images" layername="0" frame="0" z_index="3" m_a="0.999962" m_b="-0.008740" m_c="0.008740" m_d="0.999962" m_tx="0.000000" m_ty="0.000000"/>
  </frame>
  <frame idx="3275" w="609" h="752" x="-47.608643" y="-177.414459">
   <element name="images" layername="0" frame="0" z_index="3" m_a="0.999954" m_b="-0.009612" m_c="0.009612" m_d="0.999954" m_tx="0.000000" m_ty="0.000000"/>
  </frame>
  <frame idx="3300" w="609" h="752" x="-47.392563" y="-177.634903">
   <element name="images" layername="0" frame="0" z_index="3" m_a="0.999945" m_b="-0.010485" m_c="0.010485" m_d="0.999945" m_tx="0.000000" m_ty="0.000000"/>
  </frame>
  <frame idx="3325" w="609" h="753" x="-47.177185" y="-177.855087">
   <element name="images" layername="0" frame="0" z_index="3" m_a="0.999936" m_b="-0.011356" m_c="0.011356" m_d="0.999936" m_tx="0.000000" m_ty="0.000000"/>
  </frame>
  <frame idx="3350" w="610" h="754" x="-46.961502" y="-178.075912">
   <element name="images" layername="0" frame="0" z_index="3" m_a="0.999925" m_b="-0.012229" m_c="0.012229" m_d="0.999925" m_tx="0.000000" m_ty="0.000000"/>
  </frame>
  <frame idx="3375" w="610" h="754" x="-46.746231" y="-178.296677">
   <element name="images" layername="0" frame="0" z_index="3" m_a="0.999914" m_b="-0.013101" m_c="0.013101" m_d="0.999914" m_tx="0.000000" m_ty="0.000000"/>
  </frame>
  <frame idx="3400" w="610" h="755" x="-46.531296" y="-178.517532">
   <element name="images" layername="0" frame="0" z_index="3" m_a="0.999902" m_b="-0.013972" m_c="0.013972" m_d="0.999902" m_tx="0.000000" m_ty="0.000000"/>
  </frame>
  <frame idx="3425" w="610" h="756" x="-46.316193" y="-178.738922">
   <element name="images" layername="0" frame="0" z_index="3" m_a="0.999890" m_b="-0.014845" m_c="0.014845" m_d="0.999890" m_tx="0.000000" m_ty="0.000000"/>
  </frame>
  <frame idx="3450" w="610" h="756" x="-46.101730" y="-178.960007">
   <element name="images" layername="0" frame="0" z_index="3" m_a="0.999876" m_b="-0.015717" m_c="0.015717" m_d="0.999876" m_tx="0.000000" m_ty="0.000000"/>
  </frame>
  <frame idx="3475" w="611" h="757" x="-45.887024" y="-179.181793">
   <element name="images" layername="0" frame="0" z_index="3" m_a="0.999862" m_b="-0.016590" m_c="0.016590" m_d="0.999862" m_tx="0.000000" m_ty="0.000000"/>
  </frame>
  <frame idx="3500" w="611" h="758" x="-45.672974" y="-179.403259">
   <element name="images" layername="0" frame="0" z_index="3" m_a="0.999848" m_b="-0.017461" m_c="0.017461" m_d="0.999848" m_tx="0.000000" m_ty="0.000000"/>
  </frame>
  <frame idx="3525" w="611" h="758" x="-45.458649" y="-179.625412">
   <element name="images" layername="0" frame="0" z_index="3" m_a="0.999832" m_b="-0.018334" m_c="0.018334" m_d="0.999832" m_tx="0.000000" m_ty="0.000000"/>
  </frame>
  <frame idx="3550" w="611" h="759" x="-45.244720" y="-179.847473">
   <element name="images" layername="0" frame="0" z_index="3" m_a="0.999816" m_b="-0.019206" m_c="0.019206" m_d="0.999816" m_tx="0.000000" m_ty="0.000000"/>
  </frame>
  <frame idx="3575" w="611" h="761" x="-45.031036" y="-180.069778">
   <element name="images" layername="0" frame="0" z_index="3" m_a="0.999798" m_b="-0.020077" m_c="0.020077" m_d="0.999798" m_tx="0.000000" m_ty="0.000000"/>
  </frame>
  <frame idx="3600" w="612" h="761" x="-44.817383" y="-180.292343">
   <element name="images" layername="0" frame="0" z_index="3" m_a="0.999781" m_b="-0.020950" m_c="0.020950" m_d="0.999781" m_tx="0.000000" m_ty="0.000000"/>
  </frame>
  <frame idx="3625" w="612" h="762" x="-44.604187" y="-180.514862">
   <element name="images" layername="0" frame="0" z_index="3" m_a="0.999762" m_b="-0.021821" m_c="0.021821" m_d="0.999762" m_tx="0.000000" m_ty="0.000000"/>
  </frame>
  <frame idx="3650" w="612" h="762" x="-44.390961" y="-180.737839">
   <element name="images" layername="0" frame="0" z_index="3" m_a="0.999742" m_b="-0.022694" m_c="0.022694" m_d="0.999742" m_tx="0.000000" m_ty="0.000000"/>
  </frame>
  <frame idx="3675" w="612" h="763" x="-44.178131" y="-180.960724">
   <element name="images" layername="0" frame="0" z_index="3" m_a="0.999722" m_b="-0.023565" m_c="0.023565" m_d="0.999722" m_tx="0.000000" m_ty="0.000000"/>
  </frame>
  <frame idx="3700" w="613" h="764" x="-43.965271" y="-181.184052">
   <element name="images" layername="0" frame="0" z_index="3" m_a="0.999701" m_b="-0.024438" m_c="0.024438" m_d="0.999701" m_tx="0.000000" m_ty="0.000000"/>
  </frame>
  <frame idx="3725" w="613" h="764" x="-43.752716" y="-181.407440">
   <element name="images" layername="0" frame="0" z_index="3" m_a="0.999680" m_b="-0.025309" m_c="0.025309" m_d="0.999680" m_tx="0.000000" m_ty="0.000000"/>
  </frame>
  <frame idx="3750" w="613" h="765" x="-43.540375" y="-181.631012">
   <element name="images" layername="0" frame="0" z_index="3" m_a="0.999657" m_b="-0.026181" m_c="0.026181" m_d="0.999657" m_tx="0.000000" m_ty="0.000000"/>
  </frame>
  <frame idx="3775" w="613" h="766" x="-43.328125" y="-181.854919">
   <element name="images" layername="0" frame="0" z_index="3" m_a="0.999634" m_b="-0.027054" m_c="0.027054" m_d="0.999634" m_tx="0.000000" m_ty="0.000000"/>
  </frame>
  <frame idx="3800" w="613" h="766" x="-43.116272" y="-182.078735">
   <element name="images" layername="0" frame="0" z_index="3" m_a="0.999610" m_b="-0.027925" m_c="0.027925" m_d="0.999610" m_tx="0.000000" m_ty="0.000000"/>
  </frame>
  <frame idx="3825" w="614" h="767" x="-42.904388" y="-182.302979">
   <element name="images" layername="0" frame="0" z_index="3" m_a="0.999585" m_b="-0.028797" m_c="0.028797" m_d="0.999585" m_tx="0.000000" m_ty="0.000000"/>
  </frame>
  <frame idx="3850" w="614" h="768" x="-42.692841" y="-182.527283">
   <element name="images" layername="0" frame="0" z_index="3" m_a="0.999560" m_b="-0.029669" m_c="0.029669" m_d="0.999560" m_tx="0.000000" m_ty="0.000000"/>
  </frame>
  <frame idx="3875" w="614" h="768" x="-42.481445" y="-182.751770">
   <element name="images" layername="0" frame="0" z_index="3" m_a="0.999534" m_b="-0.030541" m_c="0.030541" m_d="0.999534" m_tx="0.000000" m_ty="0.000000"/>
  </frame>
  <frame idx="3900" w="614" h="769" x="-42.270264" y="-182.976440">
   <element name="images" layername="0" frame="0" z_index="3" m_a="0.999507" m_b="-0.031412" m_c="0.031412" m_d="0.999507" m_tx="0.000000" m_ty="0.000000"/>
  </frame>
  <frame idx="3925" w="614" h="770" x="-42.059296" y="-183.201324">
   <element name="images" layername="0" frame="0" z_index="3" m_a="0.999479" m_b="-0.032284" m_c="0.032284" m_d="0.999479" m_tx="0.000000" m_ty="0.000000"/>
  </frame>
  <frame idx="3950" w="615" h="770" x="-41.848297" y="-183.426636">
   <element name="images" layername="0" frame="0" z_index="3" m_a="0.999450" m_b="-0.033157" m_c="0.033157" m_d="0.999450" m_tx="0.000000" m_ty="0.000000"/>
  </frame>
  <frame idx="3975" w="615" h="772" x="-41.637939" y="-183.651642">
   <element name="images" layername="0" frame="0" z_index="3" m_a="0.999421" m_b="-0.034027" m_c="0.034027" m_d="0.999421" m_tx="0.000000" m_ty="0.000000"/>
  </frame>
 </anim>
 <anim name="onbuild" root="zxpigmanfarm1" numframes="400" framerate="40">
  <frame idx="0" w="605" h="743" x="-50.000000" y="-175.000000">
   <element name="images" layername="0" frame="0" z_index="3" m_a="1.000000" m_b="0.000000" m_c="0.000000" m_d="1.000000" m_tx="0.000000" m_ty="0.000000"/>
  </frame>
  <frame idx="25" w="605" h="743" x="-50.000000" y="-175.000000">
   <element name="images" layername="0" frame="0" z_index="3" m_a="1.000000" m_b="0.000000" m_c="0.000000" m_d="1.000000" m_tx="0.000000" m_ty="0.000000"/>
  </frame>
  <frame idx="50" w="605" h="743" x="-50.000000" y="-175.000000">
   <element name="images" layername="0" frame="0" z_index="3" m_a="1.000000" m_b="0.000000" m_c="0.000000" m_d="1.000000" m_tx="0.000000" m_ty="0.000000"/>
  </frame>
  <frame idx="75" w="605" h="743" x="-50.000000" y="-175.000000">
   <element name="images" layername="0" frame="0" z_index="3" m_a="1.000000" m_b="0.000000" m_c="0.000000" m_d="1.000000" m_tx="0.000000" m_ty="0.000000"/>
  </frame>
  <frame idx="100" w="605" h="743" x="-50.000000" y="-175.000000">
   <element name="images" layername="0" frame="0" z_index="3" m_a="1.000000" m_b="0.000000" m_c="0.000000" m_d="1.000000" m_tx="0.000000" m_ty="0.000000"/>
  </frame>
  <frame idx="125" w="605" h="743" x="-50.000000" y="-175.000000">
   <element name="images" layername="0" frame="0" z_index="3" m_a="1.000000" m_b="0.000000" m_c="0.000000" m_d="1.000000" m_tx="0.000000" m_ty="0.000000"/>
  </frame>
  <frame idx="150" w="605" h="743" x="-50.000000" y="-175.000000">
   <element name="images" layername="0" frame="0" z_index="3" m_a="1.000000" m_b="0.000000" m_c="0.000000" m_d="1.000000" m_tx="0.000000" m_ty="0.000000"/>
  </frame>
  <frame idx="175" w="605" h="743" x="-50.000000" y="-175.000000">
   <element name="images" layername="0" frame="0" z_index="3" m_a="1.000000" m_b="0.000000" m_c="0.000000" m_d="1.000000" m_tx="0.000000" m_ty="0.000000"/>
  </frame>
  <frame idx="200" w="605" h="743" x="-50.000000" y="-175.000000">
   <element name="images" layername="0" frame="0" z_index="3" m_a="1.000000" m_b="0.000000" m_c="0.000000" m_d="1.000000" m_tx="0.000000" m_ty="0.000000"/>
  </frame>
  <frame idx="225" w="605" h="743" x="-50.000000" y="-175.000000">
   <element name="images" layername="0" frame="0" z_index="3" m_a="1.000000" m_b="0.000000" m_c="0.000000" m_d="1.000000" m_tx="0.000000" m_ty="0.000000"/>
  </frame>
  <frame idx="250" w="605" h="743" x="-50.000000" y="-175.000000">
   <element name="images" layername="0" frame="0" z_index="3" m_a="1.000000" m_b="0.000000" m_c="0.000000" m_d="1.000000" m_tx="0.000000" m_ty="0.000000"/>
  </frame>
  <frame idx="275" w="605" h="743" x="-50.000000" y="-175.000000">
   <element name="images" layername="0" frame="0" z_index="3" m_a="1.000000" m_b="0.000000" m_c="0.000000" m_d="1.000000" m_tx="0.000000" m_ty="0.000000"/>
  </frame>
  <frame idx="300" w="605" h="743" x="-50.000000" y="-175.000000">
   <element name="images" layername="0" frame="0" z_index="3" m_a="1.000000" m_b="0.000000" m_c="0.000000" m_d="1.000000" m_tx="0.000000" m_ty="0.000000"/>
  </frame>
  <frame idx="325" w="605" h="743" x="-50.000000" y="-175.000000">
   <element name="images" layername="0" frame="0" z_index="3" m_a="1.000000" m_b="0.000000" m_c="0.000000" m_d="1.000000" m_tx="0.000000" m_ty="0.000000"/>
  </frame>
  <frame idx="350" w="605" h="743" x="-50.000000" y="-175.000000">
   <element name="images" layername="0" frame="0" z_index="3" m_a="1.000000" m_b="0.000000" m_c="0.000000" m_d="1.000000" m_tx="0.000000" m_ty="0.000000"/>
  </frame>
  <frame idx="375" w="605" h="743" x="-50.000000" y="-175.000000">
   <element name="images" layername="0" frame="0" z_index="3" m_a="1.000000" m_b="0.000000" m_c="0.000000" m_d="1.000000" m_tx="0.000000" m_ty="0.000000"/>
  </frame>
 </anim>
 <anim name="onhit" root="zxpigmanfarm1" numframes="400" framerate="40">
  <frame idx="0" w="605" h="743" x="-50.000000" y="-175.000000">
   <element name="images" layername="0" frame="0" z_index="3" m_a="1.000000" m_b="0.000000" m_c="0.000000" m_d="1.000000" m_tx="0.000000" m_ty="0.000000"/>
  </frame>
  <frame idx="25" w="611" h="762" x="-45.992706" y="-183.702225">
   <element name="images" layername="0" frame="0" z_index="3" m_a="0.999869" m_b="-0.016160" m_c="0.016160" m_d="0.999869" m_tx="0.000000" m_ty="-4.629630"/>
  </frame>
  <frame idx="50" w="614" h="780" x="-42.051758" y="-192.468658">
   <element name="images" layername="0" frame="0" z_index="3" m_a="0.999478" m_b="-0.032315" m_c="0.032315" m_d="0.999478" m_tx="0.000000" m_ty="-9.259259"/>
  </frame>
  <frame idx="75" w="619" h="798" x="-38.178162" y="-201.298248">
   <element name="images" layername="0" frame="0" z_index="3" m_a="0.998825" m_b="-0.048462" m_c="0.048462" m_d="0.998825" m_tx="0.000000" m_ty="-13.888889"/>
  </frame>
  <frame idx="100" w="623" h="817" x="-34.372925" y="-210.189850">
   <element name="images" layername="0" frame="0" z_index="3" m_a="0.997911" m_b="-0.064597" m_c="0.064597" m_d="0.997911" m_tx="0.000000" m_ty="-18.518518"/>
  </frame>
  <frame idx="125" w="627" h="834" x="-30.637085" y="-219.142395">
   <element name="images" layername="0" frame="0" z_index="3" m_a="0.996737" m_b="-0.080714" m_c="0.080714" m_d="0.996737" m_tx="0.000000" m_ty="-23.148148"/>
  </frame>
  <frame idx="150" w="624" h="827" x="-33.620178" y="-217.531097">
   <element name="images" layername="0" frame="0" z_index="3" m_a="0.997697" m_b="-0.067822" m_c="0.067822" m_d="0.997697" m_tx="0.000000" m_ty="-25.000000"/>
  </frame>
  <frame idx="175" w="615" h="800" x="-41.271606" y="-209.044373">
   <element name="images" layername="0" frame="0" z_index="3" m_a="0.999368" m_b="-0.035546" m_c="0.035546" m_d="0.999368" m_tx="0.000000" m_ty="-25.000000"/>
  </frame>
  <frame idx="200" w="607" h="774" x="-49.193298" y="-200.809326">
   <element name="images" layername="0" frame="0" z_index="3" m_a="0.999995" m_b="-0.003232" m_c="0.003232" m_d="0.999995" m_tx="0.000000" m_ty="-25.000000"/>
  </frame>
  <frame idx="225" w="630" h="779" x="-57.376953" y="-192.834595">
   <element name="images" layername="0" frame="0" z_index="3" m_a="0.999577" m_b="0.029085" m_c="-0.029085" m_d="0.999577" m_tx="0.000000" m_ty="-25.000000"/>
  </frame>
  <frame idx="250" w="656" h="787" x="-65.814056" y="-185.128479">
   <element name="images" layername="0" frame="0" z_index="3" m_a="0.998115" m_b="0.061371" m_c="-0.061371" m_d="0.998115" m_tx="0.000000" m_ty="-25.000000"/>
  </frame>
  <frame idx="275" w="674" h="792" x="-71.832458" y="-178.965210">
   <element name="images" layername="0" frame="0" z_index="3" m_a="0.996482" m_b="0.083811" m_c="-0.083811" m_d="0.996482" m_tx="0.000000" m_ty="-24.038462"/>
  </frame>
  <frame idx="300" w="660" h="783" x="-67.332581" y="-178.024323">
   <element name="images" layername="0" frame="0" z_index="3" m_a="0.997748" m_b="0.067078" m_c="-0.067078" m_d="0.997748" m_tx="0.000000" m_ty="-19.230770"/>
  </frame>
  <frame idx="325" w="647" h="773" x="-62.897888" y="-177.158722">
   <element name="images" layername="0" frame="0" z_index="3" m_a="0.998733" m_b="0.050324" m_c="-0.050324" m_d="0.998733" m_tx="0.000000" m_ty="-14.423077"/>
  </frame>
  <frame idx="350" w="634" h="763" x="-58.530212" y="-176.366791">
   <element name="images" layername="0" frame="0" z_index="3" m_a="0.999437" m_b="0.033558" m_c="-0.033558" m_d="0.999437" m_tx="0.000000" m_ty="-9.615384"/>
  </frame>
  <frame idx="375" w="620" h="753" x="-54.230408" y="-175.647675">
   <element name="images" layername="0" frame="0" z_index="3" m_a="0.999859" m_b="0.016781" m_c="-0.016781" m_d="0.999859" m_tx="0.000000" m_ty="-4.807693"/>
  </frame>
 </anim>
</Anims>
