<Anims>
 <anim name="idle" root="zxgoatfarm1" numframes="4000" framerate="40">
  <frame idx="0" w="576" h="735" x="22.117493" y="-152.665253">
   <element name="images" layername="0" frame="0" z_index="6" m_a="1.000000" m_b="0.000000" m_c="0.000000" m_d="1.000000" m_tx="0.000000" m_ty="0.000000"/>
   <element name="images" layername="1" frame="1" z_index="5" m_a="1.000000" m_b="0.000000" m_c="0.000000" m_d="1.000000" m_tx="-147.000000" m_ty="22.000000"/>
  </frame>
  <frame idx="25" w="576" h="735" x="22.557648" y="-152.665649">
   <element name="images" layername="0" frame="0" z_index="6" m_a="1.000000" m_b="0.000000" m_c="0.000000" m_d="1.000000" m_tx="0.000000" m_ty="0.000000"/>
   <element name="images" layername="1" frame="1" z_index="5" m_a="0.999998" m_b="-0.001762" m_c="0.001762" m_d="0.999998" m_tx="-147.000000" m_ty="22.000000"/>
  </frame>
  <frame idx="50" w="576" h="735" x="22.996948" y="-152.666809">
   <element name="images" layername="0" frame="0" z_index="6" m_a="1.000000" m_b="0.000000" m_c="0.000000" m_d="1.000000" m_tx="0.000000" m_ty="0.000000"/>
   <element name="images" layername="1" frame="1" z_index="5" m_a="0.999994" m_b="-0.003524" m_c="0.003524" m_d="0.999994" m_tx="-147.000000" m_ty="22.000000"/>
  </frame>
  <frame idx="75" w="577" h="735" x="23.435547" y="-152.668762">
   <element name="images" layername="0" frame="0" z_index="6" m_a="1.000000" m_b="0.000000" m_c="0.000000" m_d="1.000000" m_tx="0.000000" m_ty="0.000000"/>
   <element name="images" layername="1" frame="1" z_index="5" m_a="0.999986" m_b="-0.005286" m_c="0.005286" m_d="0.999986" m_tx="-147.000000" m_ty="22.000000"/>
  </frame>
  <frame idx="100" w="577" h="735" x="23.873352" y="-152.671448">
   <element name="images" layername="0" frame="0" z_index="6" m_a="1.000000" m_b="0.000000" m_c="0.000000" m_d="1.000000" m_tx="0.000000" m_ty="0.000000"/>
   <element name="images" layername="1" frame="1" z_index="5" m_a="0.999975" m_b="-0.007048" m_c="0.007048" m_d="0.999975" m_tx="-147.000000" m_ty="22.000000"/>
  </frame>
  <frame idx="125" w="578" h="735" x="24.310364" y="-152.674957">
   <element name="images" layername="0" frame="0" z_index="6" m_a="1.000000" m_b="0.000000" m_c="0.000000" m_d="1.000000" m_tx="0.000000" m_ty="0.000000"/>
   <element name="images" layername="1" frame="1" z_index="5" m_a="0.999961" m_b="-0.008810" m_c="0.008810" m_d="0.999961" m_tx="-147.000000" m_ty="22.000000"/>
  </frame>
  <frame idx="150" w="578" h="735" x="24.746582" y="-152.679230">
   <element name="images" layername="0" frame="0" z_index="6" m_a="1.000000" m_b="0.000000" m_c="0.000000" m_d="1.000000" m_tx="0.000000" m_ty="0.000000"/>
   <element name="images" layername="1" frame="1" z_index="5" m_a="0.999944" m_b="-0.010572" m_c="0.010572" m_d="0.999944" m_tx="-147.000000" m_ty="22.000000"/>
  </frame>
  <frame idx="175" w="579" h="735" x="25.182007" y="-152.684265">
   <element name="images" layername="0" frame="0" z_index="6" m_a="1.000000" m_b="0.000000" m_c="0.000000" m_d="1.000000" m_tx="0.000000" m_ty="0.000000"/>
   <element name="images" layername="1" frame="1" z_index="5" m_a="0.999924" m_b="-0.012334" m_c="0.012334" m_d="0.999924" m_tx="-147.000000" m_ty="22.000000"/>
  </frame>
  <frame idx="200" w="579" h="735" x="25.616669" y="-152.690094">
   <element name="images" layername="0" frame="0" z_index="6" m_a="1.000000" m_b="0.000000" m_c="0.000000" m_d="1.000000" m_tx="0.000000" m_ty="0.000000"/>
   <element name="images" layername="1" frame="1" z_index="5" m_a="0.999901" m_b="-0.014096" m_c="0.014096" m_d="0.999901" m_tx="-147.000000" m_ty="22.000000"/>
  </frame>
  <frame idx="225" w="580" h="735" x="26.050537" y="-152.696716">
   <element name="images" layername="0" frame="0" z_index="6" m_a="1.000000" m_b="0.000000" m_c="0.000000" m_d="1.000000" m_tx="0.000000" m_ty="0.000000"/>
   <element name="images" layername="1" frame="1" z_index="5" m_a="0.999874" m_b="-0.015858" m_c="0.015858" m_d="0.999874" m_tx="-147.000000" m_ty="22.000000"/>
  </frame>
  <frame idx="250" w="580" h="735" x="26.483612" y="-152.704071">
   <element name="images" layername="0" frame="0" z_index="6" m_a="1.000000" m_b="0.000000" m_c="0.000000" m_d="1.000000" m_tx="0.000000" m_ty="0.000000"/>
   <element name="images" layername="1" frame="1" z_index="5" m_a="0.999845" m_b="-0.017620" m_c="0.017620" m_d="0.999845" m_tx="-147.000000" m_ty="22.000000"/>
  </frame>
  <frame idx="275" w="580" h="735" x="26.915955" y="-152.712219">
   <element name="images" layername="0" frame="0" z_index="6" m_a="1.000000" m_b="0.000000" m_c="0.000000" m_d="1.000000" m_tx="0.000000" m_ty="0.000000"/>
   <element name="images" layername="1" frame="1" z_index="5" m_a="0.999812" m_b="-0.019382" m_c="0.019382" m_d="0.999812" m_tx="-147.000000" m_ty="22.000000"/>
  </frame>
  <frame idx="300" w="581" h="735" x="27.347412" y="-152.721130">
   <element name="images" layername="0" frame="0" z_index="6" m_a="1.000000" m_b="0.000000" m_c="0.000000" m_d="1.000000" m_tx="0.000000" m_ty="0.000000"/>
   <element name="images" layername="1" frame="1" z_index="5" m_a="0.999776" m_b="-0.021143" m_c="0.021143" m_d="0.999776" m_tx="-147.000000" m_ty="22.000000"/>
  </frame>
  <frame idx="325" w="581" h="735" x="27.778137" y="-152.730835">
   <element name="images" layername="0" frame="0" z_index="6" m_a="1.000000" m_b="0.000000" m_c="0.000000" m_d="1.000000" m_tx="0.000000" m_ty="0.000000"/>
   <element name="images" layername="1" frame="1" z_index="5" m_a="0.999738" m_b="-0.022905" m_c="0.022905" m_d="0.999738" m_tx="-147.000000" m_ty="22.000000"/>
  </frame>
  <frame idx="350" w="582" h="735" x="28.208069" y="-152.741333">
   <element name="images" layername="0" frame="0" z_index="6" m_a="1.000000" m_b="0.000000" m_c="0.000000" m_d="1.000000" m_tx="0.000000" m_ty="0.000000"/>
   <element name="images" layername="1" frame="1" z_index="5" m_a="0.999696" m_b="-0.024666" m_c="0.024666" m_d="0.999696" m_tx="-147.000000" m_ty="22.000000"/>
  </frame>
  <frame idx="375" w="582" h="735" x="28.637177" y="-152.752563">
   <element name="images" layername="0" frame="0" z_index="6" m_a="1.000000" m_b="0.000000" m_c="0.000000" m_d="1.000000" m_tx="0.000000" m_ty="0.000000"/>
   <element name="images" layername="1" frame="1" z_index="5" m_a="0.999651" m_b="-0.026428" m_c="0.026428" m_d="0.999651" m_tx="-147.000000" m_ty="22.000000"/>
  </frame>
  <frame idx="400" w="583" h="735" x="29.065491" y="-152.764587">
   <element name="images" layername="0" frame="0" z_index="6" m_a="1.000000" m_b="0.000000" m_c="0.000000" m_d="1.000000" m_tx="0.000000" m_ty="0.000000"/>
   <element name="images" layername="1" frame="1" z_index="5" m_a="0.999603" m_b="-0.028189" m_c="0.028189" m_d="0.999603" m_tx="-147.000000" m_ty="22.000000"/>
  </frame>
  <frame idx="425" w="583" h="735" x="29.493011" y="-152.930359">
   <element name="images" layername="0" frame="0" z_index="6" m_a="1.000000" m_b="0.000000" m_c="0.000000" m_d="1.000000" m_tx="0.000000" m_ty="0.000000"/>
   <element name="images" layername="1" frame="1" z_index="5" m_a="0.999551" m_b="-0.029951" m_c="0.029951" m_d="0.999551" m_tx="-147.000000" m_ty="22.000000"/>
  </frame>
  <frame idx="450" w="583" h="736" x="29.919739" y="-153.384216">
   <element name="images" layername="0" frame="0" z_index="6" m_a="1.000000" m_b="0.000000" m_c="0.000000" m_d="1.000000" m_tx="0.000000" m_ty="0.000000"/>
   <element name="images" layername="1" frame="1" z_index="5" m_a="0.999497" m_b="-0.031712" m_c="0.031712" m_d="0.999497" m_tx="-147.000000" m_ty="22.000000"/>
  </frame>
  <frame idx="475" w="585" h="739" x="30.345642" y="-153.838898">
   <element name="images" layername="0" frame="0" z_index="6" m_a="1.000000" m_b="0.000000" m_c="0.000000" m_d="1.000000" m_tx="0.000000" m_ty="0.000000"/>
   <element name="images" layername="1" frame="1" z_index="5" m_a="0.999440" m_b="-0.033473" m_c="0.033473" m_d="0.999440" m_tx="-147.000000" m_ty="22.000000"/>
  </frame>
  <frame idx="500" w="585" h="740" x="30.770813" y="-154.294250">
   <element name="images" layername="0" frame="0" z_index="6" m_a="1.000000" m_b="0.000000" m_c="0.000000" m_d="1.000000" m_tx="0.000000" m_ty="0.000000"/>
   <element name="images" layername="1" frame="1" z_index="5" m_a="0.999379" m_b="-0.035234" m_c="0.035234" m_d="0.999379" m_tx="-147.000000" m_ty="22.000000"/>
  </frame>
  <frame idx="525" w="586" h="741" x="31.195099" y="-154.750397">
   <element name="images" layername="0" frame="0" z_index="6" m_a="1.000000" m_b="0.000000" m_c="0.000000" m_d="1.000000" m_tx="0.000000" m_ty="0.000000"/>
   <element name="images" layername="1" frame="1" z_index="5" m_a="0.999315" m_b="-0.036995" m_c="0.036995" m_d="0.999315" m_tx="-147.000000" m_ty="22.000000"/>
  </frame>
  <frame idx="550" w="586" h="743" x="31.618591" y="-155.207306">
   <element name="images" layername="0" frame="0" z_index="6" m_a="1.000000" m_b="0.000000" m_c="0.000000" m_d="1.000000" m_tx="0.000000" m_ty="0.000000"/>
   <element name="images" layername="1" frame="1" z_index="5" m_a="0.999249" m_b="-0.038756" m_c="0.038756" m_d="0.999249" m_tx="-147.000000" m_ty="22.000000"/>
  </frame>
  <frame idx="575" w="587" h="744" x="32.041351" y="-155.664917">
   <element name="images" layername="0" frame="0" z_index="6" m_a="1.000000" m_b="0.000000" m_c="0.000000" m_d="1.000000" m_tx="0.000000" m_ty="0.000000"/>
   <element name="images" layername="1" frame="1" z_index="5" m_a="0.999179" m_b="-0.040516" m_c="0.040516" m_d="0.999179" m_tx="-147.000000" m_ty="22.000000"/>
  </frame>
  <frame idx="600" w="587" h="745" x="32.463257" y="-156.123260">
   <element name="images" layername="0" frame="0" z_index="6" m_a="1.000000" m_b="0.000000" m_c="0.000000" m_d="1.000000" m_tx="0.000000" m_ty="0.000000"/>
   <element name="images" layername="1" frame="1" z_index="5" m_a="0.999106" m_b="-0.042277" m_c="0.042277" m_d="0.999106" m_tx="-147.000000" m_ty="22.000000"/>
  </frame>
  <frame idx="625" w="587" h="747" x="32.884338" y="-156.582397">
   <element name="images" layername="0" frame="0" z_index="6" m_a="1.000000" m_b="0.000000" m_c="0.000000" m_d="1.000000" m_tx="0.000000" m_ty="0.000000"/>
   <element name="images" layername="1" frame="1" z_index="5" m_a="0.999030" m_b="-0.044037" m_c="0.044037" m_d="0.999030" m_tx="-147.000000" m_ty="22.000000"/>
  </frame>
  <frame idx="650" w="588" h="748" x="33.304626" y="-157.042267">
   <element name="images" layername="0" frame="0" z_index="6" m_a="1.000000" m_b="0.000000" m_c="0.000000" m_d="1.000000" m_tx="0.000000" m_ty="0.000000"/>
   <element name="images" layername="1" frame="1" z_index="5" m_a="0.998951" m_b="-0.045798" m_c="0.045798" m_d="0.998951" m_tx="-147.000000" m_ty="22.000000"/>
  </frame>
  <frame idx="675" w="588" h="750" x="33.724121" y="-157.502869">
   <element name="images" layername="0" frame="0" z_index="6" m_a="1.000000" m_b="0.000000" m_c="0.000000" m_d="1.000000" m_tx="0.000000" m_ty="0.000000"/>
   <element name="images" layername="1" frame="1" z_index="5" m_a="0.998868" m_b="-0.047558" m_c="0.047558" m_d="0.998868" m_tx="-147.000000" m_ty="22.000000"/>
  </frame>
  <frame idx="700" w="589" h="752" x="34.142761" y="-157.964203">
   <element name="images" layername="0" frame="0" z_index="6" m_a="1.000000" m_b="0.000000" m_c="0.000000" m_d="1.000000" m_tx="0.000000" m_ty="0.000000"/>
   <element name="images" layername="1" frame="1" z_index="5" m_a="0.998783" m_b="-0.049318" m_c="0.049318" m_d="0.998783" m_tx="-147.000000" m_ty="22.000000"/>
  </frame>
  <frame idx="725" w="589" h="753" x="34.560608" y="-158.426270">
   <element name="images" layername="0" frame="0" z_index="6" m_a="1.000000" m_b="0.000000" m_c="0.000000" m_d="1.000000" m_tx="0.000000" m_ty="0.000000"/>
   <element name="images" layername="1" frame="1" z_index="5" m_a="0.998695" m_b="-0.051078" m_c="0.051078" m_d="0.998695" m_tx="-147.000000" m_ty="22.000000"/>
  </frame>
  <frame idx="750" w="589" h="754" x="34.977661" y="-158.889099">
   <element name="images" layername="0" frame="0" z_index="6" m_a="1.000000" m_b="0.000000" m_c="0.000000" m_d="1.000000" m_tx="0.000000" m_ty="0.000000"/>
   <element name="images" layername="1" frame="1" z_index="5" m_a="0.998603" m_b="-0.052837" m_c="0.052837" m_d="0.998603" m_tx="-147.000000" m_ty="22.000000"/>
  </frame>
  <frame idx="775" w="590" h="755" x="35.393860" y="-159.352631">
   <element name="images" layername="0" frame="0" z_index="6" m_a="1.000000" m_b="0.000000" m_c="0.000000" m_d="1.000000" m_tx="0.000000" m_ty="0.000000"/>
   <element name="images" layername="1" frame="1" z_index="5" m_a="0.998508" m_b="-0.054597" m_c="0.054597" m_d="0.998508" m_tx="-147.000000" m_ty="22.000000"/>
  </frame>
  <frame idx="800" w="590" h="757" x="35.809265" y="-159.816895">
   <element name="images" layername="0" frame="0" z_index="6" m_a="1.000000" m_b="0.000000" m_c="0.000000" m_d="1.000000" m_tx="0.000000" m_ty="0.000000"/>
   <element name="images" layername="1" frame="1" z_index="5" m_a="0.998411" m_b="-0.056356" m_c="0.056356" m_d="0.998411" m_tx="-147.000000" m_ty="22.000000"/>
  </frame>
  <frame idx="825" w="591" h="758" x="36.223877" y="-160.281921">
   <element name="images" layername="0" frame="0" z_index="6" m_a="1.000000" m_b="0.000000" m_c="0.000000" m_d="1.000000" m_tx="0.000000" m_ty="0.000000"/>
   <element name="images" layername="1" frame="1" z_index="5" m_a="0.998310" m_b="-0.058116" m_c="0.058116" m_d="0.998310" m_tx="-147.000000" m_ty="22.000000"/>
  </frame>
  <frame idx="850" w="591" h="759" x="36.637604" y="-160.747681">
   <element name="images" layername="0" frame="0" z_index="6" m_a="1.000000" m_b="0.000000" m_c="0.000000" m_d="1.000000" m_tx="0.000000" m_ty="0.000000"/>
   <element name="images" layername="1" frame="1" z_index="5" m_a="0.998206" m_b="-0.059875" m_c="0.059875" m_d="0.998206" m_tx="-147.000000" m_ty="22.000000"/>
  </frame>
  <frame idx="875" w="592" h="762" x="37.050537" y="-161.214111">
   <element name="images" layername="0" frame="0" z_index="6" m_a="1.000000" m_b="0.000000" m_c="0.000000" m_d="1.000000" m_tx="0.000000" m_ty="0.000000"/>
   <element name="images" layername="1" frame="1" z_index="5" m_a="0.998099" m_b="-0.061633" m_c="0.061633" m_d="0.998099" m_tx="-147.000000" m_ty="22.000000"/>
  </frame>
  <frame idx="900" w="592" h="763" x="37.462677" y="-161.681335">
   <element name="images" layername="0" frame="0" z_index="6" m_a="1.000000" m_b="0.000000" m_c="0.000000" m_d="1.000000" m_tx="0.000000" m_ty="0.000000"/>
   <element name="images" layername="1" frame="1" z_index="5" m_a="0.997989" m_b="-0.063392" m_c="0.063392" m_d="0.997989" m_tx="-147.000000" m_ty="22.000000"/>
  </frame>
  <frame idx="925" w="592" h="764" x="37.873962" y="-162.149231">
   <element name="images" layername="0" frame="0" z_index="6" m_a="1.000000" m_b="0.000000" m_c="0.000000" m_d="1.000000" m_tx="0.000000" m_ty="0.000000"/>
   <element name="images" layername="1" frame="1" z_index="5" m_a="0.997875" m_b="-0.065150" m_c="0.065150" m_d="0.997875" m_tx="-147.000000" m_ty="22.000000"/>
  </frame>
  <frame idx="950" w="593" h="765" x="38.284424" y="-162.617859">
   <element name="images" layername="0" frame="0" z_index="6" m_a="1.000000" m_b="0.000000" m_c="0.000000" m_d="1.000000" m_tx="0.000000" m_ty="0.000000"/>
   <element name="images" layername="1" frame="1" z_index="5" m_a="0.997759" m_b="-0.066909" m_c="0.066909" m_d="0.997759" m_tx="-147.000000" m_ty="22.000000"/>
  </frame>
  <frame idx="975" w="593" h="767" x="38.694061" y="-163.087250">
   <element name="images" layername="0" frame="0" z_index="6" m_a="1.000000" m_b="0.000000" m_c="0.000000" m_d="1.000000" m_tx="0.000000" m_ty="0.000000"/>
   <element name="images" layername="1" frame="1" z_index="5" m_a="0.997640" m_b="-0.068667" m_c="0.068667" m_d="0.997640" m_tx="-147.000000" m_ty="22.000000"/>
  </frame>
  <frame idx="1000" w="594" h="768" x="39.102875" y="-163.557343">
   <element name="images" layername="0" frame="0" z_index="6" m_a="1.000000" m_b="0.000000" m_c="0.000000" m_d="1.000000" m_tx="0.000000" m_ty="0.000000"/>
   <element name="images" layername="1" frame="1" z_index="5" m_a="0.997517" m_b="-0.070424" m_c="0.070424" m_d="0.997517" m_tx="-147.000000" m_ty="22.000000"/>
  </frame>
  <frame idx="1025" w="594" h="769" x="39.510864" y="-164.028137">
   <element name="images" layername="0" frame="0" z_index="6" m_a="1.000000" m_b="0.000000" m_c="0.000000" m_d="1.000000" m_tx="0.000000" m_ty="0.000000"/>
   <element name="images" layername="1" frame="1" z_index="5" m_a="0.997391" m_b="-0.072182" m_c="0.072182" m_d="0.997391" m_tx="-147.000000" m_ty="22.000000"/>
  </frame>
  <frame idx="1050" w="594" h="772" x="39.917999" y="-164.499664">
   <element name="images" layername="0" frame="0" z_index="6" m_a="1.000000" m_b="0.000000" m_c="0.000000" m_d="1.000000" m_tx="0.000000" m_ty="0.000000"/>
   <element name="images" layername="1" frame="1" z_index="5" m_a="0.997263" m_b="-0.073939" m_c="0.073939" m_d="0.997263" m_tx="-147.000000" m_ty="22.000000"/>
  </frame>
  <frame idx="1075" w="596" h="773" x="40.324341" y="-164.971893">
   <element name="images" layername="0" frame="0" z_index="6" m_a="1.000000" m_b="0.000000" m_c="0.000000" m_d="1.000000" m_tx="0.000000" m_ty="0.000000"/>
   <element name="images" layername="1" frame="1" z_index="5" m_a="0.997131" m_b="-0.075696" m_c="0.075696" m_d="0.997131" m_tx="-147.000000" m_ty="22.000000"/>
  </frame>
  <frame idx="1100" w="596" h="774" x="40.729828" y="-165.444855">
   <element name="images" layername="0" frame="0" z_index="6" m_a="1.000000" m_b="0.000000" m_c="0.000000" m_d="1.000000" m_tx="0.000000" m_ty="0.000000"/>
   <element name="images" layername="1" frame="1" z_index="5" m_a="0.996996" m_b="-0.077453" m_c="0.077453" m_d="0.996996" m_tx="-147.000000" m_ty="22.000000"/>
  </frame>
  <frame idx="1125" w="597" h="775" x="41.134521" y="-165.918518">
   <element name="images" layername="0" frame="0" z_index="6" m_a="1.000000" m_b="0.000000" m_c="0.000000" m_d="1.000000" m_tx="0.000000" m_ty="0.000000"/>
   <element name="images" layername="1" frame="1" z_index="5" m_a="0.996858" m_b="-0.079210" m_c="0.079210" m_d="0.996858" m_tx="-147.000000" m_ty="22.000000"/>
  </frame>
  <frame idx="1150" w="597" h="777" x="41.538330" y="-166.392883">
   <element name="images" layername="0" frame="0" z_index="6" m_a="1.000000" m_b="0.000000" m_c="0.000000" m_d="1.000000" m_tx="0.000000" m_ty="0.000000"/>
   <element name="images" layername="1" frame="1" z_index="5" m_a="0.996717" m_b="-0.080966" m_c="0.080966" m_d="0.996717" m_tx="-147.000000" m_ty="22.000000"/>
  </frame>
  <frame idx="1175" w="597" h="778" x="41.941284" y="-166.868011">
   <element name="images" layername="0" frame="0" z_index="6" m_a="1.000000" m_b="0.000000" m_c="0.000000" m_d="1.000000" m_tx="0.000000" m_ty="0.000000"/>
   <element name="images" layername="1" frame="1" z_index="5" m_a="0.996573" m_b="-0.082723" m_c="0.082723" m_d="0.996573" m_tx="-147.000000" m_ty="22.000000"/>
  </frame>
  <frame idx="1200" w="598" h="779" x="42.343475" y="-167.343811">
   <element name="images" layername="0" frame="0" z_index="6" m_a="1.000000" m_b="0.000000" m_c="0.000000" m_d="1.000000" m_tx="0.000000" m_ty="0.000000"/>
   <element name="images" layername="1" frame="1" z_index="5" m_a="0.996425" m_b="-0.084479" m_c="0.084479" m_d="0.996425" m_tx="-147.000000" m_ty="22.000000"/>
  </frame>
  <frame idx="1225" w="598" h="781" x="42.744751" y="-167.820313">
   <element name="images" layername="0" frame="0" z_index="6" m_a="1.000000" m_b="0.000000" m_c="0.000000" m_d="1.000000" m_tx="0.000000" m_ty="0.000000"/>
   <element name="images" layername="1" frame="1" z_index="5" m_a="0.996275" m_b="-0.086234" m_c="0.086234" m_d="0.996275" m_tx="-147.000000" m_ty="22.000000"/>
  </frame>
  <frame idx="1250" w="599" h="783" x="43.145233" y="-168.297546">
   <element name="images" layername="0" frame="0" z_index="6" m_a="1.000000" m_b="0.000000" m_c="0.000000" m_d="1.000000" m_tx="0.000000" m_ty="0.000000"/>
   <element name="images" layername="1" frame="1" z_index="5" m_a="0.996121" m_b="-0.087990" m_c="0.087990" m_d="0.996121" m_tx="-147.000000" m_ty="22.000000"/>
  </frame>
  <frame idx="1275" w="599" h="784" x="43.544861" y="-168.775452">
   <element name="images" layername="0" frame="0" z_index="6" m_a="1.000000" m_b="0.000000" m_c="0.000000" m_d="1.000000" m_tx="0.000000" m_ty="0.000000"/>
   <element name="images" layername="1" frame="1" z_index="5" m_a="0.995965" m_b="-0.089745" m_c="0.089745" m_d="0.995965" m_tx="-147.000000" m_ty="22.000000"/>
  </frame>
  <frame idx="1300" w="599" h="785" x="43.943665" y="-169.254089">
   <element name="images" layername="0" frame="0" z_index="6" m_a="1.000000" m_b="0.000000" m_c="0.000000" m_d="1.000000" m_tx="0.000000" m_ty="0.000000"/>
   <element name="images" layername="1" frame="1" z_index="5" m_a="0.995805" m_b="-0.091499" m_c="0.091499" m_d="0.995805" m_tx="-147.000000" m_ty="22.000000"/>
  </frame>
  <frame idx="1325" w="600" h="787" x="44.341553" y="-169.733429">
   <element name="images" layername="0" frame="0" z_index="6" m_a="1.000000" m_b="0.000000" m_c="0.000000" m_d="1.000000" m_tx="0.000000" m_ty="0.000000"/>
   <element name="images" layername="1" frame="1" z_index="5" m_a="0.995642" m_b="-0.093254" m_c="0.093254" m_d="0.995642" m_tx="-147.000000" m_ty="22.000000"/>
  </frame>
  <frame idx="1350" w="600" h="788" x="44.738708" y="-170.213440">
   <element name="images" layername="0" frame="0" z_index="6" m_a="1.000000" m_b="0.000000" m_c="0.000000" m_d="1.000000" m_tx="0.000000" m_ty="0.000000"/>
   <element name="images" layername="1" frame="1" z_index="5" m_a="0.995476" m_b="-0.095008" m_c="0.095008" m_d="0.995476" m_tx="-147.000000" m_ty="22.000000"/>
  </frame>
  <frame idx="1375" w="601" h="789" x="45.134888" y="-170.694183">
   <element name="images" layername="0" frame="0" z_index="6" m_a="1.000000" m_b="0.000000" m_c="0.000000" m_d="1.000000" m_tx="0.000000" m_ty="0.000000"/>
   <element name="images" layername="1" frame="1" z_index="5" m_a="0.995308" m_b="-0.096762" m_c="0.096762" m_d="0.995308" m_tx="-147.000000" m_ty="22.000000"/>
  </frame>
  <frame idx="1400" w="601" h="791" x="45.530334" y="-171.175568">
   <element name="images" layername="0" frame="0" z_index="6" m_a="1.000000" m_b="0.000000" m_c="0.000000" m_d="1.000000" m_tx="0.000000" m_ty="0.000000"/>
   <element name="images" layername="1" frame="1" z_index="5" m_a="0.995135" m_b="-0.098516" m_c="0.098516" m_d="0.995135" m_tx="-147.000000" m_ty="22.000000"/>
  </frame>
  <frame idx="1425" w="601" h="792" x="45.924896" y="-171.657715">
   <element name="images" layername="0" frame="0" z_index="6" m_a="1.000000" m_b="0.000000" m_c="0.000000" m_d="1.000000" m_tx="0.000000" m_ty="0.000000"/>
   <element name="images" layername="1" frame="1" z_index="5" m_a="0.994960" m_b="-0.100269" m_c="0.100269" m_d="0.994960" m_tx="-147.000000" m_ty="22.000000"/>
  </frame>
  <frame idx="1450" w="602" h="794" x="46.318604" y="-172.140503">
   <element name="images" layername="0" frame="0" z_index="6" m_a="1.000000" m_b="0.000000" m_c="0.000000" m_d="1.000000" m_tx="0.000000" m_ty="0.000000"/>
   <element name="images" layername="1" frame="1" z_index="5" m_a="0.994782" m_b="-0.102022" m_c="0.102022" m_d="0.994782" m_tx="-147.000000" m_ty="22.000000"/>
  </frame>
  <frame idx="1475" w="602" h="795" x="46.711426" y="-172.624023">
   <element name="images" layername="0" frame="0" z_index="6" m_a="1.000000" m_b="0.000000" m_c="0.000000" m_d="1.000000" m_tx="0.000000" m_ty="0.000000"/>
   <element name="images" layername="1" frame="1" z_index="5" m_a="0.994601" m_b="-0.103775" m_c="0.103775" m_d="0.994601" m_tx="-147.000000" m_ty="22.000000"/>
  </frame>
  <frame idx="1500" w="603" h="797" x="47.103455" y="-173.108215">
   <element name="images" layername="0" frame="0" z_index="6" m_a="1.000000" m_b="0.000000" m_c="0.000000" m_d="1.000000" m_tx="0.000000" m_ty="0.000000"/>
   <element name="images" layername="1" frame="1" z_index="5" m_a="0.994416" m_b="-0.105527" m_c="0.105527" m_d="0.994416" m_tx="-147.000000" m_ty="22.000000"/>
  </frame>
  <frame idx="1525" w="603" h="798" x="47.494568" y="-173.593109">
   <element name="images" layername="0" frame="0" z_index="6" m_a="1.000000" m_b="0.000000" m_c="0.000000" m_d="1.000000" m_tx="0.000000" m_ty="0.000000"/>
   <element name="images" layername="1" frame="1" z_index="5" m_a="0.994229" m_b="-0.107279" m_c="0.107279" m_d="0.994229" m_tx="-147.000000" m_ty="22.000000"/>
  </frame>
  <frame idx="1550" w="603" h="799" x="47.884827" y="-174.078705">
   <element name="images" layername="0" frame="0" z_index="6" m_a="1.000000" m_b="0.000000" m_c="0.000000" m_d="1.000000" m_tx="0.000000" m_ty="0.000000"/>
   <element name="images" layername="1" frame="1" z_index="5" m_a="0.994038" m_b="-0.109031" m_c="0.109031" m_d="0.994038" m_tx="-147.000000" m_ty="22.000000"/>
  </frame>
  <frame idx="1575" w="604" h="800" x="48.274292" y="-174.564941">
   <element name="images" layername="0" frame="0" z_index="6" m_a="1.000000" m_b="0.000000" m_c="0.000000" m_d="1.000000" m_tx="0.000000" m_ty="0.000000"/>
   <element name="images" layername="1" frame="1" z_index="5" m_a="0.993845" m_b="-0.110782" m_c="0.110782" m_d="0.993845" m_tx="-147.000000" m_ty="22.000000"/>
  </frame>
  <frame idx="1600" w="604" h="802" x="48.662842" y="-175.051910">
   <element name="images" layername="0" frame="0" z_index="6" m_a="1.000000" m_b="0.000000" m_c="0.000000" m_d="1.000000" m_tx="0.000000" m_ty="0.000000"/>
   <element name="images" layername="1" frame="1" z_index="5" m_a="0.993648" m_b="-0.112534" m_c="0.112534" m_d="0.993648" m_tx="-147.000000" m_ty="22.000000"/>
  </frame>
  <frame idx="1625" w="605" h="803" x="49.050598" y="-175.539551">
   <element name="images" layername="0" frame="0" z_index="6" m_a="1.000000" m_b="0.000000" m_c="0.000000" m_d="1.000000" m_tx="0.000000" m_ty="0.000000"/>
   <element name="images" layername="1" frame="1" z_index="5" m_a="0.993448" m_b="-0.114284" m_c="0.114284" m_d="0.993448" m_tx="-147.000000" m_ty="22.000000"/>
  </frame>
  <frame idx="1650" w="605" h="805" x="49.437439" y="-176.027863">
   <element name="images" layername="0" frame="0" z_index="6" m_a="1.000000" m_b="0.000000" m_c="0.000000" m_d="1.000000" m_tx="0.000000" m_ty="0.000000"/>
   <element name="images" layername="1" frame="1" z_index="5" m_a="0.993245" m_b="-0.116035" m_c="0.116035" m_d="0.993245" m_tx="-147.000000" m_ty="22.000000"/>
  </frame>
  <frame idx="1675" w="605" h="806" x="49.823425" y="-176.516846">
   <element name="images" layername="0" frame="0" z_index="6" m_a="1.000000" m_b="0.000000" m_c="0.000000" m_d="1.000000" m_tx="0.000000" m_ty="0.000000"/>
   <element name="images" layername="1" frame="1" z_index="5" m_a="0.993039" m_b="-0.117785" m_c="0.117785" m_d="0.993039" m_tx="-147.000000" m_ty="22.000000"/>
  </frame>
  <frame idx="1700" w="607" h="808" x="50.208557" y="-177.006531">
   <element name="images" layername="0" frame="0" z_index="6" m_a="1.000000" m_b="0.000000" m_c="0.000000" m_d="1.000000" m_tx="0.000000" m_ty="0.000000"/>
   <element name="images" layername="1" frame="1" z_index="5" m_a="0.992830" m_b="-0.119534" m_c="0.119534" m_d="0.992830" m_tx="-147.000000" m_ty="22.000000"/>
  </frame>
  <frame idx="1725" w="607" h="809" x="50.592834" y="-177.496887">
   <element name="images" layername="0" frame="0" z_index="6" m_a="1.000000" m_b="0.000000" m_c="0.000000" m_d="1.000000" m_tx="0.000000" m_ty="0.000000"/>
   <element name="images" layername="1" frame="1" z_index="5" m_a="0.992618" m_b="-0.121283" m_c="0.121283" m_d="0.992618" m_tx="-147.000000" m_ty="22.000000"/>
  </frame>
  <frame idx="1750" w="607" h="810" x="50.976257" y="-177.987915">
   <element name="images" layername="0" frame="0" z_index="6" m_a="1.000000" m_b="0.000000" m_c="0.000000" m_d="1.000000" m_tx="0.000000" m_ty="0.000000"/>
   <element name="images" layername="1" frame="1" z_index="5" m_a="0.992403" m_b="-0.123032" m_c="0.123032" m_d="0.992403" m_tx="-147.000000" m_ty="22.000000"/>
  </frame>
  <frame idx="1775" w="608" h="811" x="51.358765" y="-178.479645">
   <element name="images" layername="0" frame="0" z_index="6" m_a="1.000000" m_b="0.000000" m_c="0.000000" m_d="1.000000" m_tx="0.000000" m_ty="0.000000"/>
   <element name="images" layername="1" frame="1" z_index="5" m_a="0.992184" m_b="-0.124781" m_c="0.124781" m_d="0.992184" m_tx="-147.000000" m_ty="22.000000"/>
  </frame>
  <frame idx="1800" w="608" h="813" x="51.740417" y="-178.972015">
   <element name="images" layername="0" frame="0" z_index="6" m_a="1.000000" m_b="0.000000" m_c="0.000000" m_d="1.000000" m_tx="0.000000" m_ty="0.000000"/>
   <element name="images" layername="1" frame="1" z_index="5" m_a="0.991963" m_b="-0.126529" m_c="0.126529" m_d="0.991963" m_tx="-147.000000" m_ty="22.000000"/>
  </frame>
  <frame idx="1825" w="609" h="814" x="52.121277" y="-179.465027">
   <element name="images" layername="0" frame="0" z_index="6" m_a="1.000000" m_b="0.000000" m_c="0.000000" m_d="1.000000" m_tx="0.000000" m_ty="0.000000"/>
   <element name="images" layername="1" frame="1" z_index="5" m_a="0.991738" m_b="-0.128277" m_c="0.128277" m_d="0.991738" m_tx="-147.000000" m_ty="22.000000"/>
  </frame>
  <frame idx="1850" w="609" h="816" x="52.501190" y="-179.958771">
   <element name="images" layername="0" frame="0" z_index="6" m_a="1.000000" m_b="0.000000" m_c="0.000000" m_d="1.000000" m_tx="0.000000" m_ty="0.000000"/>
   <element name="images" layername="1" frame="1" z_index="5" m_a="0.991511" m_b="-0.130024" m_c="0.130024" m_d="0.991511" m_tx="-147.000000" m_ty="22.000000"/>
  </frame>
  <frame idx="1875" w="609" h="817" x="52.880249" y="-180.453156">
   <element name="images" layername="0" frame="0" z_index="6" m_a="1.000000" m_b="0.000000" m_c="0.000000" m_d="1.000000" m_tx="0.000000" m_ty="0.000000"/>
   <element name="images" layername="1" frame="1" z_index="5" m_a="0.991280" m_b="-0.131771" m_c="0.131771" m_d="0.991280" m_tx="-147.000000" m_ty="22.000000"/>
  </frame>
  <frame idx="1900" w="610" h="819" x="53.258453" y="-180.948212">
   <element name="images" layername="0" frame="0" z_index="6" m_a="1.000000" m_b="0.000000" m_c="0.000000" m_d="1.000000" m_tx="0.000000" m_ty="0.000000"/>
   <element name="images" layername="1" frame="1" z_index="5" m_a="0.991046" m_b="-0.133517" m_c="0.133517" m_d="0.991046" m_tx="-147.000000" m_ty="22.000000"/>
  </frame>
  <frame idx="1925" w="610" h="820" x="53.635773" y="-181.443939">
   <element name="images" layername="0" frame="0" z_index="6" m_a="1.000000" m_b="0.000000" m_c="0.000000" m_d="1.000000" m_tx="0.000000" m_ty="0.000000"/>
   <element name="images" layername="1" frame="1" z_index="5" m_a="0.990810" m_b="-0.135263" m_c="0.135263" m_d="0.990810" m_tx="-147.000000" m_ty="22.000000"/>
  </frame>
  <frame idx="1950" w="611" h="821" x="54.012207" y="-181.940308">
   <element name="images" layername="0" frame="0" z_index="6" m_a="1.000000" m_b="0.000000" m_c="0.000000" m_d="1.000000" m_tx="0.000000" m_ty="0.000000"/>
   <element name="images" layername="1" frame="1" z_index="5" m_a="0.990570" m_b="-0.137009" m_c="0.137009" m_d="0.990570" m_tx="-147.000000" m_ty="22.000000"/>
  </frame>
  <frame idx="1975" w="611" h="822" x="54.387817" y="-182.437378">
   <element name="images" layername="0" frame="0" z_index="6" m_a="1.000000" m_b="0.000000" m_c="0.000000" m_d="1.000000" m_tx="0.000000" m_ty="0.000000"/>
   <element name="images" layername="1" frame="1" z_index="5" m_a="0.990327" m_b="-0.138754" m_c="0.138754" m_d="0.990327" m_tx="-147.000000" m_ty="22.000000"/>
  </frame>
  <frame idx="2000" w="611" h="822" x="54.197968" y="-182.185944">
   <element name="images" layername="0" frame="0" z_index="6" m_a="1.000000" m_b="0.000000" m_c="0.000000" m_d="1.000000" m_tx="0.000000" m_ty="0.000000"/>
   <element name="images" layername="1" frame="1" z_index="5" m_a="0.990450" m_b="-0.137872" m_c="0.137872" m_d="0.990450" m_tx="-147.000000" m_ty="22.000000"/>
  </frame>
  <frame idx="2025" w="610" h="821" x="53.829041" y="-181.698547">
   <element name="images" layername="0" frame="0" z_index="6" m_a="1.000000" m_b="0.000000" m_c="0.000000" m_d="1.000000" m_tx="0.000000" m_ty="0.000000"/>
   <element name="images" layername="1" frame="1" z_index="5" m_a="0.990687" m_b="-0.136159" m_c="0.136159" m_d="0.990687" m_tx="-147.000000" m_ty="22.000000"/>
  </frame>
  <frame idx="2050" w="610" h="819" x="53.459259" y="-181.211823">
   <element name="images" layername="0" frame="0" z_index="6" m_a="1.000000" m_b="0.000000" m_c="0.000000" m_d="1.000000" m_tx="0.000000" m_ty="0.000000"/>
   <element name="images" layername="1" frame="1" z_index="5" m_a="0.990921" m_b="-0.134446" m_c="0.134446" m_d="0.990921" m_tx="-147.000000" m_ty="22.000000"/>
  </frame>
  <frame idx="2075" w="610" h="818" x="53.088654" y="-180.725739">
   <element name="images" layername="0" frame="0" z_index="6" m_a="1.000000" m_b="0.000000" m_c="0.000000" m_d="1.000000" m_tx="0.000000" m_ty="0.000000"/>
   <element name="images" layername="1" frame="1" z_index="5" m_a="0.991152" m_b="-0.132733" m_c="0.132733" m_d="0.991152" m_tx="-147.000000" m_ty="22.000000"/>
  </frame>
  <frame idx="2100" w="609" h="817" x="52.717224" y="-180.240265">
   <element name="images" layername="0" frame="0" z_index="6" m_a="1.000000" m_b="0.000000" m_c="0.000000" m_d="1.000000" m_tx="0.000000" m_ty="0.000000"/>
   <element name="images" layername="1" frame="1" z_index="5" m_a="0.991380" m_b="-0.131019" m_c="0.131019" m_d="0.991380" m_tx="-147.000000" m_ty="22.000000"/>
  </frame>
  <frame idx="2125" w="609" h="816" x="52.344940" y="-179.755493">
   <element name="images" layername="0" frame="0" z_index="6" m_a="1.000000" m_b="0.000000" m_c="0.000000" m_d="1.000000" m_tx="0.000000" m_ty="0.000000"/>
   <element name="images" layername="1" frame="1" z_index="5" m_a="0.991605" m_b="-0.129305" m_c="0.129305" m_d="0.991605" m_tx="-147.000000" m_ty="22.000000"/>
  </frame>
  <frame idx="2150" w="608" h="813" x="51.971802" y="-179.271301">
   <element name="images" layername="0" frame="0" z_index="6" m_a="1.000000" m_b="0.000000" m_c="0.000000" m_d="1.000000" m_tx="0.000000" m_ty="0.000000"/>
   <element name="images" layername="1" frame="1" z_index="5" m_a="0.991827" m_b="-0.127590" m_c="0.127590" m_d="0.991827" m_tx="-147.000000" m_ty="22.000000"/>
  </frame>
  <frame idx="2175" w="608" h="812" x="51.597839" y="-178.787781">
   <element name="images" layername="0" frame="0" z_index="6" m_a="1.000000" m_b="0.000000" m_c="0.000000" m_d="1.000000" m_tx="0.000000" m_ty="0.000000"/>
   <element name="images" layername="1" frame="1" z_index="5" m_a="0.992046" m_b="-0.125875" m_c="0.125875" m_d="0.992046" m_tx="-147.000000" m_ty="22.000000"/>
  </frame>
  <frame idx="2200" w="608" h="811" x="51.223053" y="-178.304932">
   <element name="images" layername="0" frame="0" z_index="6" m_a="1.000000" m_b="0.000000" m_c="0.000000" m_d="1.000000" m_tx="0.000000" m_ty="0.000000"/>
   <element name="images" layername="1" frame="1" z_index="5" m_a="0.992262" m_b="-0.124160" m_c="0.124160" m_d="0.992262" m_tx="-147.000000" m_ty="22.000000"/>
  </frame>
  <frame idx="2225" w="607" h="810" x="50.847412" y="-177.822693">
   <element name="images" layername="0" frame="0" z_index="6" m_a="1.000000" m_b="0.000000" m_c="0.000000" m_d="1.000000" m_tx="0.000000" m_ty="0.000000"/>
   <element name="images" layername="1" frame="1" z_index="5" m_a="0.992475" m_b="-0.122444" m_c="0.122444" m_d="0.992475" m_tx="-147.000000" m_ty="22.000000"/>
  </frame>
  <frame idx="2250" w="607" h="809" x="50.470947" y="-177.341125">
   <element name="images" layername="0" frame="0" z_index="6" m_a="1.000000" m_b="0.000000" m_c="0.000000" m_d="1.000000" m_tx="0.000000" m_ty="0.000000"/>
   <element name="images" layername="1" frame="1" z_index="5" m_a="0.992686" m_b="-0.120728" m_c="0.120728" m_d="0.992686" m_tx="-147.000000" m_ty="22.000000"/>
  </frame>
  <frame idx="2275" w="607" h="807" x="50.093628" y="-176.860199">
   <element name="images" layername="0" frame="0" z_index="6" m_a="1.000000" m_b="0.000000" m_c="0.000000" m_d="1.000000" m_tx="0.000000" m_ty="0.000000"/>
   <element name="images" layername="1" frame="1" z_index="5" m_a="0.992893" m_b="-0.119012" m_c="0.119012" m_d="0.992893" m_tx="-147.000000" m_ty="22.000000"/>
  </frame>
  <frame idx="2300" w="605" h="806" x="49.715515" y="-176.379944">
   <element name="images" layername="0" frame="0" z_index="6" m_a="1.000000" m_b="0.000000" m_c="0.000000" m_d="1.000000" m_tx="0.000000" m_ty="0.000000"/>
   <element name="images" layername="1" frame="1" z_index="5" m_a="0.993097" m_b="-0.117295" m_c="0.117295" m_d="0.993097" m_tx="-147.000000" m_ty="22.000000"/>
  </frame>
  <frame idx="2325" w="605" h="805" x="49.336548" y="-175.900330">
   <element name="images" layername="0" frame="0" z_index="6" m_a="1.000000" m_b="0.000000" m_c="0.000000" m_d="1.000000" m_tx="0.000000" m_ty="0.000000"/>
   <element name="images" layername="1" frame="1" z_index="5" m_a="0.993298" m_b="-0.115578" m_c="0.115578" m_d="0.993298" m_tx="-147.000000" m_ty="22.000000"/>
  </frame>
  <frame idx="2350" w="604" h="803" x="48.956757" y="-175.421387">
   <element name="images" layername="0" frame="0" z_index="6" m_a="1.000000" m_b="0.000000" m_c="0.000000" m_d="1.000000" m_tx="0.000000" m_ty="0.000000"/>
   <element name="images" layername="1" frame="1" z_index="5" m_a="0.993497" m_b="-0.113860" m_c="0.113860" m_d="0.993497" m_tx="-147.000000" m_ty="22.000000"/>
  </frame>
  <frame idx="2375" w="604" h="801" x="48.576111" y="-174.943085">
   <element name="images" layername="0" frame="0" z_index="6" m_a="1.000000" m_b="0.000000" m_c="0.000000" m_d="1.000000" m_tx="0.000000" m_ty="0.000000"/>
   <element name="images" layername="1" frame="1" z_index="5" m_a="0.993692" m_b="-0.112142" m_c="0.112142" m_d="0.993692" m_tx="-147.000000" m_ty="22.000000"/>
  </frame>
  <frame idx="2400" w="604" h="800" x="48.194702" y="-174.465424">
   <element name="images" layername="0" frame="0" z_index="6" m_a="1.000000" m_b="0.000000" m_c="0.000000" m_d="1.000000" m_tx="0.000000" m_ty="0.000000"/>
   <element name="images" layername="1" frame="1" z_index="5" m_a="0.993885" m_b="-0.110424" m_c="0.110424" m_d="0.993885" m_tx="-147.000000" m_ty="22.000000"/>
  </frame>
  <frame idx="2425" w="603" h="799" x="47.812439" y="-173.988434">
   <element name="images" layername="0" frame="0" z_index="6" m_a="1.000000" m_b="0.000000" m_c="0.000000" m_d="1.000000" m_tx="0.000000" m_ty="0.000000"/>
   <element name="images" layername="1" frame="1" z_index="5" m_a="0.994074" m_b="-0.108706" m_c="0.108706" m_d="0.994074" m_tx="-147.000000" m_ty="22.000000"/>
  </frame>
  <frame idx="2450" w="603" h="798" x="47.429352" y="-173.512146">
   <element name="images" layername="0" frame="0" z_index="6" m_a="1.000000" m_b="0.000000" m_c="0.000000" m_d="1.000000" m_tx="0.000000" m_ty="0.000000"/>
   <element name="images" layername="1" frame="1" z_index="5" m_a="0.994260" m_b="-0.106987" m_c="0.106987" m_d="0.994260" m_tx="-147.000000" m_ty="22.000000"/>
  </frame>
  <frame idx="2475" w="603" h="796" x="47.045441" y="-173.036499">
   <element name="images" layername="0" frame="0" z_index="6" m_a="1.000000" m_b="0.000000" m_c="0.000000" m_d="1.000000" m_tx="0.000000" m_ty="0.000000"/>
   <element name="images" layername="1" frame="1" z_index="5" m_a="0.994444" m_b="-0.105268" m_c="0.105268" m_d="0.994444" m_tx="-147.000000" m_ty="22.000000"/>
  </frame>
  <frame idx="2500" w="602" h="795" x="46.660706" y="-172.561462">
   <element name="images" layername="0" frame="0" z_index="6" m_a="1.000000" m_b="0.000000" m_c="0.000000" m_d="1.000000" m_tx="0.000000" m_ty="0.000000"/>
   <element name="images" layername="1" frame="1" z_index="5" m_a="0.994624" m_b="-0.103548" m_c="0.103548" m_d="0.994624" m_tx="-147.000000" m_ty="22.000000"/>
  </frame>
  <frame idx="2525" w="602" h="794" x="46.275146" y="-172.087158">
   <element name="images" layername="0" frame="0" z_index="6" m_a="1.000000" m_b="0.000000" m_c="0.000000" m_d="1.000000" m_tx="0.000000" m_ty="0.000000"/>
   <element name="images" layername="1" frame="1" z_index="5" m_a="0.994802" m_b="-0.101829" m_c="0.101829" m_d="0.994802" m_tx="-147.000000" m_ty="22.000000"/>
  </frame>
  <frame idx="2550" w="601" h="792" x="45.888763" y="-171.613525">
   <element name="images" layername="0" frame="0" z_index="6" m_a="1.000000" m_b="0.000000" m_c="0.000000" m_d="1.000000" m_tx="0.000000" m_ty="0.000000"/>
   <element name="images" layername="1" frame="1" z_index="5" m_a="0.994977" m_b="-0.100109" m_c="0.100109" m_d="0.994977" m_tx="-147.000000" m_ty="22.000000"/>
  </frame>
  <frame idx="2575" w="601" h="790" x="45.501587" y="-171.140503">
   <element name="images" layername="0" frame="0" z_index="6" m_a="1.000000" m_b="0.000000" m_c="0.000000" m_d="1.000000" m_tx="0.000000" m_ty="0.000000"/>
   <element name="images" layername="1" frame="1" z_index="5" m_a="0.995148" m_b="-0.098388" m_c="0.098388" m_d="0.995148" m_tx="-147.000000" m_ty="22.000000"/>
  </frame>
  <frame idx="2600" w="601" h="789" x="45.113556" y="-170.668182">
   <element name="images" layername="0" frame="0" z_index="6" m_a="1.000000" m_b="0.000000" m_c="0.000000" m_d="1.000000" m_tx="0.000000" m_ty="0.000000"/>
   <element name="images" layername="1" frame="1" z_index="5" m_a="0.995317" m_b="-0.096667" m_c="0.096667" m_d="0.995317" m_tx="-147.000000" m_ty="22.000000"/>
  </frame>
  <frame idx="2625" w="600" h="788" x="44.724731" y="-170.196533">
   <element name="images" layername="0" frame="0" z_index="6" m_a="1.000000" m_b="0.000000" m_c="0.000000" m_d="1.000000" m_tx="0.000000" m_ty="0.000000"/>
   <element name="images" layername="1" frame="1" z_index="5" m_a="0.995482" m_b="-0.094947" m_c="0.094947" m_d="0.995482" m_tx="-147.000000" m_ty="22.000000"/>
  </frame>
  <frame idx="2650" w="600" h="787" x="44.335083" y="-169.725555">
   <element name="images" layername="0" frame="0" z_index="6" m_a="1.000000" m_b="0.000000" m_c="0.000000" m_d="1.000000" m_tx="0.000000" m_ty="0.000000"/>
   <element name="images" layername="1" frame="1" z_index="5" m_a="0.995645" m_b="-0.093225" m_c="0.093225" m_d="0.995645" m_tx="-147.000000" m_ty="22.000000"/>
  </frame>
  <frame idx="2675" w="599" h="785" x="43.944641" y="-169.255249">
   <element name="images" layername="0" frame="0" z_index="6" m_a="1.000000" m_b="0.000000" m_c="0.000000" m_d="1.000000" m_tx="0.000000" m_ty="0.000000"/>
   <element name="images" layername="1" frame="1" z_index="5" m_a="0.995805" m_b="-0.091504" m_c="0.091504" m_d="0.995805" m_tx="-147.000000" m_ty="22.000000"/>
  </frame>
  <frame idx="2700" w="599" h="784" x="43.553345" y="-168.785645">
   <element name="images" layername="0" frame="0" z_index="6" m_a="1.000000" m_b="0.000000" m_c="0.000000" m_d="1.000000" m_tx="0.000000" m_ty="0.000000"/>
   <element name="images" layername="1" frame="1" z_index="5" m_a="0.995961" m_b="-0.089782" m_c="0.089782" m_d="0.995961" m_tx="-147.000000" m_ty="22.000000"/>
  </frame>
  <frame idx="2725" w="599" h="783" x="43.161285" y="-168.316681">
   <element name="images" layername="0" frame="0" z_index="6" m_a="1.000000" m_b="0.000000" m_c="0.000000" m_d="1.000000" m_tx="0.000000" m_ty="0.000000"/>
   <element name="images" layername="1" frame="1" z_index="5" m_a="0.996115" m_b="-0.088060" m_c="0.088060" m_d="0.996115" m_tx="-147.000000" m_ty="22.000000"/>
  </frame>
  <frame idx="2750" w="598" h="781" x="42.768372" y="-167.848419">
   <element name="images" layername="0" frame="0" z_index="6" m_a="1.000000" m_b="0.000000" m_c="0.000000" m_d="1.000000" m_tx="0.000000" m_ty="0.000000"/>
   <element name="images" layername="1" frame="1" z_index="5" m_a="0.996266" m_b="-0.086338" m_c="0.086338" m_d="0.996266" m_tx="-147.000000" m_ty="22.000000"/>
  </frame>
  <frame idx="2775" w="598" h="779" x="42.374695" y="-167.380829">
   <element name="images" layername="0" frame="0" z_index="6" m_a="1.000000" m_b="0.000000" m_c="0.000000" m_d="1.000000" m_tx="0.000000" m_ty="0.000000"/>
   <element name="images" layername="1" frame="1" z_index="5" m_a="0.996414" m_b="-0.084615" m_c="0.084615" m_d="0.996414" m_tx="-147.000000" m_ty="22.000000"/>
  </frame>
  <frame idx="2800" w="597" h="778" x="41.980194" y="-166.913940">
   <element name="images" layername="0" frame="0" z_index="6" m_a="1.000000" m_b="0.000000" m_c="0.000000" m_d="1.000000" m_tx="0.000000" m_ty="0.000000"/>
   <element name="images" layername="1" frame="1" z_index="5" m_a="0.996559" m_b="-0.082892" m_c="0.082892" m_d="0.996559" m_tx="-147.000000" m_ty="22.000000"/>
  </frame>
  <frame idx="2825" w="597" h="777" x="41.584839" y="-166.447723">
   <element name="images" layername="0" frame="0" z_index="6" m_a="1.000000" m_b="0.000000" m_c="0.000000" m_d="1.000000" m_tx="0.000000" m_ty="0.000000"/>
   <element name="images" layername="1" frame="1" z_index="5" m_a="0.996700" m_b="-0.081169" m_c="0.081169" m_d="0.996700" m_tx="-147.000000" m_ty="22.000000"/>
  </frame>
  <frame idx="2850" w="597" h="776" x="41.188751" y="-165.982178">
   <element name="images" layername="0" frame="0" z_index="6" m_a="1.000000" m_b="0.000000" m_c="0.000000" m_d="1.000000" m_tx="0.000000" m_ty="0.000000"/>
   <element name="images" layername="1" frame="1" z_index="5" m_a="0.996839" m_b="-0.079446" m_c="0.079446" m_d="0.996839" m_tx="-147.000000" m_ty="22.000000"/>
  </frame>
  <frame idx="2875" w="596" h="774" x="40.791809" y="-165.517303">
   <element name="images" layername="0" frame="0" z_index="6" m_a="1.000000" m_b="0.000000" m_c="0.000000" m_d="1.000000" m_tx="0.000000" m_ty="0.000000"/>
   <element name="images" layername="1" frame="1" z_index="5" m_a="0.996975" m_b="-0.077722" m_c="0.077722" m_d="0.996975" m_tx="-147.000000" m_ty="22.000000"/>
  </frame>
  <frame idx="2900" w="596" h="773" x="40.394104" y="-165.053131">
   <element name="images" layername="0" frame="0" z_index="6" m_a="1.000000" m_b="0.000000" m_c="0.000000" m_d="1.000000" m_tx="0.000000" m_ty="0.000000"/>
   <element name="images" layername="1" frame="1" z_index="5" m_a="0.997108" m_b="-0.075998" m_c="0.075998" m_d="0.997108" m_tx="-147.000000" m_ty="22.000000"/>
  </frame>
  <frame idx="2925" w="594" h="772" x="39.995575" y="-164.589661">
   <element name="images" layername="0" frame="0" z_index="6" m_a="1.000000" m_b="0.000000" m_c="0.000000" m_d="1.000000" m_tx="0.000000" m_ty="0.000000"/>
   <element name="images" layername="1" frame="1" z_index="5" m_a="0.997238" m_b="-0.074274" m_c="0.074274" m_d="0.997238" m_tx="-147.000000" m_ty="22.000000"/>
  </frame>
  <frame idx="2950" w="594" h="770" x="39.596222" y="-164.126862">
   <element name="images" layername="0" frame="0" z_index="6" m_a="1.000000" m_b="0.000000" m_c="0.000000" m_d="1.000000" m_tx="0.000000" m_ty="0.000000"/>
   <element name="images" layername="1" frame="1" z_index="5" m_a="0.997365" m_b="-0.072550" m_c="0.072550" m_d="0.997365" m_tx="-147.000000" m_ty="22.000000"/>
  </frame>
  <frame idx="2975" w="594" h="768" x="39.196106" y="-163.664764">
   <element name="images" layername="0" frame="0" z_index="6" m_a="1.000000" m_b="0.000000" m_c="0.000000" m_d="1.000000" m_tx="0.000000" m_ty="0.000000"/>
   <element name="images" layername="1" frame="1" z_index="5" m_a="0.997489" m_b="-0.070826" m_c="0.070826" m_d="0.997489" m_tx="-147.000000" m_ty="22.000000"/>
  </frame>
  <frame idx="3000" w="593" h="767" x="38.795197" y="-163.203369">
   <element name="images" layername="0" frame="0" z_index="6" m_a="1.000000" m_b="0.000000" m_c="0.000000" m_d="1.000000" m_tx="0.000000" m_ty="0.000000"/>
   <element name="images" layername="1" frame="1" z_index="5" m_a="0.997610" m_b="-0.069101" m_c="0.069101" m_d="0.997610" m_tx="-147.000000" m_ty="22.000000"/>
  </frame>
  <frame idx="3025" w="593" h="766" x="38.393463" y="-162.742645">
   <element name="images" layername="0" frame="0" z_index="6" m_a="1.000000" m_b="0.000000" m_c="0.000000" m_d="1.000000" m_tx="0.000000" m_ty="0.000000"/>
   <element name="images" layername="1" frame="1" z_index="5" m_a="0.997728" m_b="-0.067376" m_c="0.067376" m_d="0.997728" m_tx="-147.000000" m_ty="22.000000"/>
  </frame>
  <frame idx="3050" w="592" h="765" x="37.990936" y="-162.282654">
   <element name="images" layername="0" frame="0" z_index="6" m_a="1.000000" m_b="0.000000" m_c="0.000000" m_d="1.000000" m_tx="0.000000" m_ty="0.000000"/>
   <element name="images" layername="1" frame="1" z_index="5" m_a="0.997843" m_b="-0.065651" m_c="0.065651" m_d="0.997843" m_tx="-147.000000" m_ty="22.000000"/>
  </frame>
  <frame idx="3075" w="592" h="763" x="37.587646" y="-161.823303">
   <element name="images" layername="0" frame="0" z_index="6" m_a="1.000000" m_b="0.000000" m_c="0.000000" m_d="1.000000" m_tx="0.000000" m_ty="0.000000"/>
   <element name="images" layername="1" frame="1" z_index="5" m_a="0.997955" m_b="-0.063926" m_c="0.063926" m_d="0.997955" m_tx="-147.000000" m_ty="22.000000"/>
  </frame>
  <frame idx="3100" w="592" h="762" x="37.183533" y="-161.364685">
   <element name="images" layername="0" frame="0" z_index="6" m_a="1.000000" m_b="0.000000" m_c="0.000000" m_d="1.000000" m_tx="0.000000" m_ty="0.000000"/>
   <element name="images" layername="1" frame="1" z_index="5" m_a="0.998064" m_b="-0.062200" m_c="0.062200" m_d="0.998064" m_tx="-147.000000" m_ty="22.000000"/>
  </frame>
  <frame idx="3125" w="591" h="761" x="36.778625" y="-160.906738">
   <element name="images" layername="0" frame="0" z_index="6" m_a="1.000000" m_b="0.000000" m_c="0.000000" m_d="1.000000" m_tx="0.000000" m_ty="0.000000"/>
   <element name="images" layername="1" frame="1" z_index="5" m_a="0.998170" m_b="-0.060475" m_c="0.060475" m_d="0.998170" m_tx="-147.000000" m_ty="22.000000"/>
  </frame>
  <frame idx="3150" w="591" h="758" x="36.372925" y="-160.449524">
   <element name="images" layername="0" frame="0" z_index="6" m_a="1.000000" m_b="0.000000" m_c="0.000000" m_d="1.000000" m_tx="0.000000" m_ty="0.000000"/>
   <element name="images" layername="1" frame="1" z_index="5" m_a="0.998273" m_b="-0.058749" m_c="0.058749" m_d="0.998273" m_tx="-147.000000" m_ty="22.000000"/>
  </frame>
  <frame idx="3175" w="590" h="757" x="35.966431" y="-159.993011">
   <element name="images" layername="0" frame="0" z_index="6" m_a="1.000000" m_b="0.000000" m_c="0.000000" m_d="1.000000" m_tx="0.000000" m_ty="0.000000"/>
   <element name="images" layername="1" frame="1" z_index="5" m_a="0.998373" m_b="-0.057023" m_c="0.057023" m_d="0.998373" m_tx="-147.000000" m_ty="22.000000"/>
  </frame>
  <frame idx="3200" w="590" h="756" x="35.559174" y="-159.537201">
   <element name="images" layername="0" frame="0" z_index="6" m_a="1.000000" m_b="0.000000" m_c="0.000000" m_d="1.000000" m_tx="0.000000" m_ty="0.000000"/>
   <element name="images" layername="1" frame="1" z_index="5" m_a="0.998470" m_b="-0.055297" m_c="0.055297" m_d="0.998470" m_tx="-147.000000" m_ty="22.000000"/>
  </frame>
  <frame idx="3225" w="590" h="755" x="35.151123" y="-159.082062">
   <element name="images" layername="0" frame="0" z_index="6" m_a="1.000000" m_b="0.000000" m_c="0.000000" m_d="1.000000" m_tx="0.000000" m_ty="0.000000"/>
   <element name="images" layername="1" frame="1" z_index="5" m_a="0.998564" m_b="-0.053570" m_c="0.053570" m_d="0.998564" m_tx="-147.000000" m_ty="22.000000"/>
  </frame>
  <frame idx="3250" w="589" h="753" x="34.742279" y="-158.627686">
   <element name="images" layername="0" frame="0" z_index="6" m_a="1.000000" m_b="0.000000" m_c="0.000000" m_d="1.000000" m_tx="0.000000" m_ty="0.000000"/>
   <element name="images" layername="1" frame="1" z_index="5" m_a="0.998655" m_b="-0.051844" m_c="0.051844" m_d="0.998655" m_tx="-147.000000" m_ty="22.000000"/>
  </frame>
  <frame idx="3275" w="589" h="752" x="34.332642" y="-158.173981">
   <element name="images" layername="0" frame="0" z_index="6" m_a="1.000000" m_b="0.000000" m_c="0.000000" m_d="1.000000" m_tx="0.000000" m_ty="0.000000"/>
   <element name="images" layername="1" frame="1" z_index="5" m_a="0.998743" m_b="-0.050117" m_c="0.050117" m_d="0.998743" m_tx="-147.000000" m_ty="22.000000"/>
  </frame>
  <frame idx="3300" w="588" h="751" x="33.922241" y="-157.720978">
   <element name="images" layername="0" frame="0" z_index="6" m_a="1.000000" m_b="0.000000" m_c="0.000000" m_d="1.000000" m_tx="0.000000" m_ty="0.000000"/>
   <element name="images" layername="1" frame="1" z_index="5" m_a="0.998828" m_b="-0.048390" m_c="0.048390" m_d="0.998828" m_tx="-147.000000" m_ty="22.000000"/>
  </frame>
  <frame idx="3325" w="588" h="750" x="33.511017" y="-157.268707">
   <element name="images" layername="0" frame="0" z_index="6" m_a="1.000000" m_b="0.000000" m_c="0.000000" m_d="1.000000" m_tx="0.000000" m_ty="0.000000"/>
   <element name="images" layername="1" frame="1" z_index="5" m_a="0.998911" m_b="-0.046663" m_c="0.046663" m_d="0.998911" m_tx="-147.000000" m_ty="22.000000"/>
  </frame>
  <frame idx="3350" w="588" h="747" x="33.099060" y="-156.817139">
   <element name="images" layername="0" frame="0" z_index="6" m_a="1.000000" m_b="0.000000" m_c="0.000000" m_d="1.000000" m_tx="0.000000" m_ty="0.000000"/>
   <element name="images" layername="1" frame="1" z_index="5" m_a="0.998990" m_b="-0.044936" m_c="0.044936" m_d="0.998990" m_tx="-147.000000" m_ty="22.000000"/>
  </frame>
  <frame idx="3375" w="587" h="746" x="32.686279" y="-156.366302">
   <element name="images" layername="0" frame="0" z_index="6" m_a="1.000000" m_b="0.000000" m_c="0.000000" m_d="1.000000" m_tx="0.000000" m_ty="0.000000"/>
   <element name="images" layername="1" frame="1" z_index="5" m_a="0.999066" m_b="-0.043209" m_c="0.043209" m_d="0.999066" m_tx="-147.000000" m_ty="22.000000"/>
  </frame>
  <frame idx="3400" w="587" h="745" x="32.272766" y="-155.916138">
   <element name="images" layername="0" frame="0" z_index="6" m_a="1.000000" m_b="0.000000" m_c="0.000000" m_d="1.000000" m_tx="0.000000" m_ty="0.000000"/>
   <element name="images" layername="1" frame="1" z_index="5" m_a="0.999139" m_b="-0.041482" m_c="0.041482" m_d="0.999139" m_tx="-147.000000" m_ty="22.000000"/>
  </frame>
  <frame idx="3425" w="586" h="743" x="31.858459" y="-155.466705">
   <element name="images" layername="0" frame="0" z_index="6" m_a="1.000000" m_b="0.000000" m_c="0.000000" m_d="1.000000" m_tx="0.000000" m_ty="0.000000"/>
   <element name="images" layername="1" frame="1" z_index="5" m_a="0.999209" m_b="-0.039754" m_c="0.039754" m_d="0.999209" m_tx="-147.000000" m_ty="22.000000"/>
  </frame>
  <frame idx="3450" w="586" h="742" x="31.443359" y="-155.018005">
   <element name="images" layername="0" frame="0" z_index="6" m_a="1.000000" m_b="0.000000" m_c="0.000000" m_d="1.000000" m_tx="0.000000" m_ty="0.000000"/>
   <element name="images" layername="1" frame="1" z_index="5" m_a="0.999277" m_b="-0.038027" m_c="0.038027" m_d="0.999277" m_tx="-147.000000" m_ty="22.000000"/>
  </frame>
  <frame idx="3475" w="586" h="741" x="31.027466" y="-154.570038">
   <element name="images" layername="0" frame="0" z_index="6" m_a="1.000000" m_b="0.000000" m_c="0.000000" m_d="1.000000" m_tx="0.000000" m_ty="0.000000"/>
   <element name="images" layername="1" frame="1" z_index="5" m_a="0.999341" m_b="-0.036299" m_c="0.036299" m_d="0.999341" m_tx="-147.000000" m_ty="22.000000"/>
  </frame>
  <frame idx="3500" w="585" h="740" x="30.610840" y="-154.122772">
   <element name="images" layername="0" frame="0" z_index="6" m_a="1.000000" m_b="0.000000" m_c="0.000000" m_d="1.000000" m_tx="0.000000" m_ty="0.000000"/>
   <element name="images" layername="1" frame="1" z_index="5" m_a="0.999402" m_b="-0.034571" m_c="0.034571" m_d="0.999402" m_tx="-147.000000" m_ty="22.000000"/>
  </frame>
  <frame idx="3525" w="585" h="737" x="30.193451" y="-153.676208">
   <element name="images" layername="0" frame="0" z_index="6" m_a="1.000000" m_b="0.000000" m_c="0.000000" m_d="1.000000" m_tx="0.000000" m_ty="0.000000"/>
   <element name="images" layername="1" frame="1" z_index="5" m_a="0.999461" m_b="-0.032843" m_c="0.032843" m_d="0.999461" m_tx="-147.000000" m_ty="22.000000"/>
  </frame>
  <frame idx="3550" w="583" h="736" x="29.775269" y="-153.230347">
   <element name="images" layername="0" frame="0" z_index="6" m_a="1.000000" m_b="0.000000" m_c="0.000000" m_d="1.000000" m_tx="0.000000" m_ty="0.000000"/>
   <element name="images" layername="1" frame="1" z_index="5" m_a="0.999516" m_b="-0.031115" m_c="0.031115" m_d="0.999516" m_tx="-147.000000" m_ty="22.000000"/>
  </frame>
  <frame idx="3575" w="583" h="735" x="29.356323" y="-152.785248">
   <element name="images" layername="0" frame="0" z_index="6" m_a="1.000000" m_b="0.000000" m_c="0.000000" m_d="1.000000" m_tx="0.000000" m_ty="0.000000"/>
   <element name="images" layername="1" frame="1" z_index="5" m_a="0.999568" m_b="-0.029387" m_c="0.029387" m_d="0.999568" m_tx="-147.000000" m_ty="22.000000"/>
  </frame>
  <frame idx="3600" w="582" h="735" x="28.936584" y="-152.760925">
   <element name="images" layername="0" frame="0" z_index="6" m_a="1.000000" m_b="0.000000" m_c="0.000000" m_d="1.000000" m_tx="0.000000" m_ty="0.000000"/>
   <element name="images" layername="1" frame="1" z_index="5" m_a="0.999617" m_b="-0.027659" m_c="0.027659" m_d="0.999617" m_tx="-147.000000" m_ty="22.000000"/>
  </frame>
  <frame idx="3625" w="582" h="735" x="28.516113" y="-152.749329">
   <element name="images" layername="0" frame="0" z_index="6" m_a="1.000000" m_b="0.000000" m_c="0.000000" m_d="1.000000" m_tx="0.000000" m_ty="0.000000"/>
   <element name="images" layername="1" frame="1" z_index="5" m_a="0.999664" m_b="-0.025931" m_c="0.025931" m_d="0.999664" m_tx="-147.000000" m_ty="22.000000"/>
  </frame>
  <frame idx="3650" w="582" h="735" x="28.094849" y="-152.738464">
   <element name="images" layername="0" frame="0" z_index="6" m_a="1.000000" m_b="0.000000" m_c="0.000000" m_d="1.000000" m_tx="0.000000" m_ty="0.000000"/>
   <element name="images" layername="1" frame="1" z_index="5" m_a="0.999707" m_b="-0.024202" m_c="0.024202" m_d="0.999707" m_tx="-147.000000" m_ty="22.000000"/>
  </frame>
  <frame idx="3675" w="581" h="735" x="27.672821" y="-152.728394">
   <element name="images" layername="0" frame="0" z_index="6" m_a="1.000000" m_b="0.000000" m_c="0.000000" m_d="1.000000" m_tx="0.000000" m_ty="0.000000"/>
   <element name="images" layername="1" frame="1" z_index="5" m_a="0.999747" m_b="-0.022474" m_c="0.022474" m_d="0.999747" m_tx="-147.000000" m_ty="22.000000"/>
  </frame>
  <frame idx="3700" w="581" h="735" x="27.250031" y="-152.719055">
   <element name="images" layername="0" frame="0" z_index="6" m_a="1.000000" m_b="0.000000" m_c="0.000000" m_d="1.000000" m_tx="0.000000" m_ty="0.000000"/>
   <element name="images" layername="1" frame="1" z_index="5" m_a="0.999785" m_b="-0.020745" m_c="0.020745" m_d="0.999785" m_tx="-147.000000" m_ty="22.000000"/>
  </frame>
  <frame idx="3725" w="580" h="735" x="26.826477" y="-152.710449">
   <element name="images" layername="0" frame="0" z_index="6" m_a="1.000000" m_b="0.000000" m_c="0.000000" m_d="1.000000" m_tx="0.000000" m_ty="0.000000"/>
   <element name="images" layername="1" frame="1" z_index="5" m_a="0.999819" m_b="-0.019017" m_c="0.019017" m_d="0.999819" m_tx="-147.000000" m_ty="22.000000"/>
  </frame>
  <frame idx="3750" w="580" h="735" x="26.402191" y="-152.702606">
   <element name="images" layername="0" frame="0" z_index="6" m_a="1.000000" m_b="0.000000" m_c="0.000000" m_d="1.000000" m_tx="0.000000" m_ty="0.000000"/>
   <element name="images" layername="1" frame="1" z_index="5" m_a="0.999851" m_b="-0.017288" m_c="0.017288" m_d="0.999851" m_tx="-147.000000" m_ty="22.000000"/>
  </frame>
  <frame idx="3775" w="579" h="735" x="25.977112" y="-152.695496">
   <element name="images" layername="0" frame="0" z_index="6" m_a="1.000000" m_b="0.000000" m_c="0.000000" m_d="1.000000" m_tx="0.000000" m_ty="0.000000"/>
   <element name="images" layername="1" frame="1" z_index="5" m_a="0.999879" m_b="-0.015560" m_c="0.015560" m_d="0.999879" m_tx="-147.000000" m_ty="22.000000"/>
  </frame>
  <frame idx="3800" w="579" h="735" x="25.551300" y="-152.689148">
   <element name="images" layername="0" frame="0" z_index="6" m_a="1.000000" m_b="0.000000" m_c="0.000000" m_d="1.000000" m_tx="0.000000" m_ty="0.000000"/>
   <element name="images" layername="1" frame="1" z_index="5" m_a="0.999904" m_b="-0.013831" m_c="0.013831" m_d="0.999904" m_tx="-147.000000" m_ty="22.000000"/>
  </frame>
  <frame idx="3825" w="579" h="735" x="25.124695" y="-152.683563">
   <element name="images" layername="0" frame="0" z_index="6" m_a="1.000000" m_b="0.000000" m_c="0.000000" m_d="1.000000" m_tx="0.000000" m_ty="0.000000"/>
   <element name="images" layername="1" frame="1" z_index="5" m_a="0.999927" m_b="-0.012102" m_c="0.012102" m_d="0.999927" m_tx="-147.000000" m_ty="22.000000"/>
  </frame>
  <frame idx="3850" w="578" h="735" x="24.697327" y="-152.678711">
   <element name="images" layername="0" frame="0" z_index="6" m_a="1.000000" m_b="0.000000" m_c="0.000000" m_d="1.000000" m_tx="0.000000" m_ty="0.000000"/>
   <element name="images" layername="1" frame="1" z_index="5" m_a="0.999946" m_b="-0.010373" m_c="0.010373" m_d="0.999946" m_tx="-147.000000" m_ty="22.000000"/>
  </frame>
  <frame idx="3875" w="578" h="735" x="24.269257" y="-152.674591">
   <element name="images" layername="0" frame="0" z_index="6" m_a="1.000000" m_b="0.000000" m_c="0.000000" m_d="1.000000" m_tx="0.000000" m_ty="0.000000"/>
   <element name="images" layername="1" frame="1" z_index="5" m_a="0.999963" m_b="-0.008644" m_c="0.008644" m_d="0.999963" m_tx="-147.000000" m_ty="22.000000"/>
  </frame>
  <frame idx="3900" w="577" h="735" x="23.840393" y="-152.671234">
   <element name="images" layername="0" frame="0" z_index="6" m_a="1.000000" m_b="0.000000" m_c="0.000000" m_d="1.000000" m_tx="0.000000" m_ty="0.000000"/>
   <element name="images" layername="1" frame="1" z_index="5" m_a="0.999976" m_b="-0.006916" m_c="0.006916" m_d="0.999976" m_tx="-147.000000" m_ty="22.000000"/>
  </frame>
  <frame idx="3925" w="577" h="735" x="23.410828" y="-152.668640">
   <element name="images" layername="0" frame="0" z_index="6" m_a="1.000000" m_b="0.000000" m_c="0.000000" m_d="1.000000" m_tx="0.000000" m_ty="0.000000"/>
   <element name="images" layername="1" frame="1" z_index="5" m_a="0.999987" m_b="-0.005187" m_c="0.005187" m_d="0.999987" m_tx="-147.000000" m_ty="22.000000"/>
  </frame>
  <frame idx="3950" w="576" h="735" x="22.980469" y="-152.666748">
   <element name="images" layername="0" frame="0" z_index="6" m_a="1.000000" m_b="0.000000" m_c="0.000000" m_d="1.000000" m_tx="0.000000" m_ty="0.000000"/>
   <element name="images" layername="1" frame="1" z_index="5" m_a="0.999994" m_b="-0.003458" m_c="0.003458" m_d="0.999994" m_tx="-147.000000" m_ty="22.000000"/>
  </frame>
  <frame idx="3975" w="576" h="735" x="22.549347" y="-152.665619">
   <element name="images" layername="0" frame="0" z_index="6" m_a="1.000000" m_b="0.000000" m_c="0.000000" m_d="1.000000" m_tx="0.000000" m_ty="0.000000"/>
   <element name="images" layername="1" frame="1" z_index="5" m_a="0.999999" m_b="-0.001729" m_c="0.001729" m_d="0.999999" m_tx="-147.000000" m_ty="22.000000"/>
  </frame>
 </anim>
 <anim name="onbuild" root="zxgoatfarm1" numframes="400" framerate="40">
  <frame idx="0" w="576" h="735" x="22.117493" y="-152.665253">
   <element name="images" layername="0" frame="0" z_index="6" m_a="1.000000" m_b="0.000000" m_c="0.000000" m_d="1.000000" m_tx="0.000000" m_ty="0.000000"/>
   <element name="images" layername="1" frame="1" z_index="5" m_a="1.000000" m_b="0.000000" m_c="0.000000" m_d="1.000000" m_tx="-147.000000" m_ty="22.000000"/>
  </frame>
  <frame idx="25" w="576" h="735" x="22.117493" y="-152.665253">
   <element name="images" layername="0" frame="0" z_index="6" m_a="1.000000" m_b="0.000000" m_c="0.000000" m_d="1.000000" m_tx="0.000000" m_ty="0.000000"/>
   <element name="images" layername="1" frame="1" z_index="5" m_a="1.000000" m_b="0.000000" m_c="0.000000" m_d="1.000000" m_tx="-147.000000" m_ty="22.000000"/>
  </frame>
  <frame idx="50" w="576" h="735" x="22.117493" y="-152.665253">
   <element name="images" layername="0" frame="0" z_index="6" m_a="1.000000" m_b="0.000000" m_c="0.000000" m_d="1.000000" m_tx="0.000000" m_ty="0.000000"/>
   <element name="images" layername="1" frame="1" z_index="5" m_a="1.000000" m_b="0.000000" m_c="0.000000" m_d="1.000000" m_tx="-147.000000" m_ty="22.000000"/>
  </frame>
  <frame idx="75" w="576" h="735" x="22.117493" y="-152.665253">
   <element name="images" layername="0" frame="0" z_index="6" m_a="1.000000" m_b="0.000000" m_c="0.000000" m_d="1.000000" m_tx="0.000000" m_ty="0.000000"/>
   <element name="images" layername="1" frame="1" z_index="5" m_a="1.000000" m_b="0.000000" m_c="0.000000" m_d="1.000000" m_tx="-147.000000" m_ty="22.000000"/>
  </frame>
  <frame idx="100" w="576" h="735" x="22.117493" y="-152.665253">
   <element name="images" layername="0" frame="0" z_index="6" m_a="1.000000" m_b="0.000000" m_c="0.000000" m_d="1.000000" m_tx="0.000000" m_ty="0.000000"/>
   <element name="images" layername="1" frame="1" z_index="5" m_a="1.000000" m_b="0.000000" m_c="0.000000" m_d="1.000000" m_tx="-147.000000" m_ty="22.000000"/>
  </frame>
  <frame idx="125" w="576" h="735" x="22.117493" y="-152.665253">
   <element name="images" layername="0" frame="0" z_index="6" m_a="1.000000" m_b="0.000000" m_c="0.000000" m_d="1.000000" m_tx="0.000000" m_ty="0.000000"/>
   <element name="images" layername="1" frame="1" z_index="5" m_a="1.000000" m_b="0.000000" m_c="0.000000" m_d="1.000000" m_tx="-147.000000" m_ty="22.000000"/>
  </frame>
  <frame idx="150" w="576" h="735" x="22.117493" y="-152.665253">
   <element name="images" layername="0" frame="0" z_index="6" m_a="1.000000" m_b="0.000000" m_c="0.000000" m_d="1.000000" m_tx="0.000000" m_ty="0.000000"/>
   <element name="images" layername="1" frame="1" z_index="5" m_a="1.000000" m_b="0.000000" m_c="0.000000" m_d="1.000000" m_tx="-147.000000" m_ty="22.000000"/>
  </frame>
  <frame idx="175" w="576" h="735" x="22.117493" y="-152.665253">
   <element name="images" layername="0" frame="0" z_index="6" m_a="1.000000" m_b="0.000000" m_c="0.000000" m_d="1.000000" m_tx="0.000000" m_ty="0.000000"/>
   <element name="images" layername="1" frame="1" z_index="5" m_a="1.000000" m_b="0.000000" m_c="0.000000" m_d="1.000000" m_tx="-147.000000" m_ty="22.000000"/>
  </frame>
  <frame idx="200" w="576" h="735" x="22.117493" y="-152.665253">
   <element name="images" layername="0" frame="0" z_index="6" m_a="1.000000" m_b="0.000000" m_c="0.000000" m_d="1.000000" m_tx="0.000000" m_ty="0.000000"/>
   <element name="images" layername="1" frame="1" z_index="5" m_a="1.000000" m_b="0.000000" m_c="0.000000" m_d="1.000000" m_tx="-147.000000" m_ty="22.000000"/>
  </frame>
  <frame idx="225" w="576" h="735" x="22.117493" y="-152.665253">
   <element name="images" layername="0" frame="0" z_index="6" m_a="1.000000" m_b="0.000000" m_c="0.000000" m_d="1.000000" m_tx="0.000000" m_ty="0.000000"/>
   <element name="images" layername="1" frame="1" z_index="5" m_a="1.000000" m_b="0.000000" m_c="0.000000" m_d="1.000000" m_tx="-147.000000" m_ty="22.000000"/>
  </frame>
  <frame idx="250" w="576" h="735" x="22.117493" y="-152.665253">
   <element name="images" layername="0" frame="0" z_index="6" m_a="1.000000" m_b="0.000000" m_c="0.000000" m_d="1.000000" m_tx="0.000000" m_ty="0.000000"/>
   <element name="images" layername="1" frame="1" z_index="5" m_a="1.000000" m_b="0.000000" m_c="0.000000" m_d="1.000000" m_tx="-147.000000" m_ty="22.000000"/>
  </frame>
  <frame idx="275" w="576" h="735" x="22.117493" y="-152.665253">
   <element name="images" layername="0" frame="0" z_index="6" m_a="1.000000" m_b="0.000000" m_c="0.000000" m_d="1.000000" m_tx="0.000000" m_ty="0.000000"/>
   <element name="images" layername="1" frame="1" z_index="5" m_a="1.000000" m_b="0.000000" m_c="0.000000" m_d="1.000000" m_tx="-147.000000" m_ty="22.000000"/>
  </frame>
  <frame idx="300" w="576" h="735" x="22.117493" y="-152.665253">
   <element name="images" layername="0" frame="0" z_index="6" m_a="1.000000" m_b="0.000000" m_c="0.000000" m_d="1.000000" m_tx="0.000000" m_ty="0.000000"/>
   <element name="images" layername="1" frame="1" z_index="5" m_a="1.000000" m_b="0.000000" m_c="0.000000" m_d="1.000000" m_tx="-147.000000" m_ty="22.000000"/>
  </frame>
  <frame idx="325" w="576" h="735" x="22.117493" y="-152.665253">
   <element name="images" layername="0" frame="0" z_index="6" m_a="1.000000" m_b="0.000000" m_c="0.000000" m_d="1.000000" m_tx="0.000000" m_ty="0.000000"/>
   <element name="images" layername="1" frame="1" z_index="5" m_a="1.000000" m_b="0.000000" m_c="0.000000" m_d="1.000000" m_tx="-147.000000" m_ty="22.000000"/>
  </frame>
  <frame idx="350" w="576" h="735" x="22.117493" y="-152.665253">
   <element name="images" layername="0" frame="0" z_index="6" m_a="1.000000" m_b="0.000000" m_c="0.000000" m_d="1.000000" m_tx="0.000000" m_ty="0.000000"/>
   <element name="images" layername="1" frame="1" z_index="5" m_a="1.000000" m_b="0.000000" m_c="0.000000" m_d="1.000000" m_tx="-147.000000" m_ty="22.000000"/>
  </frame>
  <frame idx="375" w="576" h="735" x="22.117493" y="-152.665253">
   <element name="images" layername="0" frame="0" z_index="6" m_a="1.000000" m_b="0.000000" m_c="0.000000" m_d="1.000000" m_tx="0.000000" m_ty="0.000000"/>
   <element name="images" layername="1" frame="1" z_index="5" m_a="1.000000" m_b="0.000000" m_c="0.000000" m_d="1.000000" m_tx="-147.000000" m_ty="22.000000"/>
  </frame>
 </anim>
 <anim name="onhit" root="zxgoatfarm1" numframes="400" framerate="40">
  <frame idx="0" w="576" h="735" x="22.117493" y="-152.665253">
   <element name="images" layername="0" frame="0" z_index="6" m_a="1.000000" m_b="0.000000" m_c="0.000000" m_d="1.000000" m_tx="0.000000" m_ty="0.000000"/>
   <element name="images" layername="1" frame="1" z_index="5" m_a="1.000000" m_b="0.000000" m_c="0.000000" m_d="1.000000" m_tx="-147.000000" m_ty="22.000000"/>
  </frame>
  <frame idx="25" w="580" h="755" x="26.354126" y="-160.188934">
   <element name="images" layername="0" frame="0" z_index="6" m_a="0.999869" m_b="-0.016160" m_c="0.016160" m_d="0.999869" m_tx="0.000000" m_ty="-4.629630"/>
   <element name="images" layername="1" frame="1" z_index="5" m_a="0.999869" m_b="-0.016160" m_c="0.016160" m_d="0.999869" m_tx="-146.541336" m_ty="19.727440"/>
  </frame>
  <frame idx="50" w="585" h="775" x="30.524445" y="-167.776825">
   <element name="images" layername="0" frame="0" z_index="6" m_a="0.999478" m_b="-0.032315" m_c="0.032315" m_d="0.999478" m_tx="0.000000" m_ty="-9.259259"/>
   <element name="images" layername="1" frame="1" z_index="5" m_a="0.999478" m_b="-0.032315" m_c="0.032315" m_d="0.999478" m_tx="-146.082657" m_ty="17.454880"/>
  </frame>
  <frame idx="75" w="589" h="794" x="34.627350" y="-175.427887">
   <element name="images" layername="0" frame="0" z_index="6" m_a="0.998825" m_b="-0.048462" m_c="0.048462" m_d="0.998825" m_tx="0.000000" m_ty="-13.888889"/>
   <element name="images" layername="1" frame="1" z_index="5" m_a="0.998825" m_b="-0.048462" m_c="0.048462" m_d="0.998825" m_tx="-145.623993" m_ty="15.182321"/>
  </frame>
  <frame idx="100" w="593" h="813" x="38.661896" y="-183.140961">
   <element name="images" layername="0" frame="0" z_index="6" m_a="0.997911" m_b="-0.064597" m_c="0.064597" m_d="0.997911" m_tx="0.000000" m_ty="-18.518518"/>
   <element name="images" layername="1" frame="1" z_index="5" m_a="0.997911" m_b="-0.064597" m_c="0.064597" m_d="0.997911" m_tx="-145.165329" m_ty="12.909761"/>
  </frame>
  <frame idx="125" w="598" h="833" x="42.627075" y="-190.914978">
   <element name="images" layername="0" frame="0" z_index="6" m_a="0.996737" m_b="-0.080714" m_c="0.080714" m_d="0.996737" m_tx="0.000000" m_ty="-23.148148"/>
   <element name="images" layername="1" frame="1" z_index="5" m_a="0.996737" m_b="-0.080714" m_c="0.080714" m_d="0.996737" m_tx="-144.706665" m_ty="10.637202"/>
  </frame>
  <frame idx="150" w="594" h="823" x="39.530518" y="-190.256287">
   <element name="images" layername="0" frame="0" z_index="6" m_a="0.997697" m_b="-0.067822" m_c="0.067822" m_d="0.997697" m_tx="0.000000" m_ty="-25.000000"/>
   <element name="images" layername="1" frame="1" z_index="5" m_a="0.997697" m_b="-0.067822" m_c="0.067822" m_d="0.997697" m_tx="-144.933609" m_ty="6.880119"/>
  </frame>
  <frame idx="175" w="586" h="795" x="31.537079" y="-184.142944">
   <element name="images" layername="0" frame="0" z_index="6" m_a="0.999368" m_b="-0.035546" m_c="0.035546" m_d="0.999368" m_tx="0.000000" m_ty="-25.000000"/>
   <element name="images" layername="1" frame="1" z_index="5" m_a="0.999368" m_b="-0.035546" m_c="0.035546" m_d="0.999368" m_tx="-145.617630" m_ty="2.133354"/>
  </frame>
  <frame idx="200" w="577" h="765" x="23.273376" y="-178.281281">
   <element name="images" layername="0" frame="0" z_index="6" m_a="0.999995" m_b="-0.003232" m_c="0.003232" m_d="0.999995" m_tx="0.000000" m_ty="-25.000000"/>
   <element name="images" layername="1" frame="1" z_index="5" m_a="0.999995" m_b="-0.003232" m_c="0.003232" m_d="0.999995" m_tx="-146.301651" m_ty="-2.613411"/>
  </frame>
  <frame idx="225" w="599" h="768" x="14.747711" y="-172.679932">
   <element name="images" layername="0" frame="0" z_index="6" m_a="0.999577" m_b="0.029085" m_c="-0.029085" m_d="0.999577" m_tx="0.000000" m_ty="-25.000000"/>
   <element name="images" layername="1" frame="1" z_index="5" m_a="0.999577" m_b="0.029085" m_c="-0.029085" m_d="0.999577" m_tx="-146.985672" m_ty="-7.360176"/>
  </frame>
  <frame idx="250" w="625" h="774" x="5.968597" y="-167.347168">
   <element name="images" layername="0" frame="0" z_index="6" m_a="0.998115" m_b="0.061371" m_c="-0.061371" m_d="0.998115" m_tx="0.000000" m_ty="-25.000000"/>
   <element name="images" layername="1" frame="1" z_index="5" m_a="0.998115" m_b="0.061371" m_c="-0.061371" m_d="0.998115" m_tx="-147.669693" m_ty="-12.106941"/>
  </frame>
  <frame idx="275" w="643" h="777" x="-0.299988" y="-162.834473">
   <element name="images" layername="0" frame="0" z_index="6" m_a="0.996482" m_b="0.083811" m_c="-0.083811" m_d="0.996482" m_tx="0.000000" m_ty="-24.038462"/>
   <element name="images" layername="1" frame="1" z_index="5" m_a="0.996482" m_b="0.083811" m_c="-0.083811" m_d="0.996482" m_tx="-148.170105" m_ty="-14.446491"/>
  </frame>
  <frame idx="300" w="630" h="768" x="4.316864" y="-160.652771">
   <element name="images" layername="0" frame="0" z_index="6" m_a="0.997748" m_b="0.067078" m_c="-0.067078" m_d="0.997748" m_tx="0.000000" m_ty="-19.230770"/>
   <element name="images" layername="1" frame="1" z_index="5" m_a="0.997748" m_b="0.067078" m_c="-0.067078" m_d="0.997748" m_tx="-147.936081" m_ty="-7.157193"/>
  </frame>
  <frame idx="325" w="616" h="761" x="8.868591" y="-158.546387">
   <element name="images" layername="0" frame="0" z_index="6" m_a="0.998733" m_b="0.050324" m_c="-0.050324" m_d="0.998733" m_tx="0.000000" m_ty="-14.423077"/>
   <element name="images" layername="1" frame="1" z_index="5" m_a="0.998733" m_b="0.050324" m_c="-0.050324" m_d="0.998733" m_tx="-147.702057" m_ty="0.132104"/>
  </frame>
  <frame idx="350" w="602" h="752" x="13.353271" y="-156.513641">
   <element name="images" layername="0" frame="0" z_index="6" m_a="0.999437" m_b="0.033558" m_c="-0.033558" m_d="0.999437" m_tx="0.000000" m_ty="-9.615384"/>
   <element name="images" layername="1" frame="1" z_index="5" m_a="0.999437" m_b="0.033558" m_c="-0.033558" m_d="0.999437" m_tx="-147.468033" m_ty="7.421403"/>
  </frame>
  <frame idx="375" w="589" h="744" x="17.770111" y="-154.553741">
   <element name="images" layername="0" frame="0" z_index="6" m_a="0.999859" m_b="0.016781" m_c="-0.016781" m_d="0.999859" m_tx="0.000000" m_ty="-4.807693"/>
   <element name="images" layername="1" frame="1" z_index="5" m_a="0.999859" m_b="0.016781" m_c="-0.016781" m_d="0.999859" m_tx="-147.234024" m_ty="14.710700"/>
  </frame>
 </anim>
</Anims>
