<Anims>
 <anim name="idle" root="zxspiderfarm" numframes="400" framerate="40">
  <frame idx="0" w="550" h="715" x="0.000000" y="-150.000000">
   <element name="images" layername="body" frame="0" z_index="3" m_a="1.000000" m_b="0.000000" m_c="0.000000" m_d="1.000000" m_tx="0.000000" m_ty="0.000000"/>
  </frame>
  <frame idx="25" w="550" h="715" x="0.000000" y="-150.000000">
   <element name="images" layername="body" frame="0" z_index="3" m_a="1.000000" m_b="0.000000" m_c="0.000000" m_d="1.000000" m_tx="0.000000" m_ty="0.000000"/>
  </frame>
  <frame idx="50" w="550" h="715" x="0.000000" y="-150.000000">
   <element name="images" layername="body" frame="0" z_index="3" m_a="1.000000" m_b="0.000000" m_c="0.000000" m_d="1.000000" m_tx="0.000000" m_ty="0.000000"/>
  </frame>
  <frame idx="75" w="550" h="715" x="0.000000" y="-150.000000">
   <element name="images" layername="body" frame="0" z_index="3" m_a="1.000000" m_b="0.000000" m_c="0.000000" m_d="1.000000" m_tx="0.000000" m_ty="0.000000"/>
  </frame>
  <frame idx="100" w="550" h="715" x="0.000000" y="-150.000000">
   <element name="images" layername="body" frame="0" z_index="3" m_a="1.000000" m_b="0.000000" m_c="0.000000" m_d="1.000000" m_tx="0.000000" m_ty="0.000000"/>
  </frame>
  <frame idx="125" w="550" h="715" x="0.000000" y="-150.000000">
   <element name="images" layername="body" frame="0" z_index="3" m_a="1.000000" m_b="0.000000" m_c="0.000000" m_d="1.000000" m_tx="0.000000" m_ty="0.000000"/>
  </frame>
  <frame idx="150" w="550" h="715" x="0.000000" y="-150.000000">
   <element name="images" layername="body" frame="0" z_index="3" m_a="1.000000" m_b="0.000000" m_c="0.000000" m_d="1.000000" m_tx="0.000000" m_ty="0.000000"/>
  </frame>
  <frame idx="175" w="550" h="715" x="0.000000" y="-150.000000">
   <element name="images" layername="body" frame="0" z_index="3" m_a="1.000000" m_b="0.000000" m_c="0.000000" m_d="1.000000" m_tx="0.000000" m_ty="0.000000"/>
  </frame>
  <frame idx="200" w="550" h="715" x="0.000000" y="-150.000000">
   <element name="images" layername="body" frame="0" z_index="3" m_a="1.000000" m_b="0.000000" m_c="0.000000" m_d="1.000000" m_tx="0.000000" m_ty="0.000000"/>
  </frame>
  <frame idx="225" w="550" h="715" x="0.000000" y="-150.000000">
   <element name="images" layername="body" frame="0" z_index="3" m_a="1.000000" m_b="0.000000" m_c="0.000000" m_d="1.000000" m_tx="0.000000" m_ty="0.000000"/>
  </frame>
  <frame idx="250" w="550" h="715" x="0.000000" y="-150.000000">
   <element name="images" layername="body" frame="0" z_index="3" m_a="1.000000" m_b="0.000000" m_c="0.000000" m_d="1.000000" m_tx="0.000000" m_ty="0.000000"/>
  </frame>
  <frame idx="275" w="550" h="715" x="0.000000" y="-150.000000">
   <element name="images" layername="body" frame="0" z_index="3" m_a="1.000000" m_b="0.000000" m_c="0.000000" m_d="1.000000" m_tx="0.000000" m_ty="0.000000"/>
  </frame>
  <frame idx="300" w="550" h="715" x="0.000000" y="-150.000000">
   <element name="images" layername="body" frame="0" z_index="3" m_a="1.000000" m_b="0.000000" m_c="0.000000" m_d="1.000000" m_tx="0.000000" m_ty="0.000000"/>
  </frame>
  <frame idx="325" w="550" h="715" x="0.000000" y="-150.000000">
   <element name="images" layername="body" frame="0" z_index="3" m_a="1.000000" m_b="0.000000" m_c="0.000000" m_d="1.000000" m_tx="0.000000" m_ty="0.000000"/>
  </frame>
  <frame idx="350" w="550" h="715" x="0.000000" y="-150.000000">
   <element name="images" layername="body" frame="0" z_index="3" m_a="1.000000" m_b="0.000000" m_c="0.000000" m_d="1.000000" m_tx="0.000000" m_ty="0.000000"/>
  </frame>
  <frame idx="375" w="550" h="715" x="0.000000" y="-150.000000">
   <element name="images" layername="body" frame="0" z_index="3" m_a="1.000000" m_b="0.000000" m_c="0.000000" m_d="1.000000" m_tx="0.000000" m_ty="0.000000"/>
  </frame>
 </anim>
 <anim name="onbuild" root="zxspiderfarm" numframes="400" framerate="40">
  <frame idx="0" w="550" h="715" x="0.000000" y="-150.000000">
   <element name="images" layername="body" frame="0" z_index="3" m_a="1.000000" m_b="0.000000" m_c="0.000000" m_d="1.000000" m_tx="0.000000" m_ty="0.000000"/>
  </frame>
  <frame idx="25" w="550" h="715" x="0.000000" y="-150.000000">
   <element name="images" layername="body" frame="0" z_index="3" m_a="1.000000" m_b="0.000000" m_c="0.000000" m_d="1.000000" m_tx="0.000000" m_ty="0.000000"/>
  </frame>
  <frame idx="50" w="550" h="715" x="0.000000" y="-150.000000">
   <element name="images" layername="body" frame="0" z_index="3" m_a="1.000000" m_b="0.000000" m_c="0.000000" m_d="1.000000" m_tx="0.000000" m_ty="0.000000"/>
  </frame>
  <frame idx="75" w="550" h="715" x="0.000000" y="-150.000000">
   <element name="images" layername="body" frame="0" z_index="3" m_a="1.000000" m_b="0.000000" m_c="0.000000" m_d="1.000000" m_tx="0.000000" m_ty="0.000000"/>
  </frame>
  <frame idx="100" w="550" h="715" x="0.000000" y="-150.000000">
   <element name="images" layername="body" frame="0" z_index="3" m_a="1.000000" m_b="0.000000" m_c="0.000000" m_d="1.000000" m_tx="0.000000" m_ty="0.000000"/>
  </frame>
  <frame idx="125" w="550" h="715" x="0.000000" y="-150.000000">
   <element name="images" layername="body" frame="0" z_index="3" m_a="1.000000" m_b="0.000000" m_c="0.000000" m_d="1.000000" m_tx="0.000000" m_ty="0.000000"/>
  </frame>
  <frame idx="150" w="550" h="715" x="0.000000" y="-150.000000">
   <element name="images" layername="body" frame="0" z_index="3" m_a="1.000000" m_b="0.000000" m_c="0.000000" m_d="1.000000" m_tx="0.000000" m_ty="0.000000"/>
  </frame>
  <frame idx="175" w="550" h="715" x="0.000000" y="-150.000000">
   <element name="images" layername="body" frame="0" z_index="3" m_a="1.000000" m_b="0.000000" m_c="0.000000" m_d="1.000000" m_tx="0.000000" m_ty="0.000000"/>
  </frame>
  <frame idx="200" w="550" h="715" x="0.000000" y="-150.000000">
   <element name="images" layername="body" frame="0" z_index="3" m_a="1.000000" m_b="0.000000" m_c="0.000000" m_d="1.000000" m_tx="0.000000" m_ty="0.000000"/>
  </frame>
  <frame idx="225" w="550" h="715" x="0.000000" y="-150.000000">
   <element name="images" layername="body" frame="0" z_index="3" m_a="1.000000" m_b="0.000000" m_c="0.000000" m_d="1.000000" m_tx="0.000000" m_ty="0.000000"/>
  </frame>
  <frame idx="250" w="550" h="715" x="0.000000" y="-150.000000">
   <element name="images" layername="body" frame="0" z_index="3" m_a="1.000000" m_b="0.000000" m_c="0.000000" m_d="1.000000" m_tx="0.000000" m_ty="0.000000"/>
  </frame>
  <frame idx="275" w="550" h="715" x="0.000000" y="-150.000000">
   <element name="images" layername="body" frame="0" z_index="3" m_a="1.000000" m_b="0.000000" m_c="0.000000" m_d="1.000000" m_tx="0.000000" m_ty="0.000000"/>
  </frame>
  <frame idx="300" w="550" h="715" x="0.000000" y="-150.000000">
   <element name="images" layername="body" frame="0" z_index="3" m_a="1.000000" m_b="0.000000" m_c="0.000000" m_d="1.000000" m_tx="0.000000" m_ty="0.000000"/>
  </frame>
  <frame idx="325" w="550" h="715" x="0.000000" y="-150.000000">
   <element name="images" layername="body" frame="0" z_index="3" m_a="1.000000" m_b="0.000000" m_c="0.000000" m_d="1.000000" m_tx="0.000000" m_ty="0.000000"/>
  </frame>
  <frame idx="350" w="550" h="715" x="0.000000" y="-150.000000">
   <element name="images" layername="body" frame="0" z_index="3" m_a="1.000000" m_b="0.000000" m_c="0.000000" m_d="1.000000" m_tx="0.000000" m_ty="0.000000"/>
  </frame>
  <frame idx="375" w="550" h="715" x="0.000000" y="-150.000000">
   <element name="images" layername="body" frame="0" z_index="3" m_a="1.000000" m_b="0.000000" m_c="0.000000" m_d="1.000000" m_tx="0.000000" m_ty="0.000000"/>
  </frame>
 </anim>
 <anim name="onhit" root="zxspiderfarm" numframes="400" framerate="40">
  <frame idx="0" w="550" h="715" x="0.000000" y="-150.000000">
   <element name="images" layername="body" frame="0" z_index="3" m_a="1.000000" m_b="0.000000" m_c="0.000000" m_d="1.000000" m_tx="0.000000" m_ty="0.000000"/>
  </frame>
  <frame idx="25" w="556" h="734" x="4.160110" y="-158.076675">
   <element name="images" layername="body" frame="0" z_index="3" m_a="0.999859" m_b="-0.016781" m_c="0.016781" m_d="0.999859" m_tx="0.000000" m_ty="-3.846154"/>
  </frame>
  <frame idx="50" w="560" h="752" x="8.248627" y="-166.222565">
   <element name="images" layername="body" frame="0" z_index="3" m_a="0.999437" m_b="-0.033558" m_c="0.033558" m_d="0.999437" m_tx="0.000000" m_ty="-7.692308"/>
  </frame>
  <frame idx="75" w="565" h="769" x="12.264404" y="-174.436432">
   <element name="images" layername="body" frame="0" z_index="3" m_a="0.998733" m_b="-0.050325" m_c="0.050325" m_d="0.998733" m_tx="0.000000" m_ty="-11.538462"/>
  </frame>
  <frame idx="100" w="569" h="788" x="16.206360" y="-182.717072">
   <element name="images" layername="body" frame="0" z_index="3" m_a="0.997748" m_b="-0.067078" m_c="0.067078" m_d="0.997748" m_tx="0.000000" m_ty="-15.384616"/>
  </frame>
  <frame idx="125" w="574" h="806" x="20.073303" y="-191.063293">
   <element name="images" layername="body" frame="0" z_index="3" m_a="0.996482" m_b="-0.083812" m_c="0.083812" m_d="0.996482" m_tx="0.000000" m_ty="-19.230768"/>
  </frame>
  <frame idx="150" w="568" h="789" x="15.249634" y="-186.242401">
   <element name="images" layername="body" frame="0" z_index="3" m_a="0.998015" m_b="-0.062984" m_c="0.062984" m_d="0.998015" m_tx="0.000000" m_ty="-20.000000"/>
  </frame>
  <frame idx="175" w="560" h="765" x="8.045898" y="-178.313629">
   <element name="images" layername="body" frame="0" z_index="3" m_a="0.999465" m_b="-0.032719" m_c="0.032719" m_d="0.999465" m_tx="0.000000" m_ty="-20.000000"/>
  </frame>
  <frame idx="200" w="552" h="740" x="0.605286" y="-170.606750">
   <element name="images" layername="body" frame="0" z_index="3" m_a="0.999997" m_b="-0.002424" m_c="0.002424" m_d="0.999997" m_tx="0.000000" m_ty="-20.000000"/>
  </frame>
  <frame idx="225" w="574" h="745" x="-7.065430" y="-163.128845">
   <element name="images" layername="body" frame="0" z_index="3" m_a="0.999611" m_b="0.027873" m_c="-0.027873" m_d="0.999611" m_tx="0.000000" m_ty="-20.000000"/>
  </frame>
  <frame idx="250" w="599" h="754" x="-14.959167" y="-155.886749">
   <element name="images" layername="body" frame="0" z_index="3" m_a="0.998308" m_b="0.058145" m_c="-0.058145" m_d="0.998308" m_tx="0.000000" m_ty="-20.000000"/>
  </frame>
  <frame idx="275" w="621" h="761" x="-22.552734" y="-149.161102">
   <element name="images" layername="body" frame="0" z_index="3" m_a="0.996255" m_b="0.086466" m_c="-0.086466" m_d="0.996255" m_tx="0.000000" m_ty="-19.841270"/>
  </frame>
  <frame idx="300" w="608" h="752" x="-17.900269" y="-149.171478">
   <element name="images" layername="body" frame="0" z_index="3" m_a="0.997603" m_b="0.069204" m_c="-0.069204" m_d="0.997603" m_tx="0.000000" m_ty="-15.873016"/>
  </frame>
  <frame idx="325" w="593" h="743" x="-13.317383" y="-149.261780">
   <element name="images" layername="body" frame="0" z_index="3" m_a="0.998651" m_b="0.051921" m_c="-0.051921" m_d="0.998651" m_tx="0.000000" m_ty="-11.904762"/>
  </frame>
  <frame idx="350" w="579" h="734" x="-8.805450" y="-149.430817">
   <element name="images" layername="body" frame="0" z_index="3" m_a="0.999400" m_b="0.034622" m_c="-0.034622" m_d="0.999400" m_tx="0.000000" m_ty="-7.936507"/>
  </frame>
  <frame idx="375" w="565" h="725" x="-4.365936" y="-149.677277">
   <element name="images" layername="body" frame="0" z_index="3" m_a="0.999850" m_b="0.017314" m_c="-0.017314" m_d="0.999850" m_tx="0.000000" m_ty="-3.968254"/>
  </frame>
 </anim>
</Anims>
