<Anims>
 <anim name="close" root="zx5x5_normal" numframes="150" framerate="40">
  <frame idx="0" w="545" h="572" x="-2.431458" y="4.193054">
   <element name="frame" layername="frame" frame="0" z_index="2" m_a="1.000000" m_b="0.000000" m_c="0.000000" m_d="1.000000" m_tx="0.000000" m_ty="0.000000"/>
  </frame>
  <frame idx="25" w="545" h="493" x="-2.431458" y="-67.856934">
   <element name="frame" layername="frame" frame="0" z_index="2" m_a="1.000000" m_b="0.000000" m_c="0.000000" m_d="0.725000" m_tx="0.000000" m_ty="0.000000"/>
  </frame>
  <frame idx="50" w="545" h="493" x="-2.431458" y="-67.856934"/>
  <frame idx="75" w="545" h="493" x="-2.431458" y="-67.856934"/>
  <frame idx="100" w="545" h="493" x="-2.431458" y="-67.856934"/>
  <frame idx="125" w="545" h="493" x="-2.431458" y="-67.856934"/>
 </anim>
 <anim name="open" root="zx5x5_normal" numframes="225" framerate="40">
  <frame idx="0" w="545" h="288" x="-2.431458" y="-255.186951">
   <element name="frame" layername="frame" frame="0" z_index="2" m_a="1.000000" m_b="0.000000" m_c="0.000000" m_d="0.010000" m_tx="0.000000" m_ty="0.000000"/>
  </frame>
  <frame idx="25" w="545" h="390" x="-2.431458" y="-162.551239">
   <element name="frame" layername="frame" frame="0" z_index="2" m_a="1.000000" m_b="0.000000" m_c="0.000000" m_d="0.363571" m_tx="0.000000" m_ty="0.000000"/>
  </frame>
  <frame idx="50" w="545" h="491" x="-2.431458" y="-69.915512">
   <element name="frame" layername="frame" frame="0" z_index="2" m_a="1.000000" m_b="0.000000" m_c="0.000000" m_d="0.717143" m_tx="0.000000" m_ty="0.000000"/>
  </frame>
  <frame idx="75" w="545" h="572" x="-2.431458" y="4.193054">
   <element name="frame" layername="frame" frame="0" z_index="2" m_a="1.000000" m_b="0.000000" m_c="0.000000" m_d="1.000000" m_tx="0.000000" m_ty="0.000000"/>
  </frame>
  <frame idx="100" w="545" h="572" x="-2.431458" y="4.193054">
   <element name="frame" layername="frame" frame="0" z_index="2" m_a="1.000000" m_b="0.000000" m_c="0.000000" m_d="1.000000" m_tx="0.000000" m_ty="0.000000"/>
  </frame>
  <frame idx="125" w="545" h="572" x="-2.431458" y="4.193054">
   <element name="frame" layername="frame" frame="0" z_index="2" m_a="1.000000" m_b="0.000000" m_c="0.000000" m_d="1.000000" m_tx="0.000000" m_ty="0.000000"/>
  </frame>
  <frame idx="150" w="545" h="572" x="-2.431458" y="4.193054">
   <element name="frame" layername="frame" frame="0" z_index="2" m_a="1.000000" m_b="0.000000" m_c="0.000000" m_d="1.000000" m_tx="0.000000" m_ty="0.000000"/>
  </frame>
  <frame idx="175" w="545" h="572" x="-2.431458" y="4.193054">
   <element name="frame" layername="frame" frame="0" z_index="2" m_a="1.000000" m_b="0.000000" m_c="0.000000" m_d="1.000000" m_tx="0.000000" m_ty="0.000000"/>
  </frame>
  <frame idx="200" w="545" h="572" x="-2.431458" y="4.193054">
   <element name="frame" layername="frame" frame="0" z_index="2" m_a="1.000000" m_b="0.000000" m_c="0.000000" m_d="1.000000" m_tx="0.000000" m_ty="0.000000"/>
  </frame>
 </anim>
</Anims>
