<Anims>
 <anim name="idle" root="zxgranarymeat" numframes="400" framerate="40">
  <frame idx="0" w="770" h="1001" x="0.000000" y="-210.000000">
   <element name="images" layername="image" frame="0" z_index="3" m_a="1.000000" m_b="0.000000" m_c="0.000000" m_d="1.000000" m_tx="0.000000" m_ty="0.000000"/>
  </frame>
  <frame idx="25" w="770" h="1001" x="0.000000" y="-210.000000">
   <element name="images" layername="image" frame="0" z_index="3" m_a="1.000000" m_b="0.000000" m_c="0.000000" m_d="1.000000" m_tx="0.000000" m_ty="0.000000"/>
  </frame>
  <frame idx="50" w="770" h="1001" x="0.000000" y="-210.000000">
   <element name="images" layername="image" frame="0" z_index="3" m_a="1.000000" m_b="0.000000" m_c="0.000000" m_d="1.000000" m_tx="0.000000" m_ty="0.000000"/>
  </frame>
  <frame idx="75" w="770" h="1001" x="0.000000" y="-210.000000">
   <element name="images" layername="image" frame="0" z_index="3" m_a="1.000000" m_b="0.000000" m_c="0.000000" m_d="1.000000" m_tx="0.000000" m_ty="0.000000"/>
  </frame>
  <frame idx="100" w="770" h="1001" x="0.000000" y="-210.000000">
   <element name="images" layername="image" frame="0" z_index="3" m_a="1.000000" m_b="0.000000" m_c="0.000000" m_d="1.000000" m_tx="0.000000" m_ty="0.000000"/>
  </frame>
  <frame idx="125" w="770" h="1001" x="0.000000" y="-210.000000">
   <element name="images" layername="image" frame="0" z_index="3" m_a="1.000000" m_b="0.000000" m_c="0.000000" m_d="1.000000" m_tx="0.000000" m_ty="0.000000"/>
  </frame>
  <frame idx="150" w="770" h="1001" x="0.000000" y="-210.000000">
   <element name="images" layername="image" frame="0" z_index="3" m_a="1.000000" m_b="0.000000" m_c="0.000000" m_d="1.000000" m_tx="0.000000" m_ty="0.000000"/>
  </frame>
  <frame idx="175" w="770" h="1001" x="0.000000" y="-210.000000">
   <element name="images" layername="image" frame="0" z_index="3" m_a="1.000000" m_b="0.000000" m_c="0.000000" m_d="1.000000" m_tx="0.000000" m_ty="0.000000"/>
  </frame>
  <frame idx="200" w="770" h="1001" x="0.000000" y="-210.000000">
   <element name="images" layername="image" frame="0" z_index="3" m_a="1.000000" m_b="0.000000" m_c="0.000000" m_d="1.000000" m_tx="0.000000" m_ty="0.000000"/>
  </frame>
  <frame idx="225" w="770" h="1001" x="0.000000" y="-210.000000">
   <element name="images" layername="image" frame="0" z_index="3" m_a="1.000000" m_b="0.000000" m_c="0.000000" m_d="1.000000" m_tx="0.000000" m_ty="0.000000"/>
  </frame>
  <frame idx="250" w="770" h="1001" x="0.000000" y="-210.000000">
   <element name="images" layername="image" frame="0" z_index="3" m_a="1.000000" m_b="0.000000" m_c="0.000000" m_d="1.000000" m_tx="0.000000" m_ty="0.000000"/>
  </frame>
  <frame idx="275" w="770" h="1001" x="0.000000" y="-210.000000">
   <element name="images" layername="image" frame="0" z_index="3" m_a="1.000000" m_b="0.000000" m_c="0.000000" m_d="1.000000" m_tx="0.000000" m_ty="0.000000"/>
  </frame>
  <frame idx="300" w="770" h="1001" x="0.000000" y="-210.000000">
   <element name="images" layername="image" frame="0" z_index="3" m_a="1.000000" m_b="0.000000" m_c="0.000000" m_d="1.000000" m_tx="0.000000" m_ty="0.000000"/>
  </frame>
  <frame idx="325" w="770" h="1001" x="0.000000" y="-210.000000">
   <element name="images" layername="image" frame="0" z_index="3" m_a="1.000000" m_b="0.000000" m_c="0.000000" m_d="1.000000" m_tx="0.000000" m_ty="0.000000"/>
  </frame>
  <frame idx="350" w="770" h="1001" x="0.000000" y="-210.000000">
   <element name="images" layername="image" frame="0" z_index="3" m_a="1.000000" m_b="0.000000" m_c="0.000000" m_d="1.000000" m_tx="0.000000" m_ty="0.000000"/>
  </frame>
  <frame idx="375" w="770" h="1001" x="0.000000" y="-210.000000">
   <element name="images" layername="image" frame="0" z_index="3" m_a="1.000000" m_b="0.000000" m_c="0.000000" m_d="1.000000" m_tx="0.000000" m_ty="0.000000"/>
  </frame>
 </anim>
 <anim name="onbuild" root="zxgranarymeat" numframes="400" framerate="40">
  <frame idx="0" w="2" h="0" x="0.000000" y="0.000000"/>
  <frame idx="25" w="2" h="0" x="0.000000" y="0.000000"/>
  <frame idx="50" w="501" h="732" x="-245.000000" y="-455.000000">
   <element name="images" layername="image" frame="0" z_index="3" m_a="0.300000" m_b="0.000000" m_c="0.000000" m_d="0.300000" m_tx="0.000000" m_ty="0.000000"/>
  </frame>
  <frame idx="75" w="501" h="732" x="-245.000000" y="-455.000000">
   <element name="images" layername="image" frame="0" z_index="3" m_a="0.300000" m_b="0.000000" m_c="0.000000" m_d="0.300000" m_tx="0.000000" m_ty="0.000000"/>
  </frame>
  <frame idx="100" w="546" h="777" x="-204.166656" y="-414.166656">
   <element name="images" layername="image" frame="0" z_index="3" m_a="0.416667" m_b="0.000000" m_c="0.000000" m_d="0.416667" m_tx="0.000000" m_ty="0.000000"/>
  </frame>
  <frame idx="125" w="602" h="833" x="-153.125000" y="-363.125000">
   <element name="images" layername="image" frame="0" z_index="3" m_a="0.562500" m_b="0.000000" m_c="0.000000" m_d="0.562500" m_tx="0.000000" m_ty="0.000000"/>
  </frame>
  <frame idx="150" w="658" h="889" x="-102.083344" y="-312.083344">
   <element name="images" layername="image" frame="0" z_index="3" m_a="0.708333" m_b="0.000000" m_c="0.000000" m_d="0.708333" m_tx="0.000000" m_ty="0.000000"/>
  </frame>
  <frame idx="175" w="714" h="945" x="-51.041656" y="-261.041656">
   <element name="images" layername="image" frame="0" z_index="3" m_a="0.854167" m_b="0.000000" m_c="0.000000" m_d="0.854167" m_tx="0.000000" m_ty="0.000000"/>
  </frame>
  <frame idx="200" w="770" h="1001" x="0.000000" y="-210.000000">
   <element name="images" layername="image" frame="0" z_index="3" m_a="1.000000" m_b="0.000000" m_c="0.000000" m_d="1.000000" m_tx="0.000000" m_ty="0.000000"/>
  </frame>
  <frame idx="225" w="770" h="1001" x="0.000000" y="-210.000000">
   <element name="images" layername="image" frame="0" z_index="3" m_a="1.000000" m_b="0.000000" m_c="0.000000" m_d="1.000000" m_tx="0.000000" m_ty="0.000000"/>
  </frame>
  <frame idx="250" w="770" h="1001" x="0.000000" y="-210.000000">
   <element name="images" layername="image" frame="0" z_index="3" m_a="1.000000" m_b="0.000000" m_c="0.000000" m_d="1.000000" m_tx="0.000000" m_ty="0.000000"/>
  </frame>
  <frame idx="275" w="770" h="1001" x="0.000000" y="-210.000000">
   <element name="images" layername="image" frame="0" z_index="3" m_a="1.000000" m_b="0.000000" m_c="0.000000" m_d="1.000000" m_tx="0.000000" m_ty="0.000000"/>
  </frame>
  <frame idx="300" w="770" h="1001" x="0.000000" y="-210.000000">
   <element name="images" layername="image" frame="0" z_index="3" m_a="1.000000" m_b="0.000000" m_c="0.000000" m_d="1.000000" m_tx="0.000000" m_ty="0.000000"/>
  </frame>
  <frame idx="325" w="770" h="1001" x="0.000000" y="-210.000000">
   <element name="images" layername="image" frame="0" z_index="3" m_a="1.000000" m_b="0.000000" m_c="0.000000" m_d="1.000000" m_tx="0.000000" m_ty="0.000000"/>
  </frame>
  <frame idx="350" w="770" h="1001" x="0.000000" y="-210.000000">
   <element name="images" layername="image" frame="0" z_index="3" m_a="1.000000" m_b="0.000000" m_c="0.000000" m_d="1.000000" m_tx="0.000000" m_ty="0.000000"/>
  </frame>
  <frame idx="375" w="770" h="1001" x="0.000000" y="-210.000000">
   <element name="images" layername="image" frame="0" z_index="3" m_a="1.000000" m_b="0.000000" m_c="0.000000" m_d="1.000000" m_tx="0.000000" m_ty="0.000000"/>
  </frame>
 </anim>
 <anim name="onhit" root="zxgranarymeat" numframes="400" framerate="40">
  <frame idx="0" w="770" h="1001" x="0.000000" y="-210.000000">
   <element name="images" layername="image" frame="0" z_index="3" m_a="1.000000" m_b="0.000000" m_c="0.000000" m_d="1.000000" m_tx="0.000000" m_ty="0.000000"/>
  </frame>
  <frame idx="25" w="777" h="1028" x="5.824158" y="-221.691956">
   <element name="images" layername="image" frame="0" z_index="3" m_a="0.999859" m_b="-0.016781" m_c="0.016781" m_d="0.999859" m_tx="0.000000" m_ty="-5.769231"/>
  </frame>
  <frame idx="50" w="784" h="1053" x="11.548096" y="-233.480774">
   <element name="images" layername="image" frame="0" z_index="3" m_a="0.999437" m_b="-0.033558" m_c="0.033558" m_d="0.999437" m_tx="0.000000" m_ty="-11.538462"/>
  </frame>
  <frame idx="75" w="790" h="1078" x="17.170197" y="-245.364838">
   <element name="images" layername="image" frame="0" z_index="3" m_a="0.998733" m_b="-0.050325" m_c="0.050325" m_d="0.998733" m_tx="0.000000" m_ty="-17.307692"/>
  </frame>
  <frame idx="100" w="796" h="1104" x="22.688904" y="-257.342346">
   <element name="images" layername="image" frame="0" z_index="3" m_a="0.997748" m_b="-0.067078" m_c="0.067078" m_d="0.997748" m_tx="0.000000" m_ty="-23.076923"/>
  </frame>
  <frame idx="125" w="802" h="1129" x="28.102631" y="-269.411713">
   <element name="images" layername="image" frame="0" z_index="3" m_a="0.996482" m_b="-0.083812" m_c="0.083812" m_d="0.996482" m_tx="0.000000" m_ty="-28.846153"/>
  </frame>
  <frame idx="150" w="794" h="1104" x="20.493927" y="-261.771027">
   <element name="images" layername="image" frame="0" z_index="3" m_a="0.998176" m_b="-0.060378" m_c="0.060378" m_d="0.998176" m_tx="0.000000" m_ty="-30.000000"/>
  </frame>
  <frame idx="175" w="781" h="1066" x="9.270630" y="-249.522949">
   <element name="images" layername="image" frame="0" z_index="3" m_a="0.999640" m_b="-0.026848" m_c="0.026848" m_d="0.999640" m_tx="0.000000" m_ty="-30.000000"/>
  </frame>
  <frame idx="200" w="779" h="1038" x="-2.357330" y="-237.658417">
   <element name="images" layername="image" frame="0" z_index="3" m_a="0.999977" m_b="0.006713" m_c="-0.006713" m_d="0.999977" m_tx="0.000000" m_ty="-30.000000"/>
  </frame>
  <frame idx="225" w="817" h="1050" x="-14.376923" y="-226.190765">
   <element name="images" layername="image" frame="0" z_index="3" m_a="0.999189" m_b="0.040266" m_c="-0.040266" m_d="0.999189" m_tx="0.000000" m_ty="-30.000000"/>
  </frame>
  <frame idx="250" w="855" h="1062" x="-26.774567" y="-215.132935">
   <element name="images" layername="image" frame="0" z_index="3" m_a="0.997275" m_b="0.073774" m_c="-0.073774" m_d="0.997275" m_tx="0.000000" m_ty="-30.000000"/>
  </frame>
  <frame idx="275" w="860" h="1060" x="-28.305054" y="-210.604431">
   <element name="images" layername="image" frame="0" z_index="3" m_a="0.996966" m_b="0.077838" m_c="-0.077838" m_d="0.996966" m_tx="0.000000" m_ty="-26.785713"/>
  </frame>
  <frame idx="300" w="842" h="1049" x="-22.482117" y="-210.305908">
   <element name="images" layername="image" frame="0" z_index="3" m_a="0.998058" m_b="0.062293" m_c="-0.062293" m_d="0.998058" m_tx="0.000000" m_ty="-21.428570"/>
  </frame>
  <frame idx="325" w="824" h="1038" x="-16.738739" y="-210.097473">
   <element name="images" layername="image" frame="0" z_index="3" m_a="0.998907" m_b="0.046732" m_c="-0.046732" m_d="0.998907" m_tx="0.000000" m_ty="-16.071430"/>
  </frame>
  <frame idx="350" w="807" h="1026" x="-11.076447" y="-209.977814">
   <element name="images" layername="image" frame="0" z_index="3" m_a="0.999514" m_b="0.031161" m_c="-0.031161" m_d="0.999514" m_tx="0.000000" m_ty="-10.714287"/>
  </frame>
  <frame idx="375" w="789" h="1014" x="-5.496246" y="-209.945862">
   <element name="images" layername="image" frame="0" z_index="3" m_a="0.999879" m_b="0.015582" m_c="-0.015582" m_d="0.999879" m_tx="0.000000" m_ty="-5.357141"/>
  </frame>
 </anim>
</Anims>
