<Anims>
 <anim name="idle" root="zx_well" numframes="400" framerate="40">
  <frame idx="0" w="660" h="871" x="0.000000" y="-190.365601">
   <element name="images" layername="zx_well" frame="0" z_index="2" m_a="1.000000" m_b="0.000000" m_c="0.000000" m_d="1.000000" m_tx="0.000000" m_ty="0.000000"/>
  </frame>
  <frame idx="25" w="660" h="871" x="0.000000" y="-190.365601">
   <element name="images" layername="zx_well" frame="0" z_index="2" m_a="1.000000" m_b="0.000000" m_c="0.000000" m_d="1.000000" m_tx="0.000000" m_ty="0.000000"/>
  </frame>
  <frame idx="50" w="660" h="871" x="0.000000" y="-190.365601">
   <element name="images" layername="zx_well" frame="0" z_index="2" m_a="1.000000" m_b="0.000000" m_c="0.000000" m_d="1.000000" m_tx="0.000000" m_ty="0.000000"/>
  </frame>
  <frame idx="75" w="660" h="871" x="0.000000" y="-190.365601">
   <element name="images" layername="zx_well" frame="0" z_index="2" m_a="1.000000" m_b="0.000000" m_c="0.000000" m_d="1.000000" m_tx="0.000000" m_ty="0.000000"/>
  </frame>
  <frame idx="100" w="660" h="871" x="0.000000" y="-190.365601">
   <element name="images" layername="zx_well" frame="0" z_index="2" m_a="1.000000" m_b="0.000000" m_c="0.000000" m_d="1.000000" m_tx="0.000000" m_ty="0.000000"/>
  </frame>
  <frame idx="125" w="660" h="871" x="0.000000" y="-190.365601">
   <element name="images" layername="zx_well" frame="0" z_index="2" m_a="1.000000" m_b="0.000000" m_c="0.000000" m_d="1.000000" m_tx="0.000000" m_ty="0.000000"/>
  </frame>
  <frame idx="150" w="660" h="871" x="0.000000" y="-190.365601">
   <element name="images" layername="zx_well" frame="0" z_index="2" m_a="1.000000" m_b="0.000000" m_c="0.000000" m_d="1.000000" m_tx="0.000000" m_ty="0.000000"/>
  </frame>
  <frame idx="175" w="660" h="871" x="0.000000" y="-190.365601">
   <element name="images" layername="zx_well" frame="0" z_index="2" m_a="1.000000" m_b="0.000000" m_c="0.000000" m_d="1.000000" m_tx="0.000000" m_ty="0.000000"/>
  </frame>
  <frame idx="200" w="660" h="871" x="0.000000" y="-190.365601">
   <element name="images" layername="zx_well" frame="0" z_index="2" m_a="1.000000" m_b="0.000000" m_c="0.000000" m_d="1.000000" m_tx="0.000000" m_ty="0.000000"/>
  </frame>
  <frame idx="225" w="660" h="871" x="0.000000" y="-190.365601">
   <element name="images" layername="zx_well" frame="0" z_index="2" m_a="1.000000" m_b="0.000000" m_c="0.000000" m_d="1.000000" m_tx="0.000000" m_ty="0.000000"/>
  </frame>
  <frame idx="250" w="660" h="871" x="0.000000" y="-190.365601">
   <element name="images" layername="zx_well" frame="0" z_index="2" m_a="1.000000" m_b="0.000000" m_c="0.000000" m_d="1.000000" m_tx="0.000000" m_ty="0.000000"/>
  </frame>
  <frame idx="275" w="660" h="871" x="0.000000" y="-190.365601">
   <element name="images" layername="zx_well" frame="0" z_index="2" m_a="1.000000" m_b="0.000000" m_c="0.000000" m_d="1.000000" m_tx="0.000000" m_ty="0.000000"/>
  </frame>
  <frame idx="300" w="660" h="871" x="0.000000" y="-190.365601">
   <element name="images" layername="zx_well" frame="0" z_index="2" m_a="1.000000" m_b="0.000000" m_c="0.000000" m_d="1.000000" m_tx="0.000000" m_ty="0.000000"/>
  </frame>
  <frame idx="325" w="660" h="871" x="0.000000" y="-190.365601">
   <element name="images" layername="zx_well" frame="0" z_index="2" m_a="1.000000" m_b="0.000000" m_c="0.000000" m_d="1.000000" m_tx="0.000000" m_ty="0.000000"/>
  </frame>
  <frame idx="350" w="660" h="871" x="0.000000" y="-190.365601">
   <element name="images" layername="zx_well" frame="0" z_index="2" m_a="1.000000" m_b="0.000000" m_c="0.000000" m_d="1.000000" m_tx="0.000000" m_ty="0.000000"/>
  </frame>
  <frame idx="375" w="660" h="871" x="0.000000" y="-190.365601">
   <element name="images" layername="zx_well" frame="0" z_index="2" m_a="1.000000" m_b="0.000000" m_c="0.000000" m_d="1.000000" m_tx="0.000000" m_ty="0.000000"/>
  </frame>
 </anim>
 <anim name="onhit" root="zx_well" numframes="400" framerate="40">
  <frame idx="0" w="660" h="871" x="0.000000" y="-190.365601">
   <element name="images" layername="zx_well" frame="0" z_index="2" m_a="1.000000" m_b="0.000000" m_c="0.000000" m_d="1.000000" m_tx="0.000000" m_ty="0.000000"/>
  </frame>
  <frame idx="25" w="666" h="894" x="4.992126" y="-201.403748">
   <element name="images" layername="zx_well" frame="0" z_index="2" m_a="0.999859" m_b="-0.016781" m_c="0.016781" m_d="0.999859" m_tx="0.000000" m_ty="-5.961539"/>
  </frame>
  <frame idx="50" w="671" h="917" x="9.898346" y="-212.524963">
   <element name="images" layername="zx_well" frame="0" z_index="2" m_a="0.999437" m_b="-0.033558" m_c="0.033558" m_d="0.999437" m_tx="0.000000" m_ty="-11.923078"/>
  </frame>
  <frame idx="75" w="677" h="940" x="14.717285" y="-223.727783">
   <element name="images" layername="zx_well" frame="0" z_index="2" m_a="0.998733" m_b="-0.050325" m_c="0.050325" m_d="0.998733" m_tx="0.000000" m_ty="-17.884615"/>
  </frame>
  <frame idx="100" w="682" h="962" x="19.447632" y="-235.010742">
   <element name="images" layername="zx_well" frame="0" z_index="2" m_a="0.997748" m_b="-0.067078" m_c="0.067078" m_d="0.997748" m_tx="0.000000" m_ty="-23.846155"/>
  </frame>
  <frame idx="125" w="688" h="985" x="24.087982" y="-246.372284">
   <element name="images" layername="zx_well" frame="0" z_index="2" m_a="0.996482" m_b="-0.083812" m_c="0.083812" m_d="0.996482" m_tx="0.000000" m_ty="-29.807692"/>
  </frame>
  <frame idx="150" w="681" h="965" x="18.105225" y="-240.493256">
   <element name="images" layername="zx_well" frame="0" z_index="2" m_a="0.998058" m_b="-0.062293" m_c="0.062293" m_d="0.998058" m_tx="0.000000" m_ty="-30.857143"/>
  </frame>
  <frame idx="175" w="671" h="934" x="9.202759" y="-230.538330">
   <element name="images" layername="zx_well" frame="0" z_index="2" m_a="0.999514" m_b="-0.031162" m_c="0.031162" m_d="0.999514" m_tx="0.000000" m_ty="-30.678572"/>
  </frame>
  <frame idx="200" w="660" h="904" x="0.000000" y="-220.865601">
   <element name="images" layername="zx_well" frame="0" z_index="2" m_a="1.000000" m_b="0.000000" m_c="0.000000" m_d="1.000000" m_tx="0.000000" m_ty="-30.500000"/>
  </frame>
  <frame idx="225" w="691" h="913" x="-9.494171" y="-211.484253">
   <element name="images" layername="zx_well" frame="0" z_index="2" m_a="0.999514" m_b="0.031162" m_c="-0.031162" m_d="0.999514" m_tx="0.000000" m_ty="-30.321428"/>
  </frame>
  <frame idx="250" w="722" h="923" x="-19.270477" y="-202.403198">
   <element name="images" layername="zx_well" frame="0" z_index="2" m_a="0.998058" m_b="0.062293" m_c="-0.062293" m_d="0.998058" m_tx="0.000000" m_ty="-30.142857"/>
  </frame>
  <frame idx="275" w="743" h="929" x="-26.198944" y="-195.123901">
   <element name="images" layername="zx_well" frame="0" z_index="2" m_a="0.996482" m_b="0.083811" m_c="-0.083811" m_d="0.996482" m_tx="0.000000" m_ty="-28.846153"/>
  </frame>
  <frame idx="300" w="726" h="917" x="-20.799103" y="-193.994751">
   <element name="images" layername="zx_well" frame="0" z_index="2" m_a="0.997748" m_b="0.067078" m_c="-0.067078" m_d="0.997748" m_tx="0.000000" m_ty="-23.076923"/>
  </frame>
  <frame idx="325" w="710" h="906" x="-15.477448" y="-192.956055">
   <element name="images" layername="zx_well" frame="0" z_index="2" m_a="0.998733" m_b="0.050324" m_c="-0.050324" m_d="0.998733" m_tx="0.000000" m_ty="-17.307693"/>
  </frame>
  <frame idx="350" w="695" h="894" x="-10.236267" y="-192.005737">
   <element name="images" layername="zx_well" frame="0" z_index="2" m_a="0.999437" m_b="0.033558" m_c="-0.033558" m_d="0.999437" m_tx="0.000000" m_ty="-11.538462"/>
  </frame>
  <frame idx="375" w="678" h="883" x="-5.076508" y="-191.142822">
   <element name="images" layername="zx_well" frame="0" z_index="2" m_a="0.999859" m_b="0.016781" m_c="-0.016781" m_d="0.999859" m_tx="0.000000" m_ty="-5.769232"/>
  </frame>
 </anim>
</Anims>
