<Anims>
 <anim name="idle" root="zxgranaryveggie1" numframes="3000" framerate="40">
  <frame idx="0" w="770" h="1001" x="0.000000" y="-210.000000">
   <element name="body" layername="body" frame="0" z_index="2" m_a="1.000000" m_b="0.000000" m_c="0.000000" m_d="1.000000" m_tx="0.000000" m_ty="0.000000"/>
   <element name="light" layername="light" frame="0" z_index="1" m_a="1.000000" m_b="0.000000" m_c="0.000000" m_d="1.000000" m_tx="0.000000" m_ty="-210.000000"/>
  </frame>
  <frame idx="25" w="790" h="1064" x="17.861084" y="-230.010895">
   <element name="body" layername="body" frame="0" z_index="2" m_a="1.000000" m_b="0.000000" m_c="0.000000" m_d="1.000000" m_tx="0.000000" m_ty="-1.668892"/>
   <element name="light" layername="light" frame="0" z_index="1" m_a="0.998626" m_b="-0.052406" m_c="0.052406" m_d="0.998626" m_tx="0.000000" m_ty="-211.668884"/>
  </frame>
  <frame idx="50" w="809" h="1127" x="34.711182" y="-249.971405">
   <element name="body" layername="body" frame="0" z_index="2" m_a="1.000000" m_b="0.000000" m_c="0.000000" m_d="1.000000" m_tx="0.000000" m_ty="-3.337784"/>
   <element name="light" layername="light" frame="0" z_index="1" m_a="0.994507" m_b="-0.104668" m_c="0.104668" m_d="0.994507" m_tx="0.000000" m_ty="-213.337784"/>
  </frame>
  <frame idx="75" w="827" h="1188" x="50.503998" y="-269.831238">
   <element name="body" layername="body" frame="0" z_index="2" m_a="1.000000" m_b="0.000000" m_c="0.000000" m_d="1.000000" m_tx="0.000000" m_ty="-5.006675"/>
   <element name="light" layername="light" frame="0" z_index="1" m_a="0.987656" m_b="-0.156642" m_c="0.156642" m_d="0.987656" m_tx="0.000000" m_ty="-215.006668"/>
  </frame>
  <frame idx="100" w="843" h="1250" x="65.196106" y="-289.540344">
   <element name="body" layername="body" frame="0" z_index="2" m_a="1.000000" m_b="0.000000" m_c="0.000000" m_d="1.000000" m_tx="0.000000" m_ty="-6.675568"/>
   <element name="light" layername="light" frame="0" z_index="1" m_a="0.978089" m_b="-0.208185" m_c="0.208185" m_d="0.978089" m_tx="0.000000" m_ty="-216.675568"/>
  </frame>
  <frame idx="125" w="857" h="1311" x="78.747192" y="-309.049316">
   <element name="body" layername="body" frame="0" z_index="2" m_a="1.000000" m_b="0.000000" m_c="0.000000" m_d="1.000000" m_tx="0.000000" m_ty="-8.344460"/>
   <element name="light" layername="light" frame="0" z_index="1" m_a="0.965835" m_b="-0.259157" m_c="0.259157" m_d="0.965835" m_tx="0.000000" m_ty="-218.344452"/>
  </frame>
  <frame idx="150" w="872" h="1370" x="91.119934" y="-328.308899">
   <element name="body" layername="body" frame="0" z_index="2" m_a="1.000000" m_b="0.000000" m_c="0.000000" m_d="1.000000" m_tx="0.000000" m_ty="-10.013350"/>
   <element name="light" layername="light" frame="0" z_index="1" m_a="0.950927" m_b="-0.309416" m_c="0.309416" m_d="0.950927" m_tx="0.000000" m_ty="-220.013351"/>
  </frame>
  <frame idx="175" w="884" h="1429" x="102.280396" y="-347.270935">
   <element name="body" layername="body" frame="0" z_index="2" m_a="1.000000" m_b="0.000000" m_c="0.000000" m_d="1.000000" m_tx="0.000000" m_ty="-11.682243"/>
   <element name="light" layername="light" frame="0" z_index="1" m_a="0.933405" m_b="-0.358825" m_c="0.358825" m_d="0.933405" m_tx="0.000000" m_ty="-221.682251"/>
  </frame>
  <frame idx="200" w="895" h="1487" x="112.197876" y="-365.887787">
   <element name="body" layername="body" frame="0" z_index="2" m_a="1.000000" m_b="0.000000" m_c="0.000000" m_d="1.000000" m_tx="0.000000" m_ty="-13.351135"/>
   <element name="light" layername="light" frame="0" z_index="1" m_a="0.913318" m_b="-0.407248" m_c="0.407248" m_d="0.913318" m_tx="0.000000" m_ty="-223.351135"/>
  </frame>
  <frame idx="225" w="904" h="1544" x="120.845093" y="-384.112854">
   <element name="body" layername="body" frame="0" z_index="2" m_a="1.000000" m_b="0.000000" m_c="0.000000" m_d="1.000000" m_tx="0.000000" m_ty="-15.020026"/>
   <element name="light" layername="light" frame="0" z_index="1" m_a="0.890721" m_b="-0.454551" m_c="0.454551" m_d="0.890721" m_tx="0.000000" m_ty="-225.020020"/>
  </frame>
  <frame idx="250" w="912" h="1599" x="128.198364" y="-401.900757">
   <element name="body" layername="body" frame="0" z_index="2" m_a="1.000000" m_b="0.000000" m_c="0.000000" m_d="1.000000" m_tx="0.000000" m_ty="-16.688919"/>
   <element name="light" layername="light" frame="0" z_index="1" m_a="0.865676" m_b="-0.500605" m_c="0.500605" m_d="0.865676" m_tx="0.000000" m_ty="-226.688919"/>
  </frame>
  <frame idx="275" w="919" h="1652" x="134.237366" y="-419.207153">
   <element name="body" layername="body" frame="0" z_index="2" m_a="1.000000" m_b="0.000000" m_c="0.000000" m_d="1.000000" m_tx="0.000000" m_ty="-18.357811"/>
   <element name="light" layername="light" frame="0" z_index="1" m_a="0.838251" m_b="-0.545284" m_c="0.545284" m_d="0.838251" m_tx="0.000000" m_ty="-228.357819"/>
  </frame>
  <frame idx="300" w="923" h="1703" x="138.945557" y="-435.989014">
   <element name="body" layername="body" frame="0" z_index="2" m_a="1.000000" m_b="0.000000" m_c="0.000000" m_d="1.000000" m_tx="0.000000" m_ty="-20.026701"/>
   <element name="light" layername="light" frame="0" z_index="1" m_a="0.808524" m_b="-0.588464" m_c="0.588464" m_d="0.808524" m_tx="0.000000" m_ty="-230.026703"/>
  </frame>
  <frame idx="325" w="928" h="1754" x="142.310059" y="-452.204773">
   <element name="body" layername="body" frame="0" z_index="2" m_a="1.000000" m_b="0.000000" m_c="0.000000" m_d="1.000000" m_tx="0.000000" m_ty="-21.695595"/>
   <element name="light" layername="light" frame="0" z_index="1" m_a="0.776574" m_b="-0.630026" m_c="0.630026" m_d="0.776574" m_tx="0.000000" m_ty="-231.695587"/>
  </frame>
  <frame idx="350" w="930" h="1801" x="144.321503" y="-467.814697">
   <element name="body" layername="body" frame="0" z_index="2" m_a="1.000000" m_b="0.000000" m_c="0.000000" m_d="1.000000" m_tx="0.000000" m_ty="-23.364487"/>
   <element name="light" layername="light" frame="0" z_index="1" m_a="0.742490" m_b="-0.669858" m_c="0.669858" m_d="0.742490" m_tx="0.000000" m_ty="-233.364487"/>
  </frame>
  <frame idx="375" w="930" h="1847" x="144.974487" y="-482.780151">
   <element name="body" layername="body" frame="0" z_index="2" m_a="1.000000" m_b="0.000000" m_c="0.000000" m_d="1.000000" m_tx="0.000000" m_ty="-25.033379"/>
   <element name="light" layername="light" frame="0" z_index="1" m_a="0.706365" m_b="-0.707848" m_c="0.707848" m_d="0.706365" m_tx="0.000000" m_ty="-235.033386"/>
  </frame>
  <frame idx="400" w="930" h="1890" x="144.267120" y="-497.064758">
   <element name="body" layername="body" frame="0" z_index="2" m_a="1.000000" m_b="0.000000" m_c="0.000000" m_d="1.000000" m_tx="0.000000" m_ty="-26.702271"/>
   <element name="light" layername="light" frame="0" z_index="1" m_a="0.668299" m_b="-0.743893" m_c="0.743893" m_d="0.668299" m_tx="0.000000" m_ty="-236.702271"/>
  </frame>
  <frame idx="425" w="928" h="1932" x="142.201355" y="-510.633789">
   <element name="body" layername="body" frame="0" z_index="2" m_a="1.000000" m_b="0.000000" m_c="0.000000" m_d="1.000000" m_tx="0.000000" m_ty="-28.371161"/>
   <element name="light" layername="light" frame="0" z_index="1" m_a="0.628396" m_b="-0.777893" m_c="0.777893" m_d="0.628396" m_tx="0.000000" m_ty="-238.371155"/>
  </frame>
  <frame idx="450" w="923" h="1971" x="138.782959" y="-523.454590">
   <element name="body" layername="body" frame="0" z_index="2" m_a="1.000000" m_b="0.000000" m_c="0.000000" m_d="1.000000" m_tx="0.000000" m_ty="-30.040052"/>
   <element name="light" layername="light" frame="0" z_index="1" m_a="0.586767" m_b="-0.809756" m_c="0.809756" m_d="0.586767" m_tx="0.000000" m_ty="-240.040054"/>
  </frame>
  <frame idx="475" w="919" h="2007" x="134.021240" y="-535.496582">
   <element name="body" layername="body" frame="0" z_index="2" m_a="1.000000" m_b="0.000000" m_c="0.000000" m_d="1.000000" m_tx="0.000000" m_ty="-31.708944"/>
   <element name="light" layername="light" frame="0" z_index="1" m_a="0.543525" m_b="-0.839393" m_c="0.839393" m_d="0.543525" m_tx="0.000000" m_ty="-241.708939"/>
  </frame>
  <frame idx="500" w="911" h="2040" x="127.929260" y="-546.731079">
   <element name="body" layername="body" frame="0" z_index="2" m_a="1.000000" m_b="0.000000" m_c="0.000000" m_d="1.000000" m_tx="0.000000" m_ty="-33.377838"/>
   <element name="light" layername="light" frame="0" z_index="1" m_a="0.498789" m_b="-0.866724" m_c="0.866724" m_d="0.498789" m_tx="0.000000" m_ty="-243.377838"/>
  </frame>
  <frame idx="525" w="904" h="2071" x="120.523895" y="-557.132019">
   <element name="body" layername="body" frame="0" z_index="2" m_a="1.000000" m_b="0.000000" m_c="0.000000" m_d="1.000000" m_tx="0.000000" m_ty="-35.046730"/>
   <element name="light" layername="light" frame="0" z_index="1" m_a="0.452682" m_b="-0.891672" m_c="0.891672" m_d="0.452682" m_tx="0.000000" m_ty="-245.046722"/>
  </frame>
  <frame idx="550" w="894" h="2098" x="111.825378" y="-566.675171">
   <element name="body" layername="body" frame="0" z_index="2" m_a="1.000000" m_b="0.000000" m_c="0.000000" m_d="1.000000" m_tx="0.000000" m_ty="-36.715622"/>
   <element name="light" layername="light" frame="0" z_index="1" m_a="0.405331" m_b="-0.914170" m_c="0.914170" m_d="0.405331" m_tx="0.000000" m_ty="-246.715622"/>
  </frame>
  <frame idx="575" w="883" h="2123" x="101.857666" y="-575.338928">
   <element name="body" layername="body" frame="0" z_index="2" m_a="1.000000" m_b="0.000000" m_c="0.000000" m_d="1.000000" m_tx="0.000000" m_ty="-38.384514"/>
   <element name="light" layername="light" frame="0" z_index="1" m_a="0.356866" m_b="-0.934155" m_c="0.934155" m_d="0.356866" m_tx="0.000000" m_ty="-248.384521"/>
  </frame>
  <frame idx="600" w="871" h="2145" x="90.648102" y="-583.104126">
   <element name="body" layername="body" frame="0" z_index="2" m_a="1.000000" m_b="0.000000" m_c="0.000000" m_d="1.000000" m_tx="0.000000" m_ty="-40.053402"/>
   <element name="light" layername="light" frame="0" z_index="1" m_a="0.307421" m_b="-0.951574" m_c="0.951574" m_d="0.307421" m_tx="0.000000" m_ty="-250.053406"/>
  </frame>
  <frame idx="625" w="857" h="2164" x="78.227509" y="-589.954163">
   <element name="body" layername="body" frame="0" z_index="2" m_a="1.000000" m_b="0.000000" m_c="0.000000" m_d="1.000000" m_tx="0.000000" m_ty="-41.722298"/>
   <element name="light" layername="light" frame="0" z_index="1" m_a="0.257131" m_b="-0.966377" m_c="0.966377" m_d="0.257131" m_tx="0.000000" m_ty="-251.722290"/>
  </frame>
  <frame idx="650" w="842" h="2180" x="64.630066" y="-595.874512">
   <element name="body" layername="body" frame="0" z_index="2" m_a="1.000000" m_b="0.000000" m_c="0.000000" m_d="1.000000" m_tx="0.000000" m_ty="-43.391190"/>
   <element name="light" layername="light" frame="0" z_index="1" m_a="0.206133" m_b="-0.978524" m_c="0.978524" m_d="0.206133" m_tx="0.000000" m_ty="-253.391190"/>
  </frame>
  <frame idx="675" w="825" h="2193" x="49.893097" y="-600.853699">
   <element name="body" layername="body" frame="0" z_index="2" m_a="1.000000" m_b="0.000000" m_c="0.000000" m_d="1.000000" m_tx="0.000000" m_ty="-45.060081"/>
   <element name="light" layername="light" frame="0" z_index="1" m_a="0.154570" m_b="-0.987982" m_c="0.987982" m_d="0.154570" m_tx="0.000000" m_ty="-255.060089"/>
  </frame>
  <frame idx="700" w="809" h="2203" x="34.057129" y="-604.882568">
   <element name="body" layername="body" frame="0" z_index="2" m_a="1.000000" m_b="0.000000" m_c="0.000000" m_d="1.000000" m_tx="0.000000" m_ty="-46.728973"/>
   <element name="light" layername="light" frame="0" z_index="1" m_a="0.102582" m_b="-0.994725" m_c="0.994725" m_d="0.102582" m_tx="0.000000" m_ty="-256.728973"/>
  </frame>
  <frame idx="725" w="790" h="2209" x="17.165741" y="-607.954590">
   <element name="body" layername="body" frame="0" z_index="2" m_a="1.000000" m_b="0.000000" m_c="0.000000" m_d="1.000000" m_tx="0.000000" m_ty="-48.397861"/>
   <element name="light" layername="light" frame="0" z_index="1" m_a="0.050311" m_b="-0.998734" m_c="0.998734" m_d="0.050311" m_tx="0.000000" m_ty="-258.397858"/>
  </frame>
  <frame idx="750" w="774" h="2215" x="-0.734039" y="-610.800049">
   <element name="body" layername="body" frame="0" z_index="2" m_a="1.000000" m_b="0.000000" m_c="0.000000" m_d="1.000000" m_tx="0.000000" m_ty="-50.066757"/>
   <element name="light" layername="light" frame="0" z_index="1" m_a="-0.002097" m_b="-0.999998" m_c="0.999998" m_d="-0.002097" m_tx="0.000000" m_ty="-260.066772"/>
  </frame>
  <frame idx="775" w="834" h="2275" x="-19.074982" y="-630.290527">
   <element name="body" layername="body" frame="0" z_index="2" m_a="1.000000" m_b="0.000000" m_c="0.000000" m_d="1.000000" m_tx="0.000000" m_ty="-51.735645"/>
   <element name="light" layername="light" frame="0" z_index="1" m_a="-0.054500" m_b="-0.998514" m_c="0.998514" m_d="-0.054500" m_tx="0.000000" m_ty="-261.735657"/>
  </frame>
  <frame idx="800" w="895" h="2332" x="-37.363556" y="-648.768066">
   <element name="body" layername="body" frame="0" z_index="2" m_a="1.000000" m_b="0.000000" m_c="0.000000" m_d="1.000000" m_tx="0.000000" m_ty="-53.404541"/>
   <element name="light" layername="light" frame="0" z_index="1" m_a="-0.106753" m_b="-0.994286" m_c="0.994286" m_d="-0.106753" m_tx="0.000000" m_ty="-263.404541"/>
  </frame>
  <frame idx="825" w="954" h="2386" x="-55.549408" y="-666.186523">
   <element name="body" layername="body" frame="0" z_index="2" m_a="1.000000" m_b="0.000000" m_c="0.000000" m_d="1.000000" m_tx="0.000000" m_ty="-55.073433"/>
   <element name="light" layername="light" frame="0" z_index="1" m_a="-0.158713" m_b="-0.987325" m_c="0.987325" m_d="-0.158713" m_tx="0.000000" m_ty="-265.073425"/>
  </frame>
  <frame idx="850" w="1014" h="2437" x="-73.582550" y="-682.502625">
   <element name="body" layername="body" frame="0" z_index="2" m_a="1.000000" m_b="0.000000" m_c="0.000000" m_d="1.000000" m_tx="0.000000" m_ty="-56.742321"/>
   <element name="light" layername="light" frame="0" z_index="1" m_a="-0.210236" m_b="-0.977651" m_c="0.977651" m_d="-0.210236" m_tx="0.000000" m_ty="-266.742310"/>
  </frame>
  <frame idx="875" w="1073" h="2483" x="-91.413574" y="-697.676208">
   <element name="body" layername="body" frame="0" z_index="2" m_a="1.000000" m_b="0.000000" m_c="0.000000" m_d="1.000000" m_tx="0.000000" m_ty="-58.411217"/>
   <element name="light" layername="light" frame="0" z_index="1" m_a="-0.261182" m_b="-0.965290" m_c="0.965290" m_d="-0.261182" m_tx="0.000000" m_ty="-268.411224"/>
  </frame>
  <frame idx="900" w="1130" h="2525" x="-108.993286" y="-711.669922">
   <element name="body" layername="body" frame="0" z_index="2" m_a="1.000000" m_b="0.000000" m_c="0.000000" m_d="1.000000" m_tx="0.000000" m_ty="-60.080105"/>
   <element name="light" layername="light" frame="0" z_index="1" m_a="-0.311409" m_b="-0.950276" m_c="0.950276" m_d="-0.311409" m_tx="0.000000" m_ty="-270.080109"/>
  </frame>
  <frame idx="925" w="1187" h="2563" x="-126.273560" y="-724.450195">
   <element name="body" layername="body" frame="0" z_index="2" m_a="1.000000" m_b="0.000000" m_c="0.000000" m_d="1.000000" m_tx="0.000000" m_ty="-61.749001"/>
   <element name="light" layername="light" frame="0" z_index="1" m_a="-0.360782" m_b="-0.932650" m_c="0.932650" m_d="-0.360782" m_tx="0.000000" m_ty="-271.748993"/>
  </frame>
  <frame idx="950" w="1243" h="2599" x="-143.206665" y="-735.986145">
   <element name="body" layername="body" frame="0" z_index="2" m_a="1.000000" m_b="0.000000" m_c="0.000000" m_d="1.000000" m_tx="0.000000" m_ty="-63.417889"/>
   <element name="light" layername="light" frame="0" z_index="1" m_a="-0.409162" m_b="-0.912462" m_c="0.912462" m_d="-0.409162" m_tx="0.000000" m_ty="-273.417877"/>
  </frame>
  <frame idx="975" w="1298" h="2628" x="-159.746246" y="-746.250916">
   <element name="body" layername="body" frame="0" z_index="2" m_a="1.000000" m_b="0.000000" m_c="0.000000" m_d="1.000000" m_tx="0.000000" m_ty="-65.086784"/>
   <element name="light" layername="light" frame="0" z_index="1" m_a="-0.456418" m_b="-0.889766" m_c="0.889766" m_d="-0.456418" m_tx="0.000000" m_ty="-275.086792"/>
  </frame>
  <frame idx="1000" w="1351" h="2655" x="-175.846924" y="-755.220947">
   <element name="body" layername="body" frame="0" z_index="2" m_a="1.000000" m_b="0.000000" m_c="0.000000" m_d="1.000000" m_tx="0.000000" m_ty="-66.755676"/>
   <element name="light" layername="light" frame="0" z_index="1" m_a="-0.502420" m_b="-0.864624" m_c="0.864624" m_d="-0.502420" m_tx="0.000000" m_ty="-276.755676"/>
  </frame>
  <frame idx="1025" w="1403" h="2676" x="-191.464172" y="-762.875916">
   <element name="body" layername="body" frame="0" z_index="2" m_a="1.000000" m_b="0.000000" m_c="0.000000" m_d="1.000000" m_tx="0.000000" m_ty="-68.424568"/>
   <element name="light" layername="light" frame="0" z_index="1" m_a="-0.547040" m_b="-0.837106" m_c="0.837106" m_d="-0.547040" m_tx="0.000000" m_ty="-278.424561"/>
  </frame>
  <frame idx="1050" w="1452" h="2693" x="-206.555359" y="-769.199463">
   <element name="body" layername="body" frame="0" z_index="2" m_a="1.000000" m_b="0.000000" m_c="0.000000" m_d="1.000000" m_tx="0.000000" m_ty="-70.093460"/>
   <element name="light" layername="light" frame="0" z_index="1" m_a="-0.590158" m_b="-0.807288" m_c="0.807288" m_d="-0.590158" m_tx="0.000000" m_ty="-280.093445"/>
  </frame>
  <frame idx="1075" w="1501" h="2706" x="-221.078735" y="-774.178833">
   <element name="body" layername="body" frame="0" z_index="2" m_a="1.000000" m_b="0.000000" m_c="0.000000" m_d="1.000000" m_tx="0.000000" m_ty="-71.762344"/>
   <element name="light" layername="light" frame="0" z_index="1" m_a="-0.631654" m_b="-0.775251" m_c="0.775251" m_d="-0.631654" m_tx="0.000000" m_ty="-281.762329"/>
  </frame>
  <frame idx="1100" w="1546" h="2714" x="-234.994690" y="-777.804993">
   <element name="body" layername="body" frame="0" z_index="2" m_a="1.000000" m_b="0.000000" m_c="0.000000" m_d="1.000000" m_tx="0.000000" m_ty="-73.431244"/>
   <element name="light" layername="light" frame="0" z_index="1" m_a="-0.671413" m_b="-0.741083" m_c="0.741083" m_d="-0.671413" m_tx="0.000000" m_ty="-283.431244"/>
  </frame>
  <frame idx="1125" w="1590" h="2719" x="-248.264709" y="-780.072388">
   <element name="body" layername="body" frame="0" z_index="2" m_a="1.000000" m_b="0.000000" m_c="0.000000" m_d="1.000000" m_tx="0.000000" m_ty="-75.100136"/>
   <element name="light" layername="light" frame="0" z_index="1" m_a="-0.709328" m_b="-0.704879" m_c="0.704879" m_d="-0.709328" m_tx="0.000000" m_ty="-285.100128"/>
  </frame>
  <frame idx="1150" w="1632" h="2717" x="-260.852478" y="-780.979614">
   <element name="body" layername="body" frame="0" z_index="2" m_a="1.000000" m_b="0.000000" m_c="0.000000" m_d="1.000000" m_tx="0.000000" m_ty="-76.769028"/>
   <element name="light" layername="light" frame="0" z_index="1" m_a="-0.745293" m_b="-0.666737" m_c="0.666737" m_d="-0.745293" m_tx="0.000000" m_ty="-286.769043"/>
  </frame>
  <frame idx="1175" w="1671" h="2712" x="-272.723328" y="-780.528564">
   <element name="body" layername="body" frame="0" z_index="2" m_a="1.000000" m_b="0.000000" m_c="0.000000" m_d="1.000000" m_tx="0.000000" m_ty="-78.437920"/>
   <element name="light" layername="light" frame="0" z_index="1" m_a="-0.779209" m_b="-0.626764" m_c="0.626764" m_d="-0.779209" m_tx="0.000000" m_ty="-288.437927"/>
  </frame>
  <frame idx="1200" w="1708" h="2702" x="-283.844666" y="-778.725037">
   <element name="body" layername="body" frame="0" z_index="2" m_a="1.000000" m_b="0.000000" m_c="0.000000" m_d="1.000000" m_tx="0.000000" m_ty="-80.106804"/>
   <element name="light" layername="light" frame="0" z_index="1" m_a="-0.810985" m_b="-0.585067" m_c="0.585067" m_d="-0.810985" m_tx="0.000000" m_ty="-290.106812"/>
  </frame>
  <frame idx="1225" w="1742" h="2689" x="-294.185974" y="-775.578735">
   <element name="body" layername="body" frame="0" z_index="2" m_a="1.000000" m_b="0.000000" m_c="0.000000" m_d="1.000000" m_tx="0.000000" m_ty="-81.775703"/>
   <element name="light" layername="light" frame="0" z_index="1" m_a="-0.840531" m_b="-0.541763" m_c="0.541763" m_d="-0.840531" m_tx="0.000000" m_ty="-291.775696"/>
  </frame>
  <frame idx="1250" w="1774" h="2670" x="-303.718689" y="-771.102783">
   <element name="body" layername="body" frame="0" z_index="2" m_a="1.000000" m_b="0.000000" m_c="0.000000" m_d="1.000000" m_tx="0.000000" m_ty="-83.444595"/>
   <element name="light" layername="light" frame="0" z_index="1" m_a="-0.867768" m_b="-0.496970" m_c="0.496970" m_d="-0.867768" m_tx="0.000000" m_ty="-293.444580"/>
  </frame>
  <frame idx="1275" w="1802" h="2647" x="-312.416809" y="-765.314209">
   <element name="body" layername="body" frame="0" z_index="2" m_a="1.000000" m_b="0.000000" m_c="0.000000" m_d="1.000000" m_tx="0.000000" m_ty="-85.113487"/>
   <element name="light" layername="light" frame="0" z_index="1" m_a="-0.892619" m_b="-0.450811" m_c="0.450811" m_d="-0.892619" m_tx="0.000000" m_ty="-295.113495"/>
  </frame>
  <frame idx="1300" w="1828" h="2621" x="-320.256287" y="-758.233215">
   <element name="body" layername="body" frame="0" z_index="2" m_a="1.000000" m_b="0.000000" m_c="0.000000" m_d="1.000000" m_tx="0.000000" m_ty="-86.782379"/>
   <element name="light" layername="light" frame="0" z_index="1" m_a="-0.915018" m_b="-0.403413" m_c="0.403413" m_d="-0.915018" m_tx="0.000000" m_ty="-296.782379"/>
  </frame>
  <frame idx="1325" w="1851" h="2589" x="-327.215637" y="-749.884216">
   <element name="body" layername="body" frame="0" z_index="2" m_a="1.000000" m_b="0.000000" m_c="0.000000" m_d="1.000000" m_tx="0.000000" m_ty="-88.451263"/>
   <element name="light" layername="light" frame="0" z_index="1" m_a="-0.934902" m_b="-0.354907" m_c="0.354907" m_d="-0.934902" m_tx="0.000000" m_ty="-298.451263"/>
  </frame>
  <frame idx="1350" w="1870" h="2554" x="-333.275696" y="-740.294434">
   <element name="body" layername="body" frame="0" z_index="2" m_a="1.000000" m_b="0.000000" m_c="0.000000" m_d="1.000000" m_tx="0.000000" m_ty="-90.120163"/>
   <element name="light" layername="light" frame="0" z_index="1" m_a="-0.952216" m_b="-0.305424" m_c="0.305424" m_d="-0.952216" m_tx="0.000000" m_ty="-300.120178"/>
  </frame>
  <frame idx="1375" w="1888" h="2514" x="-338.419922" y="-729.494934">
   <element name="body" layername="body" frame="0" z_index="2" m_a="1.000000" m_b="0.000000" m_c="0.000000" m_d="1.000000" m_tx="0.000000" m_ty="-91.789055"/>
   <element name="light" layername="light" frame="0" z_index="1" m_a="-0.966914" m_b="-0.255103" m_c="0.255103" m_d="-0.966914" m_tx="0.000000" m_ty="-301.789063"/>
  </frame>
  <frame idx="1400" w="1901" h="2471" x="-342.633911" y="-717.520142">
   <element name="body" layername="body" frame="0" z_index="2" m_a="1.000000" m_b="0.000000" m_c="0.000000" m_d="1.000000" m_tx="0.000000" m_ty="-93.457947"/>
   <element name="light" layername="light" frame="0" z_index="1" m_a="-0.978954" m_b="-0.204081" m_c="0.204081" m_d="-0.978954" m_tx="0.000000" m_ty="-303.457947"/>
  </frame>
  <frame idx="1425" w="1912" h="2424" x="-345.906311" y="-704.407410">
   <element name="body" layername="body" frame="0" z_index="2" m_a="1.000000" m_b="0.000000" m_c="0.000000" m_d="1.000000" m_tx="0.000000" m_ty="-95.126839"/>
   <element name="light" layername="light" frame="0" z_index="1" m_a="-0.988304" m_b="-0.152498" m_c="0.152498" m_d="-0.988304" m_tx="0.000000" m_ty="-305.126831"/>
  </frame>
  <frame idx="1450" w="1920" h="2374" x="-348.228149" y="-690.197266">
   <element name="body" layername="body" frame="0" z_index="2" m_a="1.000000" m_b="0.000000" m_c="0.000000" m_d="1.000000" m_tx="0.000000" m_ty="-96.795723"/>
   <element name="light" layername="light" frame="0" z_index="1" m_a="-0.994938" m_b="-0.100495" m_c="0.100495" m_d="-0.994938" m_tx="0.000000" m_ty="-306.795715"/>
  </frame>
  <frame idx="1475" w="1924" h="2319" x="-349.592896" y="-674.933350">
   <element name="body" layername="body" frame="0" z_index="2" m_a="1.000000" m_b="0.000000" m_c="0.000000" m_d="1.000000" m_tx="0.000000" m_ty="-98.464622"/>
   <element name="light" layername="light" frame="0" z_index="1" m_a="-0.998837" m_b="-0.048217" m_c="0.048217" m_d="-0.998837" m_tx="0.000000" m_ty="-308.464630"/>
  </frame>
  <frame idx="1500" w="1931" h="2266" x="-351.452942" y="-659.863831">
   <element name="body" layername="body" frame="0" z_index="2" m_a="1.000000" m_b="0.000000" m_c="0.000000" m_d="1.000000" m_tx="0.000000" m_ty="-99.866844"/>
   <element name="light" layername="light" frame="0" z_index="1" m_a="-0.999991" m_b="0.004160" m_c="-0.004160" m_d="-0.999991" m_tx="0.000000" m_ty="-309.866852"/>
  </frame>
  <frame idx="1525" w="1989" h="2263" x="-369.093872" y="-657.650635">
   <element name="body" layername="body" frame="0" z_index="2" m_a="1.000000" m_b="0.000000" m_c="0.000000" m_d="1.000000" m_tx="0.000000" m_ty="-98.202400"/>
   <element name="light" layername="light" frame="0" z_index="1" m_a="-0.998423" m_b="0.056130" m_c="-0.056130" m_d="-0.998423" m_tx="0.000000" m_ty="-308.202393"/>
  </frame>
  <frame idx="1550" w="2044" h="2257" x="-385.736816" y="-654.492737">
   <element name="body" layername="body" frame="0" z_index="2" m_a="1.000000" m_b="0.000000" m_c="0.000000" m_d="1.000000" m_tx="0.000000" m_ty="-96.537949"/>
   <element name="light" layername="light" frame="0" z_index="1" m_a="-0.994156" m_b="0.107949" m_c="-0.107949" m_d="-0.994156" m_tx="0.000000" m_ty="-306.537964"/>
  </frame>
  <frame idx="1575" w="2096" h="2247" x="-401.336914" y="-650.394165">
   <element name="body" layername="body" frame="0" z_index="2" m_a="1.000000" m_b="0.000000" m_c="0.000000" m_d="1.000000" m_tx="0.000000" m_ty="-94.873505"/>
   <element name="light" layername="light" frame="0" z_index="1" m_a="-0.987202" m_b="0.159475" m_c="-0.159475" m_d="-0.987202" m_tx="0.000000" m_ty="-304.873505"/>
  </frame>
  <frame idx="1600" w="2143" h="2233" x="-415.852295" y="-645.361572">
   <element name="body" layername="body" frame="0" z_index="2" m_a="1.000000" m_b="0.000000" m_c="0.000000" m_d="1.000000" m_tx="0.000000" m_ty="-93.209053"/>
   <element name="light" layername="light" frame="0" z_index="1" m_a="-0.977579" m_b="0.210571" m_c="-0.210571" m_d="-0.977579" m_tx="0.000000" m_ty="-303.209045"/>
  </frame>
  <frame idx="1625" w="2187" h="2218" x="-429.243286" y="-639.404053">
   <element name="body" layername="body" frame="0" z_index="2" m_a="1.000000" m_b="0.000000" m_c="0.000000" m_d="1.000000" m_tx="0.000000" m_ty="-91.544609"/>
   <element name="light" layername="light" frame="0" z_index="1" m_a="-0.965313" m_b="0.261097" m_c="-0.261097" m_d="-0.965313" m_tx="0.000000" m_ty="-301.544617"/>
  </frame>
  <frame idx="1650" w="2228" h="2198" x="-441.473999" y="-632.533081">
   <element name="body" layername="body" frame="0" z_index="2" m_a="1.000000" m_b="0.000000" m_c="0.000000" m_d="1.000000" m_tx="0.000000" m_ty="-89.880157"/>
   <element name="light" layername="light" frame="0" z_index="1" m_a="-0.950437" m_b="0.310917" m_c="-0.310917" m_d="-0.950437" m_tx="0.000000" m_ty="-299.880157"/>
  </frame>
  <frame idx="1675" w="2264" h="2176" x="-452.511230" y="-624.762878">
   <element name="body" layername="body" frame="0" z_index="2" m_a="1.000000" m_b="0.000000" m_c="0.000000" m_d="1.000000" m_tx="0.000000" m_ty="-88.215714"/>
   <element name="light" layername="light" frame="0" z_index="1" m_a="-0.932992" m_b="0.359897" m_c="-0.359897" m_d="-0.932992" m_tx="0.000000" m_ty="-298.215698"/>
  </frame>
  <frame idx="1700" w="2296" h="2152" x="-462.325073" y="-616.109985">
   <element name="body" layername="body" frame="0" z_index="2" m_a="1.000000" m_b="0.000000" m_c="0.000000" m_d="1.000000" m_tx="0.000000" m_ty="-86.551270"/>
   <element name="light" layername="light" frame="0" z_index="1" m_a="-0.913025" m_b="0.407904" m_c="-0.407904" m_d="-0.913025" m_tx="0.000000" m_ty="-296.551270"/>
  </frame>
  <frame idx="1725" w="2325" h="2125" x="-470.889160" y="-606.593140">
   <element name="body" layername="body" frame="0" z_index="2" m_a="1.000000" m_b="0.000000" m_c="0.000000" m_d="1.000000" m_tx="0.000000" m_ty="-84.886818"/>
   <element name="light" layername="light" frame="0" z_index="1" m_a="-0.890589" m_b="0.454808" m_c="-0.454808" m_d="-0.890589" m_tx="0.000000" m_ty="-294.886810"/>
  </frame>
  <frame idx="1750" w="2349" h="2094" x="-478.180298" y="-596.233643">
   <element name="body" layername="body" frame="0" z_index="2" m_a="1.000000" m_b="0.000000" m_c="0.000000" m_d="1.000000" m_tx="0.000000" m_ty="-83.222366"/>
   <element name="light" layername="light" frame="0" z_index="1" m_a="-0.865746" m_b="0.500483" m_c="-0.500483" m_d="-0.865746" m_tx="0.000000" m_ty="-293.222382"/>
  </frame>
  <frame idx="1775" w="2369" h="2061" x="-484.178711" y="-585.054932">
   <element name="body" layername="body" frame="0" z_index="2" m_a="1.000000" m_b="0.000000" m_c="0.000000" m_d="1.000000" m_tx="0.000000" m_ty="-81.557922"/>
   <element name="light" layername="light" frame="0" z_index="1" m_a="-0.838563" m_b="0.544805" m_c="-0.544805" m_d="-0.838563" m_tx="0.000000" m_ty="-291.557922"/>
  </frame>
  <frame idx="1800" w="2384" h="2024" x="-488.868164" y="-573.082886">
   <element name="body" layername="body" frame="0" z_index="2" m_a="1.000000" m_b="0.000000" m_c="0.000000" m_d="1.000000" m_tx="0.000000" m_ty="-79.893478"/>
   <element name="light" layername="light" frame="0" z_index="1" m_a="-0.809112" m_b="0.587654" m_c="-0.587654" m_d="-0.809112" m_tx="0.000000" m_ty="-289.893463"/>
  </frame>
  <frame idx="1825" w="2395" h="1986" x="-492.236084" y="-560.345215">
   <element name="body" layername="body" frame="0" z_index="2" m_a="1.000000" m_b="0.000000" m_c="0.000000" m_d="1.000000" m_tx="0.000000" m_ty="-78.229027"/>
   <element name="light" layername="light" frame="0" z_index="1" m_a="-0.777475" m_b="0.628914" m_c="-0.628914" m_d="-0.777475" m_tx="0.000000" m_ty="-288.229034"/>
  </frame>
  <frame idx="1850" w="2402" h="1945" x="-494.273376" y="-546.871948">
   <element name="body" layername="body" frame="0" z_index="2" m_a="1.000000" m_b="0.000000" m_c="0.000000" m_d="1.000000" m_tx="0.000000" m_ty="-76.564583"/>
   <element name="light" layername="light" frame="0" z_index="1" m_a="-0.743735" m_b="0.668474" m_c="-0.668474" m_d="-0.743735" m_tx="0.000000" m_ty="-286.564575"/>
  </frame>
  <frame idx="1875" w="2404" h="1902" x="-494.974365" y="-532.695007">
   <element name="body" layername="body" frame="0" z_index="2" m_a="1.000000" m_b="0.000000" m_c="0.000000" m_d="1.000000" m_tx="0.000000" m_ty="-74.900131"/>
   <element name="light" layername="light" frame="0" z_index="1" m_a="-0.707985" m_b="0.706227" m_c="-0.706227" m_d="-0.707985" m_tx="0.000000" m_ty="-284.900146"/>
  </frame>
  <frame idx="1900" w="2403" h="1857" x="-494.337280" y="-517.848206">
   <element name="body" layername="body" frame="0" z_index="2" m_a="1.000000" m_b="0.000000" m_c="0.000000" m_d="1.000000" m_tx="0.000000" m_ty="-73.235687"/>
   <element name="light" layername="light" frame="0" z_index="1" m_a="-0.670321" m_b="0.742071" m_c="-0.742071" m_d="-0.670321" m_tx="0.000000" m_ty="-283.235687"/>
  </frame>
  <frame idx="1925" w="2396" h="1809" x="-492.363831" y="-502.367065">
   <element name="body" layername="body" frame="0" z_index="2" m_a="1.000000" m_b="0.000000" m_c="0.000000" m_d="1.000000" m_tx="0.000000" m_ty="-71.571243"/>
   <element name="light" layername="light" frame="0" z_index="1" m_a="-0.630845" m_b="0.775909" m_c="-0.775909" m_d="-0.630845" m_tx="0.000000" m_ty="-281.571228"/>
  </frame>
  <frame idx="1950" w="2385" h="1760" x="-489.059448" y="-486.289063">
   <element name="body" layername="body" frame="0" z_index="2" m_a="1.000000" m_b="0.000000" m_c="0.000000" m_d="1.000000" m_tx="0.000000" m_ty="-69.906792"/>
   <element name="light" layername="light" frame="0" z_index="1" m_a="-0.589664" m_b="0.807649" m_c="-0.807649" m_d="-0.589664" m_tx="0.000000" m_ty="-279.906799"/>
  </frame>
  <frame idx="1975" w="2370" h="1709" x="-484.432861" y="-469.653198">
   <element name="body" layername="body" frame="0" z_index="2" m_a="1.000000" m_b="0.000000" m_c="0.000000" m_d="1.000000" m_tx="0.000000" m_ty="-68.242340"/>
   <element name="light" layername="light" frame="0" z_index="1" m_a="-0.546888" m_b="0.837206" m_c="-0.837206" m_d="-0.546888" m_tx="0.000000" m_ty="-278.242340"/>
  </frame>
  <frame idx="2000" w="2350" h="1656" x="-478.496704" y="-452.499878">
   <element name="body" layername="body" frame="0" z_index="2" m_a="1.000000" m_b="0.000000" m_c="0.000000" m_d="1.000000" m_tx="0.000000" m_ty="-66.577896"/>
   <element name="light" layername="light" frame="0" z_index="1" m_a="-0.502634" m_b="0.864499" m_c="-0.864499" m_d="-0.502634" m_tx="0.000000" m_ty="-276.577881"/>
  </frame>
  <frame idx="2025" w="2326" h="1601" x="-471.267029" y="-434.871002">
   <element name="body" layername="body" frame="0" z_index="2" m_a="1.000000" m_b="0.000000" m_c="0.000000" m_d="1.000000" m_tx="0.000000" m_ty="-64.913452"/>
   <element name="light" layername="light" frame="0" z_index="1" m_a="-0.457022" m_b="0.889456" m_c="-0.889456" m_d="-0.457022" m_tx="0.000000" m_ty="-274.913452"/>
  </frame>
  <frame idx="2050" w="2298" h="1545" x="-462.763306" y="-416.809692">
   <element name="body" layername="body" frame="0" z_index="2" m_a="1.000000" m_b="0.000000" m_c="0.000000" m_d="1.000000" m_tx="0.000000" m_ty="-63.249001"/>
   <element name="light" layername="light" frame="0" z_index="1" m_a="-0.410173" m_b="0.912008" m_c="-0.912008" m_d="-0.410173" m_tx="0.000000" m_ty="-273.248993"/>
  </frame>
  <frame idx="2075" w="2266" h="1488" x="-453.008667" y="-398.360291">
   <element name="body" layername="body" frame="0" z_index="2" m_a="1.000000" m_b="0.000000" m_c="0.000000" m_d="1.000000" m_tx="0.000000" m_ty="-61.584553"/>
   <element name="light" layername="light" frame="0" z_index="1" m_a="-0.362216" m_b="0.932094" m_c="-0.932094" m_d="-0.362216" m_tx="0.000000" m_ty="-271.584564"/>
  </frame>
  <frame idx="2100" w="2230" h="1429" x="-442.029175" y="-379.567963">
   <element name="body" layername="body" frame="0" z_index="2" m_a="1.000000" m_b="0.000000" m_c="0.000000" m_d="1.000000" m_tx="0.000000" m_ty="-59.920105"/>
   <element name="light" layername="light" frame="0" z_index="1" m_a="-0.313280" m_b="0.949661" m_c="-0.949661" m_d="-0.313280" m_tx="0.000000" m_ty="-269.920105"/>
  </frame>
  <frame idx="2125" w="2189" h="1370" x="-429.854858" y="-360.479431">
   <element name="body" layername="body" frame="0" z_index="2" m_a="1.000000" m_b="0.000000" m_c="0.000000" m_d="1.000000" m_tx="0.000000" m_ty="-58.255661"/>
   <element name="light" layername="light" frame="0" z_index="1" m_a="-0.263496" m_b="0.964660" m_c="-0.964660" m_d="-0.263496" m_tx="0.000000" m_ty="-268.255676"/>
  </frame>
  <frame idx="2150" w="2145" h="1311" x="-416.518555" y="-341.141510">
   <element name="body" layername="body" frame="0" z_index="2" m_a="1.000000" m_b="0.000000" m_c="0.000000" m_d="1.000000" m_tx="0.000000" m_ty="-56.591213"/>
   <element name="light" layername="light" frame="0" z_index="1" m_a="-0.213001" m_b="0.977052" m_c="-0.977052" m_d="-0.213001" m_tx="0.000000" m_ty="-266.591217"/>
  </frame>
  <frame idx="2175" w="2098" h="1249" x="-402.056152" y="-321.602142">
   <element name="body" layername="body" frame="0" z_index="2" m_a="1.000000" m_b="0.000000" m_c="0.000000" m_d="1.000000" m_tx="0.000000" m_ty="-54.926765"/>
   <element name="light" layername="light" frame="0" z_index="1" m_a="-0.161930" m_b="0.986802" m_c="-0.986802" m_d="-0.161930" m_tx="0.000000" m_ty="-264.926758"/>
  </frame>
  <frame idx="2200" w="2046" h="1188" x="-386.506775" y="-301.909363">
   <element name="body" layername="body" frame="0" z_index="2" m_a="1.000000" m_b="0.000000" m_c="0.000000" m_d="1.000000" m_tx="0.000000" m_ty="-53.262318"/>
   <element name="light" layername="light" frame="0" z_index="1" m_a="-0.110420" m_b="0.993885" m_c="-0.993885" m_d="-0.110420" m_tx="0.000000" m_ty="-263.262329"/>
  </frame>
  <frame idx="2225" w="1991" h="1127" x="-369.912537" y="-282.112122">
   <element name="body" layername="body" frame="0" z_index="2" m_a="1.000000" m_b="0.000000" m_c="0.000000" m_d="1.000000" m_tx="0.000000" m_ty="-51.597870"/>
   <element name="light" layername="light" frame="0" z_index="1" m_a="-0.058612" m_b="0.998281" m_c="-0.998281" m_d="-0.058612" m_tx="0.000000" m_ty="-261.597870"/>
  </frame>
  <frame idx="2250" w="1933" h="1064" x="-352.318542" y="-262.259705">
   <element name="body" layername="body" frame="0" z_index="2" m_a="1.000000" m_b="0.000000" m_c="0.000000" m_d="1.000000" m_tx="0.000000" m_ty="-49.933422"/>
   <element name="light" layername="light" frame="0" z_index="1" m_a="-0.006647" m_b="0.999978" m_c="-0.999978" m_d="-0.006647" m_tx="0.000000" m_ty="-259.933411"/>
  </frame>
  <frame idx="2275" w="1924" h="1072" x="-349.640137" y="-242.760620">
   <element name="body" layername="body" frame="0" z_index="2" m_a="1.000000" m_b="0.000000" m_c="0.000000" m_d="1.000000" m_tx="0.000000" m_ty="-48.268974"/>
   <element name="light" layername="light" frame="0" z_index="1" m_a="0.045338" m_b="0.998972" m_c="-0.998972" m_d="0.045338" m_tx="0.000000" m_ty="-258.268982"/>
  </frame>
  <frame idx="2300" w="1921" h="1088" x="-348.342773" y="-224.242157">
   <element name="body" layername="body" frame="0" z_index="2" m_a="1.000000" m_b="0.000000" m_c="0.000000" m_d="1.000000" m_tx="0.000000" m_ty="-46.604527"/>
   <element name="light" layername="light" frame="0" z_index="1" m_a="0.097199" m_b="0.995265" m_c="-0.995265" m_d="0.097199" m_tx="0.000000" m_ty="-256.604523"/>
  </frame>
  <frame idx="2325" w="1913" h="1105" x="-346.103638" y="-206.757111">
   <element name="body" layername="body" frame="0" z_index="2" m_a="1.000000" m_b="0.000000" m_c="0.000000" m_d="1.000000" m_tx="0.000000" m_ty="-44.940079"/>
   <element name="light" layername="light" frame="0" z_index="1" m_a="0.148798" m_b="0.988868" m_c="-0.988868" m_d="0.148798" m_tx="0.000000" m_ty="-254.940079"/>
  </frame>
  <frame idx="2350" w="1902" h="1119" x="-342.928955" y="-190.348633">
   <element name="body" layername="body" frame="0" z_index="2" m_a="1.000000" m_b="0.000000" m_c="0.000000" m_d="1.000000" m_tx="0.000000" m_ty="-43.275631"/>
   <element name="light" layername="light" frame="0" z_index="1" m_a="0.199994" m_b="0.979797" m_c="-0.979797" m_d="0.199994" m_tx="0.000000" m_ty="-253.275635"/>
  </frame>
  <frame idx="2375" w="1889" h="1132" x="-338.827148" y="-175.056335">
   <element name="body" layername="body" frame="0" z_index="2" m_a="1.000000" m_b="0.000000" m_c="0.000000" m_d="1.000000" m_tx="0.000000" m_ty="-41.611183"/>
   <element name="light" layername="light" frame="0" z_index="1" m_a="0.250651" m_b="0.968078" m_c="-0.968078" m_d="0.250651" m_tx="0.000000" m_ty="-251.611176"/>
  </frame>
  <frame idx="2400" w="1873" h="1143" x="-333.809448" y="-160.917267">
   <element name="body" layername="body" frame="0" z_index="2" m_a="1.000000" m_b="0.000000" m_c="0.000000" m_d="1.000000" m_tx="0.000000" m_ty="-39.946735"/>
   <element name="light" layername="light" frame="0" z_index="1" m_a="0.300629" m_b="0.953741" m_c="-0.953741" m_d="0.300629" m_tx="0.000000" m_ty="-249.946732"/>
  </frame>
  <frame idx="2425" w="1853" h="1154" x="-327.889343" y="-147.965027">
   <element name="body" layername="body" frame="0" z_index="2" m_a="1.000000" m_b="0.000000" m_c="0.000000" m_d="1.000000" m_tx="0.000000" m_ty="-38.282291"/>
   <element name="light" layername="light" frame="0" z_index="1" m_a="0.349794" m_b="0.936827" m_c="-0.936827" m_d="0.349794" m_tx="0.000000" m_ty="-248.282288"/>
  </frame>
  <frame idx="2450" w="1831" h="1164" x="-321.082825" y="-136.230286">
   <element name="body" layername="body" frame="0" z_index="2" m_a="1.000000" m_b="0.000000" m_c="0.000000" m_d="1.000000" m_tx="0.000000" m_ty="-36.617844"/>
   <element name="light" layername="light" frame="0" z_index="1" m_a="0.398014" m_b="0.917380" m_c="-0.917380" m_d="0.398014" m_tx="0.000000" m_ty="-246.617844"/>
  </frame>
  <frame idx="2475" w="1806" h="1172" x="-313.408264" y="-125.739868">
   <element name="body" layername="body" frame="0" z_index="2" m_a="1.000000" m_b="0.000000" m_c="0.000000" m_d="1.000000" m_tx="0.000000" m_ty="-34.953400"/>
   <element name="light" layername="light" frame="0" z_index="1" m_a="0.445158" m_b="0.895452" m_c="-0.895452" m_d="0.445158" m_tx="0.000000" m_ty="-244.953400"/>
  </frame>
  <frame idx="2500" w="1777" h="1179" x="-304.886475" y="-116.518066">
   <element name="body" layername="body" frame="0" z_index="2" m_a="1.000000" m_b="0.000000" m_c="0.000000" m_d="1.000000" m_tx="0.000000" m_ty="-33.288948"/>
   <element name="light" layername="light" frame="0" z_index="1" m_a="0.491098" m_b="0.871104" m_c="-0.871104" m_d="0.491098" m_tx="0.000000" m_ty="-243.288940"/>
  </frame>
  <frame idx="2525" w="1746" h="1183" x="-295.540466" y="-108.585175">
   <element name="body" layername="body" frame="0" z_index="2" m_a="1.000000" m_b="0.000000" m_c="0.000000" m_d="1.000000" m_tx="0.000000" m_ty="-31.624504"/>
   <element name="light" layername="light" frame="0" z_index="1" m_a="0.535711" m_b="0.844401" m_c="-0.844401" m_d="0.535711" m_tx="0.000000" m_ty="-241.624512"/>
  </frame>
  <frame idx="2550" w="1713" h="1186" x="-285.395447" y="-101.958008">
   <element name="body" layername="body" frame="0" z_index="2" m_a="1.000000" m_b="0.000000" m_c="0.000000" m_d="1.000000" m_tx="0.000000" m_ty="-29.960052"/>
   <element name="light" layername="light" frame="0" z_index="1" m_a="0.578876" m_b="0.815416" m_c="-0.815416" m_d="0.578876" m_tx="0.000000" m_ty="-239.960052"/>
  </frame>
  <frame idx="2575" w="1677" h="1188" x="-274.479065" y="-96.650146">
   <element name="body" layername="body" frame="0" z_index="2" m_a="1.000000" m_b="0.000000" m_c="0.000000" m_d="1.000000" m_tx="0.000000" m_ty="-28.295609"/>
   <element name="light" layername="light" frame="0" z_index="1" m_a="0.620475" m_b="0.784226" m_c="-0.784226" m_d="0.620475" m_tx="0.000000" m_ty="-238.295609"/>
  </frame>
  <frame idx="2600" w="1638" h="1190" x="-262.820496" y="-92.671326">
   <element name="body" layername="body" frame="0" z_index="2" m_a="1.000000" m_b="0.000000" m_c="0.000000" m_d="1.000000" m_tx="0.000000" m_ty="-26.631157"/>
   <element name="light" layername="light" frame="0" z_index="1" m_a="0.660398" m_b="0.750916" m_c="-0.750916" m_d="0.660398" m_tx="0.000000" m_ty="-236.631165"/>
  </frame>
  <frame idx="2625" w="1598" h="1188" x="-250.451477" y="-90.027863">
   <element name="body" layername="body" frame="0" z_index="2" m_a="1.000000" m_b="0.000000" m_c="0.000000" m_d="1.000000" m_tx="0.000000" m_ty="-24.966713"/>
   <element name="light" layername="light" frame="0" z_index="1" m_a="0.698535" m_b="0.715576" m_c="-0.715576" m_d="0.698535" m_tx="0.000000" m_ty="-234.966705"/>
  </frame>
  <frame idx="2650" w="1555" h="1186" x="-237.405457" y="-88.722412">
   <element name="body" layername="body" frame="0" z_index="2" m_a="1.000000" m_b="0.000000" m_c="0.000000" m_d="1.000000" m_tx="0.000000" m_ty="-23.302261"/>
   <element name="light" layername="light" frame="0" z_index="1" m_a="0.734784" m_b="0.678301" m_c="-0.678301" m_d="0.734784" m_tx="0.000000" m_ty="-233.302261"/>
  </frame>
  <frame idx="2675" w="1510" h="1183" x="-223.717651" y="-88.754028">
   <element name="body" layername="body" frame="0" z_index="2" m_a="1.000000" m_b="0.000000" m_c="0.000000" m_d="1.000000" m_tx="0.000000" m_ty="-21.637817"/>
   <element name="light" layername="light" frame="0" z_index="1" m_a="0.769046" m_b="0.639193" m_c="-0.639193" m_d="0.769046" m_tx="0.000000" m_ty="-231.637817"/>
  </frame>
  <frame idx="2700" w="1462" h="1177" x="-209.424927" y="-90.118103">
   <element name="body" layername="body" frame="0" z_index="2" m_a="1.000000" m_b="0.000000" m_c="0.000000" m_d="1.000000" m_tx="0.000000" m_ty="-19.973366"/>
   <element name="light" layername="light" frame="0" z_index="1" m_a="0.801230" m_b="0.598357" m_c="-0.598357" m_d="0.801230" m_tx="0.000000" m_ty="-229.973358"/>
  </frame>
  <frame idx="2725" w="1413" h="1171" x="-194.565979" y="-92.806396">
   <element name="body" layername="body" frame="0" z_index="2" m_a="1.000000" m_b="0.000000" m_c="0.000000" m_d="1.000000" m_tx="0.000000" m_ty="-18.308922"/>
   <element name="light" layername="light" frame="0" z_index="1" m_a="0.831247" m_b="0.555903" m_c="-0.555903" m_d="0.831247" m_tx="0.000000" m_ty="-228.308929"/>
  </frame>
  <frame idx="2750" w="1362" h="1163" x="-179.181396" y="-96.807068">
   <element name="body" layername="body" frame="0" z_index="2" m_a="1.000000" m_b="0.000000" m_c="0.000000" m_d="1.000000" m_tx="0.000000" m_ty="-16.644470"/>
   <element name="light" layername="light" frame="0" z_index="1" m_a="0.859017" m_b="0.511947" m_c="-0.511947" m_d="0.859017" m_tx="0.000000" m_ty="-226.644470"/>
  </frame>
  <frame idx="2775" w="1309" h="1153" x="-163.312134" y="-102.105072">
   <element name="body" layername="body" frame="0" z_index="2" m_a="1.000000" m_b="0.000000" m_c="0.000000" m_d="1.000000" m_tx="0.000000" m_ty="-14.980026"/>
   <element name="light" layername="light" frame="0" z_index="1" m_a="0.884465" m_b="0.466606" m_c="-0.466606" m_d="0.884465" m_tx="0.000000" m_ty="-224.980026"/>
  </frame>
  <frame idx="2800" w="1257" h="1142" x="-147.001648" y="-108.681244">
   <element name="body" layername="body" frame="0" z_index="2" m_a="1.000000" m_b="0.000000" m_c="0.000000" m_d="1.000000" m_tx="0.000000" m_ty="-13.315575"/>
   <element name="light" layername="light" frame="0" z_index="1" m_a="0.907522" m_b="0.420005" m_c="-0.420005" m_d="0.907522" m_tx="0.000000" m_ty="-223.315582"/>
  </frame>
  <frame idx="2825" w="1201" h="1130" x="-130.293488" y="-116.513672">
   <element name="body" layername="body" frame="0" z_index="2" m_a="1.000000" m_b="0.000000" m_c="0.000000" m_d="1.000000" m_tx="0.000000" m_ty="-11.651138"/>
   <element name="light" layername="light" frame="0" z_index="1" m_a="0.928126" m_b="0.372267" m_c="-0.372267" m_d="0.928126" m_tx="0.000000" m_ty="-221.651138"/>
  </frame>
  <frame idx="2850" w="1144" h="1117" x="-113.233093" y="-125.576538">
   <element name="body" layername="body" frame="0" z_index="2" m_a="1.000000" m_b="0.000000" m_c="0.000000" m_d="1.000000" m_tx="0.000000" m_ty="-9.986687"/>
   <element name="light" layername="light" frame="0" z_index="1" m_a="0.946220" m_b="0.323523" m_c="-0.323523" m_d="0.946220" m_tx="0.000000" m_ty="-219.986694"/>
  </frame>
  <frame idx="2875" w="1087" h="1102" x="-95.866882" y="-135.840576">
   <element name="body" layername="body" frame="0" z_index="2" m_a="1.000000" m_b="0.000000" m_c="0.000000" m_d="1.000000" m_tx="0.000000" m_ty="-8.322235"/>
   <element name="light" layername="light" frame="0" z_index="1" m_a="0.961757" m_b="0.273905" m_c="-0.273905" m_d="0.961757" m_tx="0.000000" m_ty="-218.322235"/>
  </frame>
  <frame idx="2900" w="1029" h="1086" x="-78.241516" y="-147.273682">
   <element name="body" layername="body" frame="0" z_index="2" m_a="1.000000" m_b="0.000000" m_c="0.000000" m_d="1.000000" m_tx="0.000000" m_ty="-6.657791"/>
   <element name="light" layername="light" frame="0" z_index="1" m_a="0.974693" m_b="0.223547" m_c="-0.223547" m_d="0.974693" m_tx="0.000000" m_ty="-216.657791"/>
  </frame>
  <frame idx="2925" w="971" h="1069" x="-60.404327" y="-159.840820">
   <element name="body" layername="body" frame="0" z_index="2" m_a="1.000000" m_b="0.000000" m_c="0.000000" m_d="1.000000" m_tx="0.000000" m_ty="-4.993347"/>
   <element name="light" layername="light" frame="0" z_index="1" m_a="0.984995" m_b="0.172584" m_c="-0.172584" m_d="0.984995" m_tx="0.000000" m_ty="-214.993347"/>
  </frame>
  <frame idx="2950" w="911" h="1050" x="-42.404144" y="-173.502930">
   <element name="body" layername="body" frame="0" z_index="2" m_a="1.000000" m_b="0.000000" m_c="0.000000" m_d="1.000000" m_tx="0.000000" m_ty="-3.328896"/>
   <element name="light" layername="light" frame="0" z_index="1" m_a="0.992634" m_b="0.121155" m_c="-0.121155" m_d="0.992634" m_tx="0.000000" m_ty="-213.328888"/>
  </frame>
  <frame idx="2975" w="851" h="1030" x="-24.289032" y="-188.219208">
   <element name="body" layername="body" frame="0" z_index="2" m_a="1.000000" m_b="0.000000" m_c="0.000000" m_d="1.000000" m_tx="0.000000" m_ty="-1.664444"/>
   <element name="light" layername="light" frame="0" z_index="1" m_a="0.997589" m_b="0.069397" m_c="-0.069397" m_d="0.997589" m_tx="0.000000" m_ty="-211.664444"/>
  </frame>
 </anim>
</Anims>
