<Anims>
 <anim name="idle" root="zxhydrangea" numframes="300" framerate="40">
  <frame idx="0" w="449" h="449" x="-7.960007" y="-7.959991">
   <element name="images" layername="zxhydrangea" frame="0" z_index="1" m_a="1.000000" m_b="0.000000" m_c="0.000000" m_d="1.000000" m_tx="0.000000" m_ty="0.000000"/>
  </frame>
  <frame idx="25" w="449" h="449" x="-7.960007" y="-7.959991">
   <element name="images" layername="zxhydrangea" frame="0" z_index="1" m_a="1.000000" m_b="0.000000" m_c="0.000000" m_d="1.000000" m_tx="0.000000" m_ty="0.000000"/>
  </frame>
  <frame idx="50" w="449" h="449" x="-7.960007" y="-7.959991">
   <element name="images" layername="zxhydrangea" frame="0" z_index="1" m_a="1.000000" m_b="0.000000" m_c="0.000000" m_d="1.000000" m_tx="0.000000" m_ty="0.000000"/>
  </frame>
  <frame idx="75" w="449" h="449" x="-7.960007" y="-7.959991">
   <element name="images" layername="zxhydrangea" frame="0" z_index="1" m_a="1.000000" m_b="0.000000" m_c="0.000000" m_d="1.000000" m_tx="0.000000" m_ty="0.000000"/>
  </frame>
  <frame idx="100" w="449" h="449" x="-7.960007" y="-7.959991">
   <element name="images" layername="zxhydrangea" frame="0" z_index="1" m_a="1.000000" m_b="0.000000" m_c="0.000000" m_d="1.000000" m_tx="0.000000" m_ty="0.000000"/>
  </frame>
  <frame idx="125" w="449" h="449" x="-7.960007" y="-7.959991">
   <element name="images" layername="zxhydrangea" frame="0" z_index="1" m_a="1.000000" m_b="0.000000" m_c="0.000000" m_d="1.000000" m_tx="0.000000" m_ty="0.000000"/>
  </frame>
  <frame idx="150" w="449" h="449" x="-7.960007" y="-7.959991">
   <element name="images" layername="zxhydrangea" frame="0" z_index="1" m_a="1.000000" m_b="0.000000" m_c="0.000000" m_d="1.000000" m_tx="0.000000" m_ty="0.000000"/>
  </frame>
  <frame idx="175" w="449" h="449" x="-7.960007" y="-7.959991">
   <element name="images" layername="zxhydrangea" frame="0" z_index="1" m_a="1.000000" m_b="0.000000" m_c="0.000000" m_d="1.000000" m_tx="0.000000" m_ty="0.000000"/>
  </frame>
  <frame idx="200" w="449" h="449" x="-7.960007" y="-7.959991">
   <element name="images" layername="zxhydrangea" frame="0" z_index="1" m_a="1.000000" m_b="0.000000" m_c="0.000000" m_d="1.000000" m_tx="0.000000" m_ty="0.000000"/>
  </frame>
  <frame idx="225" w="449" h="449" x="-7.960007" y="-7.959991">
   <element name="images" layername="zxhydrangea" frame="0" z_index="1" m_a="1.000000" m_b="0.000000" m_c="0.000000" m_d="1.000000" m_tx="0.000000" m_ty="0.000000"/>
  </frame>
  <frame idx="250" w="449" h="449" x="-7.960007" y="-7.959991">
   <element name="images" layername="zxhydrangea" frame="0" z_index="1" m_a="1.000000" m_b="0.000000" m_c="0.000000" m_d="1.000000" m_tx="0.000000" m_ty="0.000000"/>
  </frame>
  <frame idx="275" w="449" h="449" x="-7.960007" y="-7.959991">
   <element name="images" layername="zxhydrangea" frame="0" z_index="1" m_a="1.000000" m_b="0.000000" m_c="0.000000" m_d="1.000000" m_tx="0.000000" m_ty="0.000000"/>
  </frame>
 </anim>
</Anims>
