<Anims>
 <anim name="empty" root="zxboxstone1" numframes="1000" framerate="40">
  <frame idx="0" w="550" h="770" x="0.000000" y="-200.000000">
   <element name="images" layername="body" frame="0" z_index="5" m_a="1.000000" m_b="0.000000" m_c="0.000000" m_d="1.000000" m_tx="0.000000" m_ty="0.000000"/>
  </frame>
  <frame idx="25" w="550" h="770" x="0.000000" y="-200.000000">
   <element name="images" layername="body" frame="0" z_index="5" m_a="1.000000" m_b="0.000000" m_c="0.000000" m_d="1.000000" m_tx="0.000000" m_ty="0.000000"/>
  </frame>
  <frame idx="50" w="550" h="770" x="0.000000" y="-200.000000">
   <element name="images" layername="body" frame="0" z_index="5" m_a="1.000000" m_b="0.000000" m_c="0.000000" m_d="1.000000" m_tx="0.000000" m_ty="0.000000"/>
  </frame>
  <frame idx="75" w="550" h="770" x="0.000000" y="-200.000000">
   <element name="images" layername="body" frame="0" z_index="5" m_a="1.000000" m_b="0.000000" m_c="0.000000" m_d="1.000000" m_tx="0.000000" m_ty="0.000000"/>
  </frame>
  <frame idx="100" w="550" h="770" x="0.000000" y="-200.000000">
   <element name="images" layername="body" frame="0" z_index="5" m_a="1.000000" m_b="0.000000" m_c="0.000000" m_d="1.000000" m_tx="0.000000" m_ty="0.000000"/>
  </frame>
  <frame idx="125" w="550" h="770" x="0.000000" y="-200.000000">
   <element name="images" layername="body" frame="0" z_index="5" m_a="1.000000" m_b="0.000000" m_c="0.000000" m_d="1.000000" m_tx="0.000000" m_ty="0.000000"/>
  </frame>
  <frame idx="150" w="550" h="770" x="0.000000" y="-200.000000">
   <element name="images" layername="body" frame="0" z_index="5" m_a="1.000000" m_b="0.000000" m_c="0.000000" m_d="1.000000" m_tx="0.000000" m_ty="0.000000"/>
  </frame>
  <frame idx="175" w="550" h="770" x="0.000000" y="-200.000000">
   <element name="images" layername="body" frame="0" z_index="5" m_a="1.000000" m_b="0.000000" m_c="0.000000" m_d="1.000000" m_tx="0.000000" m_ty="0.000000"/>
  </frame>
  <frame idx="200" w="550" h="770" x="0.000000" y="-200.000000">
   <element name="images" layername="body" frame="0" z_index="5" m_a="1.000000" m_b="0.000000" m_c="0.000000" m_d="1.000000" m_tx="0.000000" m_ty="0.000000"/>
  </frame>
  <frame idx="225" w="550" h="770" x="0.000000" y="-200.000000">
   <element name="images" layername="body" frame="0" z_index="5" m_a="1.000000" m_b="0.000000" m_c="0.000000" m_d="1.000000" m_tx="0.000000" m_ty="0.000000"/>
  </frame>
  <frame idx="250" w="550" h="770" x="0.000000" y="-200.000000">
   <element name="images" layername="body" frame="0" z_index="5" m_a="1.000000" m_b="0.000000" m_c="0.000000" m_d="1.000000" m_tx="0.000000" m_ty="0.000000"/>
  </frame>
  <frame idx="275" w="550" h="770" x="0.000000" y="-200.000000">
   <element name="images" layername="body" frame="0" z_index="5" m_a="1.000000" m_b="0.000000" m_c="0.000000" m_d="1.000000" m_tx="0.000000" m_ty="0.000000"/>
  </frame>
  <frame idx="300" w="550" h="770" x="0.000000" y="-200.000000">
   <element name="images" layername="body" frame="0" z_index="5" m_a="1.000000" m_b="0.000000" m_c="0.000000" m_d="1.000000" m_tx="0.000000" m_ty="0.000000"/>
  </frame>
  <frame idx="325" w="550" h="770" x="0.000000" y="-200.000000">
   <element name="images" layername="body" frame="0" z_index="5" m_a="1.000000" m_b="0.000000" m_c="0.000000" m_d="1.000000" m_tx="0.000000" m_ty="0.000000"/>
  </frame>
  <frame idx="350" w="550" h="770" x="0.000000" y="-200.000000">
   <element name="images" layername="body" frame="0" z_index="5" m_a="1.000000" m_b="0.000000" m_c="0.000000" m_d="1.000000" m_tx="0.000000" m_ty="0.000000"/>
  </frame>
  <frame idx="375" w="550" h="770" x="0.000000" y="-200.000000">
   <element name="images" layername="body" frame="0" z_index="5" m_a="1.000000" m_b="0.000000" m_c="0.000000" m_d="1.000000" m_tx="0.000000" m_ty="0.000000"/>
  </frame>
  <frame idx="400" w="550" h="770" x="0.000000" y="-200.000000">
   <element name="images" layername="body" frame="0" z_index="5" m_a="1.000000" m_b="0.000000" m_c="0.000000" m_d="1.000000" m_tx="0.000000" m_ty="0.000000"/>
  </frame>
  <frame idx="425" w="550" h="770" x="0.000000" y="-200.000000">
   <element name="images" layername="body" frame="0" z_index="5" m_a="1.000000" m_b="0.000000" m_c="0.000000" m_d="1.000000" m_tx="0.000000" m_ty="0.000000"/>
  </frame>
  <frame idx="450" w="550" h="770" x="0.000000" y="-200.000000">
   <element name="images" layername="body" frame="0" z_index="5" m_a="1.000000" m_b="0.000000" m_c="0.000000" m_d="1.000000" m_tx="0.000000" m_ty="0.000000"/>
  </frame>
  <frame idx="475" w="550" h="770" x="0.000000" y="-200.000000">
   <element name="images" layername="body" frame="0" z_index="5" m_a="1.000000" m_b="0.000000" m_c="0.000000" m_d="1.000000" m_tx="0.000000" m_ty="0.000000"/>
  </frame>
  <frame idx="500" w="550" h="770" x="0.000000" y="-200.000000">
   <element name="images" layername="body" frame="0" z_index="5" m_a="1.000000" m_b="0.000000" m_c="0.000000" m_d="1.000000" m_tx="0.000000" m_ty="0.000000"/>
  </frame>
  <frame idx="525" w="550" h="770" x="0.000000" y="-200.000000">
   <element name="images" layername="body" frame="0" z_index="5" m_a="1.000000" m_b="0.000000" m_c="0.000000" m_d="1.000000" m_tx="0.000000" m_ty="0.000000"/>
  </frame>
  <frame idx="550" w="550" h="770" x="0.000000" y="-200.000000">
   <element name="images" layername="body" frame="0" z_index="5" m_a="1.000000" m_b="0.000000" m_c="0.000000" m_d="1.000000" m_tx="0.000000" m_ty="0.000000"/>
  </frame>
  <frame idx="575" w="550" h="770" x="0.000000" y="-200.000000">
   <element name="images" layername="body" frame="0" z_index="5" m_a="1.000000" m_b="0.000000" m_c="0.000000" m_d="1.000000" m_tx="0.000000" m_ty="0.000000"/>
  </frame>
  <frame idx="600" w="550" h="770" x="0.000000" y="-200.000000">
   <element name="images" layername="body" frame="0" z_index="5" m_a="1.000000" m_b="0.000000" m_c="0.000000" m_d="1.000000" m_tx="0.000000" m_ty="0.000000"/>
  </frame>
  <frame idx="625" w="550" h="770" x="0.000000" y="-200.000000">
   <element name="images" layername="body" frame="0" z_index="5" m_a="1.000000" m_b="0.000000" m_c="0.000000" m_d="1.000000" m_tx="0.000000" m_ty="0.000000"/>
  </frame>
  <frame idx="650" w="550" h="770" x="0.000000" y="-200.000000">
   <element name="images" layername="body" frame="0" z_index="5" m_a="1.000000" m_b="0.000000" m_c="0.000000" m_d="1.000000" m_tx="0.000000" m_ty="0.000000"/>
  </frame>
  <frame idx="675" w="550" h="770" x="0.000000" y="-200.000000">
   <element name="images" layername="body" frame="0" z_index="5" m_a="1.000000" m_b="0.000000" m_c="0.000000" m_d="1.000000" m_tx="0.000000" m_ty="0.000000"/>
  </frame>
  <frame idx="700" w="550" h="770" x="0.000000" y="-200.000000">
   <element name="images" layername="body" frame="0" z_index="5" m_a="1.000000" m_b="0.000000" m_c="0.000000" m_d="1.000000" m_tx="0.000000" m_ty="0.000000"/>
  </frame>
  <frame idx="725" w="550" h="770" x="0.000000" y="-200.000000">
   <element name="images" layername="body" frame="0" z_index="5" m_a="1.000000" m_b="0.000000" m_c="0.000000" m_d="1.000000" m_tx="0.000000" m_ty="0.000000"/>
  </frame>
  <frame idx="750" w="550" h="770" x="0.000000" y="-200.000000">
   <element name="images" layername="body" frame="0" z_index="5" m_a="1.000000" m_b="0.000000" m_c="0.000000" m_d="1.000000" m_tx="0.000000" m_ty="0.000000"/>
  </frame>
  <frame idx="775" w="550" h="770" x="0.000000" y="-200.000000">
   <element name="images" layername="body" frame="0" z_index="5" m_a="1.000000" m_b="0.000000" m_c="0.000000" m_d="1.000000" m_tx="0.000000" m_ty="0.000000"/>
  </frame>
  <frame idx="800" w="550" h="770" x="0.000000" y="-200.000000">
   <element name="images" layername="body" frame="0" z_index="5" m_a="1.000000" m_b="0.000000" m_c="0.000000" m_d="1.000000" m_tx="0.000000" m_ty="0.000000"/>
  </frame>
  <frame idx="825" w="550" h="770" x="0.000000" y="-200.000000">
   <element name="images" layername="body" frame="0" z_index="5" m_a="1.000000" m_b="0.000000" m_c="0.000000" m_d="1.000000" m_tx="0.000000" m_ty="0.000000"/>
  </frame>
  <frame idx="850" w="550" h="770" x="0.000000" y="-200.000000">
   <element name="images" layername="body" frame="0" z_index="5" m_a="1.000000" m_b="0.000000" m_c="0.000000" m_d="1.000000" m_tx="0.000000" m_ty="0.000000"/>
  </frame>
  <frame idx="875" w="550" h="770" x="0.000000" y="-200.000000">
   <element name="images" layername="body" frame="0" z_index="5" m_a="1.000000" m_b="0.000000" m_c="0.000000" m_d="1.000000" m_tx="0.000000" m_ty="0.000000"/>
  </frame>
  <frame idx="900" w="550" h="770" x="0.000000" y="-200.000000">
   <element name="images" layername="body" frame="0" z_index="5" m_a="1.000000" m_b="0.000000" m_c="0.000000" m_d="1.000000" m_tx="0.000000" m_ty="0.000000"/>
  </frame>
  <frame idx="925" w="550" h="770" x="0.000000" y="-200.000000">
   <element name="images" layername="body" frame="0" z_index="5" m_a="1.000000" m_b="0.000000" m_c="0.000000" m_d="1.000000" m_tx="0.000000" m_ty="0.000000"/>
  </frame>
  <frame idx="950" w="550" h="770" x="0.000000" y="-200.000000">
   <element name="images" layername="body" frame="0" z_index="5" m_a="1.000000" m_b="0.000000" m_c="0.000000" m_d="1.000000" m_tx="0.000000" m_ty="0.000000"/>
  </frame>
  <frame idx="975" w="550" h="770" x="0.000000" y="-200.000000">
   <element name="images" layername="body" frame="0" z_index="5" m_a="1.000000" m_b="0.000000" m_c="0.000000" m_d="1.000000" m_tx="0.000000" m_ty="0.000000"/>
  </frame>
 </anim>
 <anim name="half" root="zxboxstone1" numframes="1000" framerate="40">
  <frame idx="0" w="550" h="770" x="0.000000" y="-200.000000">
   <element name="images" layername="body" frame="0" z_index="5" m_a="1.000000" m_b="0.000000" m_c="0.000000" m_d="1.000000" m_tx="0.000000" m_ty="0.000000"/>
  </frame>
  <frame idx="25" w="550" h="770" x="0.000000" y="-200.000000">
   <element name="images" layername="body" frame="0" z_index="5" m_a="1.000000" m_b="0.000000" m_c="0.000000" m_d="1.000000" m_tx="0.000000" m_ty="0.000000"/>
  </frame>
  <frame idx="50" w="550" h="770" x="0.000000" y="-200.000000">
   <element name="images" layername="body" frame="0" z_index="5" m_a="1.000000" m_b="0.000000" m_c="0.000000" m_d="1.000000" m_tx="0.000000" m_ty="0.000000"/>
  </frame>
  <frame idx="75" w="550" h="770" x="0.000000" y="-200.000000">
   <element name="images" layername="body" frame="0" z_index="5" m_a="1.000000" m_b="0.000000" m_c="0.000000" m_d="1.000000" m_tx="0.000000" m_ty="0.000000"/>
  </frame>
  <frame idx="100" w="550" h="770" x="0.000000" y="-200.000000">
   <element name="images" layername="body" frame="0" z_index="5" m_a="1.000000" m_b="0.000000" m_c="0.000000" m_d="1.000000" m_tx="0.000000" m_ty="0.000000"/>
  </frame>
  <frame idx="125" w="550" h="770" x="0.000000" y="-200.000000">
   <element name="images" layername="body" frame="0" z_index="5" m_a="1.000000" m_b="0.000000" m_c="0.000000" m_d="1.000000" m_tx="0.000000" m_ty="0.000000"/>
  </frame>
  <frame idx="150" w="550" h="770" x="0.000000" y="-200.000000">
   <element name="images" layername="body" frame="0" z_index="5" m_a="1.000000" m_b="0.000000" m_c="0.000000" m_d="1.000000" m_tx="0.000000" m_ty="0.000000"/>
  </frame>
  <frame idx="175" w="550" h="770" x="0.000000" y="-200.000000">
   <element name="images" layername="body" frame="0" z_index="5" m_a="1.000000" m_b="0.000000" m_c="0.000000" m_d="1.000000" m_tx="0.000000" m_ty="0.000000"/>
  </frame>
  <frame idx="200" w="550" h="770" x="0.000000" y="-200.000000">
   <element name="images" layername="body" frame="0" z_index="5" m_a="1.000000" m_b="0.000000" m_c="0.000000" m_d="1.000000" m_tx="0.000000" m_ty="0.000000"/>
  </frame>
  <frame idx="225" w="550" h="770" x="0.000000" y="-200.000000">
   <element name="images" layername="body" frame="0" z_index="5" m_a="1.000000" m_b="0.000000" m_c="0.000000" m_d="1.000000" m_tx="0.000000" m_ty="0.000000"/>
  </frame>
  <frame idx="250" w="550" h="770" x="0.000000" y="-200.000000">
   <element name="images" layername="body" frame="0" z_index="5" m_a="1.000000" m_b="0.000000" m_c="0.000000" m_d="1.000000" m_tx="0.000000" m_ty="0.000000"/>
  </frame>
  <frame idx="275" w="550" h="770" x="0.000000" y="-200.000000">
   <element name="images" layername="body" frame="0" z_index="5" m_a="1.000000" m_b="0.000000" m_c="0.000000" m_d="1.000000" m_tx="0.000000" m_ty="0.000000"/>
  </frame>
  <frame idx="300" w="550" h="770" x="0.000000" y="-200.000000">
   <element name="images" layername="body" frame="0" z_index="5" m_a="1.000000" m_b="0.000000" m_c="0.000000" m_d="1.000000" m_tx="0.000000" m_ty="0.000000"/>
  </frame>
  <frame idx="325" w="550" h="770" x="0.000000" y="-200.000000">
   <element name="images" layername="body" frame="0" z_index="5" m_a="1.000000" m_b="0.000000" m_c="0.000000" m_d="1.000000" m_tx="0.000000" m_ty="0.000000"/>
  </frame>
  <frame idx="350" w="550" h="770" x="0.000000" y="-200.000000">
   <element name="images" layername="body" frame="0" z_index="5" m_a="1.000000" m_b="0.000000" m_c="0.000000" m_d="1.000000" m_tx="0.000000" m_ty="0.000000"/>
  </frame>
  <frame idx="375" w="550" h="770" x="0.000000" y="-200.000000">
   <element name="images" layername="body" frame="0" z_index="5" m_a="1.000000" m_b="0.000000" m_c="0.000000" m_d="1.000000" m_tx="0.000000" m_ty="0.000000"/>
  </frame>
  <frame idx="400" w="550" h="770" x="0.000000" y="-200.000000">
   <element name="images" layername="body" frame="0" z_index="5" m_a="1.000000" m_b="0.000000" m_c="0.000000" m_d="1.000000" m_tx="0.000000" m_ty="0.000000"/>
  </frame>
  <frame idx="425" w="550" h="770" x="0.000000" y="-200.000000">
   <element name="images" layername="body" frame="0" z_index="5" m_a="1.000000" m_b="0.000000" m_c="0.000000" m_d="1.000000" m_tx="0.000000" m_ty="0.000000"/>
  </frame>
  <frame idx="450" w="550" h="770" x="0.000000" y="-200.000000">
   <element name="images" layername="body" frame="0" z_index="5" m_a="1.000000" m_b="0.000000" m_c="0.000000" m_d="1.000000" m_tx="0.000000" m_ty="0.000000"/>
  </frame>
  <frame idx="475" w="550" h="770" x="0.000000" y="-200.000000">
   <element name="images" layername="body" frame="0" z_index="5" m_a="1.000000" m_b="0.000000" m_c="0.000000" m_d="1.000000" m_tx="0.000000" m_ty="0.000000"/>
  </frame>
  <frame idx="500" w="550" h="770" x="0.000000" y="-200.000000">
   <element name="images" layername="body" frame="0" z_index="5" m_a="1.000000" m_b="0.000000" m_c="0.000000" m_d="1.000000" m_tx="0.000000" m_ty="0.000000"/>
  </frame>
  <frame idx="525" w="550" h="770" x="0.000000" y="-200.000000">
   <element name="images" layername="body" frame="0" z_index="5" m_a="1.000000" m_b="0.000000" m_c="0.000000" m_d="1.000000" m_tx="0.000000" m_ty="0.000000"/>
  </frame>
  <frame idx="550" w="550" h="770" x="0.000000" y="-200.000000">
   <element name="images" layername="body" frame="0" z_index="5" m_a="1.000000" m_b="0.000000" m_c="0.000000" m_d="1.000000" m_tx="0.000000" m_ty="0.000000"/>
  </frame>
  <frame idx="575" w="550" h="770" x="0.000000" y="-200.000000">
   <element name="images" layername="body" frame="0" z_index="5" m_a="1.000000" m_b="0.000000" m_c="0.000000" m_d="1.000000" m_tx="0.000000" m_ty="0.000000"/>
  </frame>
  <frame idx="600" w="550" h="770" x="0.000000" y="-200.000000">
   <element name="images" layername="body" frame="0" z_index="5" m_a="1.000000" m_b="0.000000" m_c="0.000000" m_d="1.000000" m_tx="0.000000" m_ty="0.000000"/>
  </frame>
  <frame idx="625" w="550" h="770" x="0.000000" y="-200.000000">
   <element name="images" layername="body" frame="0" z_index="5" m_a="1.000000" m_b="0.000000" m_c="0.000000" m_d="1.000000" m_tx="0.000000" m_ty="0.000000"/>
  </frame>
  <frame idx="650" w="550" h="770" x="0.000000" y="-200.000000">
   <element name="images" layername="body" frame="0" z_index="5" m_a="1.000000" m_b="0.000000" m_c="0.000000" m_d="1.000000" m_tx="0.000000" m_ty="0.000000"/>
  </frame>
  <frame idx="675" w="550" h="770" x="0.000000" y="-200.000000">
   <element name="images" layername="body" frame="0" z_index="5" m_a="1.000000" m_b="0.000000" m_c="0.000000" m_d="1.000000" m_tx="0.000000" m_ty="0.000000"/>
  </frame>
  <frame idx="700" w="550" h="770" x="0.000000" y="-200.000000">
   <element name="images" layername="body" frame="0" z_index="5" m_a="1.000000" m_b="0.000000" m_c="0.000000" m_d="1.000000" m_tx="0.000000" m_ty="0.000000"/>
  </frame>
  <frame idx="725" w="550" h="770" x="0.000000" y="-200.000000">
   <element name="images" layername="body" frame="0" z_index="5" m_a="1.000000" m_b="0.000000" m_c="0.000000" m_d="1.000000" m_tx="0.000000" m_ty="0.000000"/>
  </frame>
  <frame idx="750" w="550" h="770" x="0.000000" y="-200.000000">
   <element name="images" layername="body" frame="0" z_index="5" m_a="1.000000" m_b="0.000000" m_c="0.000000" m_d="1.000000" m_tx="0.000000" m_ty="0.000000"/>
  </frame>
  <frame idx="775" w="550" h="770" x="0.000000" y="-200.000000">
   <element name="images" layername="body" frame="0" z_index="5" m_a="1.000000" m_b="0.000000" m_c="0.000000" m_d="1.000000" m_tx="0.000000" m_ty="0.000000"/>
  </frame>
  <frame idx="800" w="550" h="770" x="0.000000" y="-200.000000">
   <element name="images" layername="body" frame="0" z_index="5" m_a="1.000000" m_b="0.000000" m_c="0.000000" m_d="1.000000" m_tx="0.000000" m_ty="0.000000"/>
  </frame>
  <frame idx="825" w="550" h="770" x="0.000000" y="-200.000000">
   <element name="images" layername="body" frame="0" z_index="5" m_a="1.000000" m_b="0.000000" m_c="0.000000" m_d="1.000000" m_tx="0.000000" m_ty="0.000000"/>
  </frame>
  <frame idx="850" w="550" h="770" x="0.000000" y="-200.000000">
   <element name="images" layername="body" frame="0" z_index="5" m_a="1.000000" m_b="0.000000" m_c="0.000000" m_d="1.000000" m_tx="0.000000" m_ty="0.000000"/>
  </frame>
  <frame idx="875" w="550" h="770" x="0.000000" y="-200.000000">
   <element name="images" layername="body" frame="0" z_index="5" m_a="1.000000" m_b="0.000000" m_c="0.000000" m_d="1.000000" m_tx="0.000000" m_ty="0.000000"/>
  </frame>
  <frame idx="900" w="550" h="770" x="0.000000" y="-200.000000">
   <element name="images" layername="body" frame="0" z_index="5" m_a="1.000000" m_b="0.000000" m_c="0.000000" m_d="1.000000" m_tx="0.000000" m_ty="0.000000"/>
  </frame>
  <frame idx="925" w="550" h="770" x="0.000000" y="-200.000000">
   <element name="images" layername="body" frame="0" z_index="5" m_a="1.000000" m_b="0.000000" m_c="0.000000" m_d="1.000000" m_tx="0.000000" m_ty="0.000000"/>
  </frame>
  <frame idx="950" w="550" h="770" x="0.000000" y="-200.000000">
   <element name="images" layername="body" frame="0" z_index="5" m_a="1.000000" m_b="0.000000" m_c="0.000000" m_d="1.000000" m_tx="0.000000" m_ty="0.000000"/>
  </frame>
  <frame idx="975" w="550" h="770" x="0.000000" y="-200.000000">
   <element name="images" layername="body" frame="0" z_index="5" m_a="1.000000" m_b="0.000000" m_c="0.000000" m_d="1.000000" m_tx="0.000000" m_ty="0.000000"/>
  </frame>
 </anim>
 <anim name="onhit" root="zxboxstone1" numframes="400" framerate="40">
  <frame idx="0" w="550" h="770" x="0.000000" y="-200.000000">
   <element name="images" layername="body" frame="0" z_index="5" m_a="1.000000" m_b="0.000000" m_c="0.000000" m_d="1.000000" m_tx="0.000000" m_ty="0.000000"/>
  </frame>
  <frame idx="25" w="556" h="790" x="4.160110" y="-209.038193">
   <element name="images" layername="body" frame="0" z_index="5" m_a="0.999859" m_b="-0.016781" m_c="0.016781" m_d="0.999859" m_tx="0.000000" m_ty="-4.807693"/>
  </frame>
  <frame idx="50" w="560" h="809" x="8.248627" y="-218.145630">
   <element name="images" layername="body" frame="0" z_index="5" m_a="0.999437" m_b="-0.033558" m_c="0.033558" m_d="0.999437" m_tx="0.000000" m_ty="-9.615385"/>
  </frame>
  <frame idx="75" w="565" h="828" x="12.264404" y="-227.321045">
   <element name="images" layername="body" frame="0" z_index="5" m_a="0.998733" m_b="-0.050325" m_c="0.050325" m_d="0.998733" m_tx="0.000000" m_ty="-14.423077"/>
  </frame>
  <frame idx="100" w="569" h="846" x="16.206360" y="-236.563232">
   <element name="images" layername="body" frame="0" z_index="5" m_a="0.997748" m_b="-0.067078" m_c="0.067078" m_d="0.997748" m_tx="0.000000" m_ty="-19.230770"/>
  </frame>
  <frame idx="125" w="574" h="866" x="20.073303" y="-245.870972">
   <element name="images" layername="body" frame="0" z_index="5" m_a="0.996482" m_b="-0.083812" m_c="0.083812" m_d="0.996482" m_tx="0.000000" m_ty="-24.038462"/>
  </frame>
  <frame idx="150" w="568" h="850" x="15.327271" y="-241.330475">
   <element name="images" layername="body" frame="0" z_index="5" m_a="0.997994" m_b="-0.063315" m_c="0.063315" m_d="0.997994" m_tx="0.000000" m_ty="-25.000000"/>
  </frame>
  <frame idx="175" w="560" h="825" x="8.226410" y="-233.506500">
   <element name="images" layername="body" frame="0" z_index="5" m_a="0.999440" m_b="-0.033466" m_c="0.033466" m_d="0.999440" m_tx="0.000000" m_ty="-25.000000"/>
  </frame>
  <frame idx="200" w="552" h="801" x="0.894958" y="-225.898178">
   <element name="images" layername="body" frame="0" z_index="5" m_a="0.999994" m_b="-0.003586" m_c="0.003586" m_d="0.999994" m_tx="0.000000" m_ty="-25.000000"/>
  </frame>
  <frame idx="225" w="572" h="806" x="-6.660553" y="-218.512329">
   <element name="images" layername="body" frame="0" z_index="5" m_a="0.999654" m_b="0.026296" m_c="-0.026296" m_d="0.999654" m_tx="0.000000" m_ty="-25.000000"/>
  </frame>
  <frame idx="250" w="597" h="813" x="-14.433441" y="-211.355591">
   <element name="images" layername="body" frame="0" z_index="5" m_a="0.998422" m_b="0.056156" m_c="-0.056156" m_d="0.998422" m_tx="0.000000" m_ty="-25.000000"/>
  </frame>
  <frame idx="275" w="621" h="821" x="-22.416656" y="-204.434235">
   <element name="images" layername="body" frame="0" z_index="5" m_a="0.996298" m_b="0.085965" m_c="-0.085965" m_d="0.996298" m_tx="0.000000" m_ty="-25.000000"/>
  </frame>
  <frame idx="300" w="609" h="812" x="-18.198364" y="-203.200592">
   <element name="images" layername="body" frame="0" z_index="5" m_a="0.997525" m_b="0.070318" m_c="-0.070318" m_d="0.997525" m_tx="0.000000" m_ty="-20.161291"/>
  </frame>
  <frame idx="325" w="594" h="801" x="-13.537628" y="-202.279663">
   <element name="images" layername="body" frame="0" z_index="5" m_a="0.998607" m_b="0.052758" m_c="-0.052758" m_d="0.998607" m_tx="0.000000" m_ty="-15.120968"/>
  </frame>
  <frame idx="350" w="580" h="791" x="-8.949951" y="-201.440216">
   <element name="images" layername="body" frame="0" z_index="5" m_a="0.999381" m_b="0.035181" m_c="-0.035181" m_d="0.999381" m_tx="0.000000" m_ty="-10.080645"/>
  </frame>
  <frame idx="375" w="566" h="781" x="-4.436890" y="-200.680817">
   <element name="images" layername="body" frame="0" z_index="5" m_a="0.999845" m_b="0.017593" m_c="-0.017593" m_d="0.999845" m_tx="0.000000" m_ty="-5.040321"/>
  </frame>
 </anim>
 <anim name="full" root="zxboxstone1" numframes="1000" framerate="40">
  <frame idx="0" w="550" h="770" x="0.000000" y="-200.000000">
   <element name="images" layername="body" frame="0" z_index="5" m_a="1.000000" m_b="0.000000" m_c="0.000000" m_d="1.000000" m_tx="0.000000" m_ty="0.000000"/>
  </frame>
  <frame idx="25" w="550" h="770" x="0.000000" y="-200.000000">
   <element name="images" layername="body" frame="0" z_index="5" m_a="1.000000" m_b="0.000000" m_c="0.000000" m_d="1.000000" m_tx="0.000000" m_ty="0.000000"/>
  </frame>
  <frame idx="50" w="550" h="770" x="0.000000" y="-200.000000">
   <element name="images" layername="body" frame="0" z_index="5" m_a="1.000000" m_b="0.000000" m_c="0.000000" m_d="1.000000" m_tx="0.000000" m_ty="0.000000"/>
  </frame>
  <frame idx="75" w="550" h="770" x="0.000000" y="-200.000000">
   <element name="images" layername="body" frame="0" z_index="5" m_a="1.000000" m_b="0.000000" m_c="0.000000" m_d="1.000000" m_tx="0.000000" m_ty="0.000000"/>
  </frame>
  <frame idx="100" w="550" h="770" x="0.000000" y="-200.000000">
   <element name="images" layername="body" frame="0" z_index="5" m_a="1.000000" m_b="0.000000" m_c="0.000000" m_d="1.000000" m_tx="0.000000" m_ty="0.000000"/>
  </frame>
  <frame idx="125" w="550" h="770" x="0.000000" y="-200.000000">
   <element name="images" layername="body" frame="0" z_index="5" m_a="1.000000" m_b="0.000000" m_c="0.000000" m_d="1.000000" m_tx="0.000000" m_ty="0.000000"/>
  </frame>
  <frame idx="150" w="550" h="770" x="0.000000" y="-200.000000">
   <element name="images" layername="body" frame="0" z_index="5" m_a="1.000000" m_b="0.000000" m_c="0.000000" m_d="1.000000" m_tx="0.000000" m_ty="0.000000"/>
  </frame>
  <frame idx="175" w="550" h="770" x="0.000000" y="-200.000000">
   <element name="images" layername="body" frame="0" z_index="5" m_a="1.000000" m_b="0.000000" m_c="0.000000" m_d="1.000000" m_tx="0.000000" m_ty="0.000000"/>
  </frame>
  <frame idx="200" w="550" h="770" x="0.000000" y="-200.000000">
   <element name="images" layername="body" frame="0" z_index="5" m_a="1.000000" m_b="0.000000" m_c="0.000000" m_d="1.000000" m_tx="0.000000" m_ty="0.000000"/>
  </frame>
  <frame idx="225" w="550" h="770" x="0.000000" y="-200.000000">
   <element name="images" layername="body" frame="0" z_index="5" m_a="1.000000" m_b="0.000000" m_c="0.000000" m_d="1.000000" m_tx="0.000000" m_ty="0.000000"/>
  </frame>
  <frame idx="250" w="550" h="770" x="0.000000" y="-200.000000">
   <element name="images" layername="body" frame="0" z_index="5" m_a="1.000000" m_b="0.000000" m_c="0.000000" m_d="1.000000" m_tx="0.000000" m_ty="0.000000"/>
  </frame>
  <frame idx="275" w="550" h="770" x="0.000000" y="-200.000000">
   <element name="images" layername="body" frame="0" z_index="5" m_a="1.000000" m_b="0.000000" m_c="0.000000" m_d="1.000000" m_tx="0.000000" m_ty="0.000000"/>
  </frame>
  <frame idx="300" w="550" h="770" x="0.000000" y="-200.000000">
   <element name="images" layername="body" frame="0" z_index="5" m_a="1.000000" m_b="0.000000" m_c="0.000000" m_d="1.000000" m_tx="0.000000" m_ty="0.000000"/>
  </frame>
  <frame idx="325" w="550" h="770" x="0.000000" y="-200.000000">
   <element name="images" layername="body" frame="0" z_index="5" m_a="1.000000" m_b="0.000000" m_c="0.000000" m_d="1.000000" m_tx="0.000000" m_ty="0.000000"/>
  </frame>
  <frame idx="350" w="550" h="770" x="0.000000" y="-200.000000">
   <element name="images" layername="body" frame="0" z_index="5" m_a="1.000000" m_b="0.000000" m_c="0.000000" m_d="1.000000" m_tx="0.000000" m_ty="0.000000"/>
  </frame>
  <frame idx="375" w="550" h="770" x="0.000000" y="-200.000000">
   <element name="images" layername="body" frame="0" z_index="5" m_a="1.000000" m_b="0.000000" m_c="0.000000" m_d="1.000000" m_tx="0.000000" m_ty="0.000000"/>
  </frame>
  <frame idx="400" w="550" h="770" x="0.000000" y="-200.000000">
   <element name="images" layername="body" frame="0" z_index="5" m_a="1.000000" m_b="0.000000" m_c="0.000000" m_d="1.000000" m_tx="0.000000" m_ty="0.000000"/>
  </frame>
  <frame idx="425" w="550" h="770" x="0.000000" y="-200.000000">
   <element name="images" layername="body" frame="0" z_index="5" m_a="1.000000" m_b="0.000000" m_c="0.000000" m_d="1.000000" m_tx="0.000000" m_ty="0.000000"/>
  </frame>
  <frame idx="450" w="550" h="770" x="0.000000" y="-200.000000">
   <element name="images" layername="body" frame="0" z_index="5" m_a="1.000000" m_b="0.000000" m_c="0.000000" m_d="1.000000" m_tx="0.000000" m_ty="0.000000"/>
  </frame>
  <frame idx="475" w="550" h="770" x="0.000000" y="-200.000000">
   <element name="images" layername="body" frame="0" z_index="5" m_a="1.000000" m_b="0.000000" m_c="0.000000" m_d="1.000000" m_tx="0.000000" m_ty="0.000000"/>
  </frame>
  <frame idx="500" w="550" h="770" x="0.000000" y="-200.000000">
   <element name="images" layername="body" frame="0" z_index="5" m_a="1.000000" m_b="0.000000" m_c="0.000000" m_d="1.000000" m_tx="0.000000" m_ty="0.000000"/>
  </frame>
  <frame idx="525" w="550" h="770" x="0.000000" y="-200.000000">
   <element name="images" layername="body" frame="0" z_index="5" m_a="1.000000" m_b="0.000000" m_c="0.000000" m_d="1.000000" m_tx="0.000000" m_ty="0.000000"/>
  </frame>
  <frame idx="550" w="550" h="770" x="0.000000" y="-200.000000">
   <element name="images" layername="body" frame="0" z_index="5" m_a="1.000000" m_b="0.000000" m_c="0.000000" m_d="1.000000" m_tx="0.000000" m_ty="0.000000"/>
  </frame>
  <frame idx="575" w="550" h="770" x="0.000000" y="-200.000000">
   <element name="images" layername="body" frame="0" z_index="5" m_a="1.000000" m_b="0.000000" m_c="0.000000" m_d="1.000000" m_tx="0.000000" m_ty="0.000000"/>
  </frame>
  <frame idx="600" w="550" h="770" x="0.000000" y="-200.000000">
   <element name="images" layername="body" frame="0" z_index="5" m_a="1.000000" m_b="0.000000" m_c="0.000000" m_d="1.000000" m_tx="0.000000" m_ty="0.000000"/>
  </frame>
  <frame idx="625" w="550" h="770" x="0.000000" y="-200.000000">
   <element name="images" layername="body" frame="0" z_index="5" m_a="1.000000" m_b="0.000000" m_c="0.000000" m_d="1.000000" m_tx="0.000000" m_ty="0.000000"/>
  </frame>
  <frame idx="650" w="550" h="770" x="0.000000" y="-200.000000">
   <element name="images" layername="body" frame="0" z_index="5" m_a="1.000000" m_b="0.000000" m_c="0.000000" m_d="1.000000" m_tx="0.000000" m_ty="0.000000"/>
  </frame>
  <frame idx="675" w="550" h="770" x="0.000000" y="-200.000000">
   <element name="images" layername="body" frame="0" z_index="5" m_a="1.000000" m_b="0.000000" m_c="0.000000" m_d="1.000000" m_tx="0.000000" m_ty="0.000000"/>
  </frame>
  <frame idx="700" w="550" h="770" x="0.000000" y="-200.000000">
   <element name="images" layername="body" frame="0" z_index="5" m_a="1.000000" m_b="0.000000" m_c="0.000000" m_d="1.000000" m_tx="0.000000" m_ty="0.000000"/>
  </frame>
  <frame idx="725" w="550" h="770" x="0.000000" y="-200.000000">
   <element name="images" layername="body" frame="0" z_index="5" m_a="1.000000" m_b="0.000000" m_c="0.000000" m_d="1.000000" m_tx="0.000000" m_ty="0.000000"/>
  </frame>
  <frame idx="750" w="550" h="770" x="0.000000" y="-200.000000">
   <element name="images" layername="body" frame="0" z_index="5" m_a="1.000000" m_b="0.000000" m_c="0.000000" m_d="1.000000" m_tx="0.000000" m_ty="0.000000"/>
  </frame>
  <frame idx="775" w="550" h="770" x="0.000000" y="-200.000000">
   <element name="images" layername="body" frame="0" z_index="5" m_a="1.000000" m_b="0.000000" m_c="0.000000" m_d="1.000000" m_tx="0.000000" m_ty="0.000000"/>
  </frame>
  <frame idx="800" w="550" h="770" x="0.000000" y="-200.000000">
   <element name="images" layername="body" frame="0" z_index="5" m_a="1.000000" m_b="0.000000" m_c="0.000000" m_d="1.000000" m_tx="0.000000" m_ty="0.000000"/>
  </frame>
  <frame idx="825" w="550" h="770" x="0.000000" y="-200.000000">
   <element name="images" layername="body" frame="0" z_index="5" m_a="1.000000" m_b="0.000000" m_c="0.000000" m_d="1.000000" m_tx="0.000000" m_ty="0.000000"/>
  </frame>
  <frame idx="850" w="550" h="770" x="0.000000" y="-200.000000">
   <element name="images" layername="body" frame="0" z_index="5" m_a="1.000000" m_b="0.000000" m_c="0.000000" m_d="1.000000" m_tx="0.000000" m_ty="0.000000"/>
  </frame>
  <frame idx="875" w="550" h="770" x="0.000000" y="-200.000000">
   <element name="images" layername="body" frame="0" z_index="5" m_a="1.000000" m_b="0.000000" m_c="0.000000" m_d="1.000000" m_tx="0.000000" m_ty="0.000000"/>
  </frame>
  <frame idx="900" w="550" h="770" x="0.000000" y="-200.000000">
   <element name="images" layername="body" frame="0" z_index="5" m_a="1.000000" m_b="0.000000" m_c="0.000000" m_d="1.000000" m_tx="0.000000" m_ty="0.000000"/>
  </frame>
  <frame idx="925" w="550" h="770" x="0.000000" y="-200.000000">
   <element name="images" layername="body" frame="0" z_index="5" m_a="1.000000" m_b="0.000000" m_c="0.000000" m_d="1.000000" m_tx="0.000000" m_ty="0.000000"/>
  </frame>
  <frame idx="950" w="550" h="770" x="0.000000" y="-200.000000">
   <element name="images" layername="body" frame="0" z_index="5" m_a="1.000000" m_b="0.000000" m_c="0.000000" m_d="1.000000" m_tx="0.000000" m_ty="0.000000"/>
  </frame>
  <frame idx="975" w="550" h="770" x="0.000000" y="-200.000000">
   <element name="images" layername="body" frame="0" z_index="5" m_a="1.000000" m_b="0.000000" m_c="0.000000" m_d="1.000000" m_tx="0.000000" m_ty="0.000000"/>
  </frame>
 </anim>
 <anim name="onbuild" root="zxboxstone1" numframes="1000" framerate="40">
  <frame idx="0" w="550" h="770" x="0.000000" y="-200.000000">
   <element name="images" layername="body" frame="0" z_index="5" m_a="1.000000" m_b="0.000000" m_c="0.000000" m_d="1.000000" m_tx="0.000000" m_ty="0.000000"/>
  </frame>
  <frame idx="25" w="550" h="770" x="0.000000" y="-200.000000">
   <element name="images" layername="body" frame="0" z_index="5" m_a="1.000000" m_b="0.000000" m_c="0.000000" m_d="1.000000" m_tx="0.000000" m_ty="0.000000"/>
  </frame>
  <frame idx="50" w="550" h="770" x="0.000000" y="-200.000000">
   <element name="images" layername="body" frame="0" z_index="5" m_a="1.000000" m_b="0.000000" m_c="0.000000" m_d="1.000000" m_tx="0.000000" m_ty="0.000000"/>
  </frame>
  <frame idx="75" w="550" h="770" x="0.000000" y="-200.000000">
   <element name="images" layername="body" frame="0" z_index="5" m_a="1.000000" m_b="0.000000" m_c="0.000000" m_d="1.000000" m_tx="0.000000" m_ty="0.000000"/>
  </frame>
  <frame idx="100" w="550" h="770" x="0.000000" y="-200.000000">
   <element name="images" layername="body" frame="0" z_index="5" m_a="1.000000" m_b="0.000000" m_c="0.000000" m_d="1.000000" m_tx="0.000000" m_ty="0.000000"/>
  </frame>
  <frame idx="125" w="550" h="770" x="0.000000" y="-200.000000">
   <element name="images" layername="body" frame="0" z_index="5" m_a="1.000000" m_b="0.000000" m_c="0.000000" m_d="1.000000" m_tx="0.000000" m_ty="0.000000"/>
  </frame>
  <frame idx="150" w="550" h="770" x="0.000000" y="-200.000000">
   <element name="images" layername="body" frame="0" z_index="5" m_a="1.000000" m_b="0.000000" m_c="0.000000" m_d="1.000000" m_tx="0.000000" m_ty="0.000000"/>
  </frame>
  <frame idx="175" w="550" h="770" x="0.000000" y="-200.000000">
   <element name="images" layername="body" frame="0" z_index="5" m_a="1.000000" m_b="0.000000" m_c="0.000000" m_d="1.000000" m_tx="0.000000" m_ty="0.000000"/>
  </frame>
  <frame idx="200" w="550" h="770" x="0.000000" y="-200.000000">
   <element name="images" layername="body" frame="0" z_index="5" m_a="1.000000" m_b="0.000000" m_c="0.000000" m_d="1.000000" m_tx="0.000000" m_ty="0.000000"/>
  </frame>
  <frame idx="225" w="550" h="770" x="0.000000" y="-200.000000">
   <element name="images" layername="body" frame="0" z_index="5" m_a="1.000000" m_b="0.000000" m_c="0.000000" m_d="1.000000" m_tx="0.000000" m_ty="0.000000"/>
  </frame>
  <frame idx="250" w="550" h="770" x="0.000000" y="-200.000000">
   <element name="images" layername="body" frame="0" z_index="5" m_a="1.000000" m_b="0.000000" m_c="0.000000" m_d="1.000000" m_tx="0.000000" m_ty="0.000000"/>
  </frame>
  <frame idx="275" w="550" h="770" x="0.000000" y="-200.000000">
   <element name="images" layername="body" frame="0" z_index="5" m_a="1.000000" m_b="0.000000" m_c="0.000000" m_d="1.000000" m_tx="0.000000" m_ty="0.000000"/>
  </frame>
  <frame idx="300" w="550" h="770" x="0.000000" y="-200.000000">
   <element name="images" layername="body" frame="0" z_index="5" m_a="1.000000" m_b="0.000000" m_c="0.000000" m_d="1.000000" m_tx="0.000000" m_ty="0.000000"/>
  </frame>
  <frame idx="325" w="550" h="770" x="0.000000" y="-200.000000">
   <element name="images" layername="body" frame="0" z_index="5" m_a="1.000000" m_b="0.000000" m_c="0.000000" m_d="1.000000" m_tx="0.000000" m_ty="0.000000"/>
  </frame>
  <frame idx="350" w="550" h="770" x="0.000000" y="-200.000000">
   <element name="images" layername="body" frame="0" z_index="5" m_a="1.000000" m_b="0.000000" m_c="0.000000" m_d="1.000000" m_tx="0.000000" m_ty="0.000000"/>
  </frame>
  <frame idx="375" w="550" h="770" x="0.000000" y="-200.000000">
   <element name="images" layername="body" frame="0" z_index="5" m_a="1.000000" m_b="0.000000" m_c="0.000000" m_d="1.000000" m_tx="0.000000" m_ty="0.000000"/>
  </frame>
  <frame idx="400" w="550" h="770" x="0.000000" y="-200.000000">
   <element name="images" layername="body" frame="0" z_index="5" m_a="1.000000" m_b="0.000000" m_c="0.000000" m_d="1.000000" m_tx="0.000000" m_ty="0.000000"/>
  </frame>
  <frame idx="425" w="550" h="770" x="0.000000" y="-200.000000">
   <element name="images" layername="body" frame="0" z_index="5" m_a="1.000000" m_b="0.000000" m_c="0.000000" m_d="1.000000" m_tx="0.000000" m_ty="0.000000"/>
  </frame>
  <frame idx="450" w="550" h="770" x="0.000000" y="-200.000000">
   <element name="images" layername="body" frame="0" z_index="5" m_a="1.000000" m_b="0.000000" m_c="0.000000" m_d="1.000000" m_tx="0.000000" m_ty="0.000000"/>
  </frame>
  <frame idx="475" w="550" h="770" x="0.000000" y="-200.000000">
   <element name="images" layername="body" frame="0" z_index="5" m_a="1.000000" m_b="0.000000" m_c="0.000000" m_d="1.000000" m_tx="0.000000" m_ty="0.000000"/>
  </frame>
  <frame idx="500" w="550" h="770" x="0.000000" y="-200.000000">
   <element name="images" layername="body" frame="0" z_index="5" m_a="1.000000" m_b="0.000000" m_c="0.000000" m_d="1.000000" m_tx="0.000000" m_ty="0.000000"/>
  </frame>
  <frame idx="525" w="550" h="770" x="0.000000" y="-200.000000">
   <element name="images" layername="body" frame="0" z_index="5" m_a="1.000000" m_b="0.000000" m_c="0.000000" m_d="1.000000" m_tx="0.000000" m_ty="0.000000"/>
  </frame>
  <frame idx="550" w="550" h="770" x="0.000000" y="-200.000000">
   <element name="images" layername="body" frame="0" z_index="5" m_a="1.000000" m_b="0.000000" m_c="0.000000" m_d="1.000000" m_tx="0.000000" m_ty="0.000000"/>
  </frame>
  <frame idx="575" w="550" h="770" x="0.000000" y="-200.000000">
   <element name="images" layername="body" frame="0" z_index="5" m_a="1.000000" m_b="0.000000" m_c="0.000000" m_d="1.000000" m_tx="0.000000" m_ty="0.000000"/>
  </frame>
  <frame idx="600" w="550" h="770" x="0.000000" y="-200.000000">
   <element name="images" layername="body" frame="0" z_index="5" m_a="1.000000" m_b="0.000000" m_c="0.000000" m_d="1.000000" m_tx="0.000000" m_ty="0.000000"/>
  </frame>
  <frame idx="625" w="550" h="770" x="0.000000" y="-200.000000">
   <element name="images" layername="body" frame="0" z_index="5" m_a="1.000000" m_b="0.000000" m_c="0.000000" m_d="1.000000" m_tx="0.000000" m_ty="0.000000"/>
  </frame>
  <frame idx="650" w="550" h="770" x="0.000000" y="-200.000000">
   <element name="images" layername="body" frame="0" z_index="5" m_a="1.000000" m_b="0.000000" m_c="0.000000" m_d="1.000000" m_tx="0.000000" m_ty="0.000000"/>
  </frame>
  <frame idx="675" w="550" h="770" x="0.000000" y="-200.000000">
   <element name="images" layername="body" frame="0" z_index="5" m_a="1.000000" m_b="0.000000" m_c="0.000000" m_d="1.000000" m_tx="0.000000" m_ty="0.000000"/>
  </frame>
  <frame idx="700" w="550" h="770" x="0.000000" y="-200.000000">
   <element name="images" layername="body" frame="0" z_index="5" m_a="1.000000" m_b="0.000000" m_c="0.000000" m_d="1.000000" m_tx="0.000000" m_ty="0.000000"/>
  </frame>
  <frame idx="725" w="550" h="770" x="0.000000" y="-200.000000">
   <element name="images" layername="body" frame="0" z_index="5" m_a="1.000000" m_b="0.000000" m_c="0.000000" m_d="1.000000" m_tx="0.000000" m_ty="0.000000"/>
  </frame>
  <frame idx="750" w="550" h="770" x="0.000000" y="-200.000000">
   <element name="images" layername="body" frame="0" z_index="5" m_a="1.000000" m_b="0.000000" m_c="0.000000" m_d="1.000000" m_tx="0.000000" m_ty="0.000000"/>
  </frame>
  <frame idx="775" w="550" h="770" x="0.000000" y="-200.000000">
   <element name="images" layername="body" frame="0" z_index="5" m_a="1.000000" m_b="0.000000" m_c="0.000000" m_d="1.000000" m_tx="0.000000" m_ty="0.000000"/>
  </frame>
  <frame idx="800" w="550" h="770" x="0.000000" y="-200.000000">
   <element name="images" layername="body" frame="0" z_index="5" m_a="1.000000" m_b="0.000000" m_c="0.000000" m_d="1.000000" m_tx="0.000000" m_ty="0.000000"/>
  </frame>
  <frame idx="825" w="550" h="770" x="0.000000" y="-200.000000">
   <element name="images" layername="body" frame="0" z_index="5" m_a="1.000000" m_b="0.000000" m_c="0.000000" m_d="1.000000" m_tx="0.000000" m_ty="0.000000"/>
  </frame>
  <frame idx="850" w="550" h="770" x="0.000000" y="-200.000000">
   <element name="images" layername="body" frame="0" z_index="5" m_a="1.000000" m_b="0.000000" m_c="0.000000" m_d="1.000000" m_tx="0.000000" m_ty="0.000000"/>
  </frame>
  <frame idx="875" w="550" h="770" x="0.000000" y="-200.000000">
   <element name="images" layername="body" frame="0" z_index="5" m_a="1.000000" m_b="0.000000" m_c="0.000000" m_d="1.000000" m_tx="0.000000" m_ty="0.000000"/>
  </frame>
  <frame idx="900" w="550" h="770" x="0.000000" y="-200.000000">
   <element name="images" layername="body" frame="0" z_index="5" m_a="1.000000" m_b="0.000000" m_c="0.000000" m_d="1.000000" m_tx="0.000000" m_ty="0.000000"/>
  </frame>
  <frame idx="925" w="550" h="770" x="0.000000" y="-200.000000">
   <element name="images" layername="body" frame="0" z_index="5" m_a="1.000000" m_b="0.000000" m_c="0.000000" m_d="1.000000" m_tx="0.000000" m_ty="0.000000"/>
  </frame>
  <frame idx="950" w="550" h="770" x="0.000000" y="-200.000000">
   <element name="images" layername="body" frame="0" z_index="5" m_a="1.000000" m_b="0.000000" m_c="0.000000" m_d="1.000000" m_tx="0.000000" m_ty="0.000000"/>
  </frame>
  <frame idx="975" w="550" h="770" x="0.000000" y="-200.000000">
   <element name="images" layername="body" frame="0" z_index="5" m_a="1.000000" m_b="0.000000" m_c="0.000000" m_d="1.000000" m_tx="0.000000" m_ty="0.000000"/>
  </frame>
 </anim>
</Anims>
