<Anims>
 <anim name="close" root="zx5x5_honey" numframes="150" framerate="40">
  <frame idx="0" w="609" h="601" x="-2.718109" y="4.401093">
   <element name="frame" layername="frame" frame="0" z_index="2" m_a="1.000000" m_b="0.000000" m_c="0.000000" m_d="1.000000" m_tx="0.000000" m_ty="0.000000"/>
  </frame>
  <frame idx="25" w="609" h="517" x="-2.718109" y="-71.223907">
   <element name="frame" layername="frame" frame="0" z_index="2" m_a="1.000000" m_b="0.000000" m_c="0.000000" m_d="0.725000" m_tx="0.000000" m_ty="0.000000"/>
  </frame>
  <frame idx="50" w="609" h="517" x="-2.718109" y="-71.223907"/>
  <frame idx="75" w="609" h="517" x="-2.718109" y="-71.223907"/>
  <frame idx="100" w="609" h="517" x="-2.718109" y="-71.223907"/>
  <frame idx="125" w="609" h="517" x="-2.718109" y="-71.223907"/>
 </anim>
 <anim name="open" root="zx5x5_honey" numframes="225" framerate="40">
  <frame idx="0" w="609" h="302" x="-2.718109" y="-267.848907">
   <element name="frame" layername="frame" frame="0" z_index="2" m_a="1.000000" m_b="0.000000" m_c="0.000000" m_d="0.010000" m_tx="0.000000" m_ty="0.000000"/>
  </frame>
  <frame idx="25" w="609" h="409" x="-2.718109" y="-170.616760">
   <element name="frame" layername="frame" frame="0" z_index="2" m_a="1.000000" m_b="0.000000" m_c="0.000000" m_d="0.363571" m_tx="0.000000" m_ty="0.000000"/>
  </frame>
  <frame idx="50" w="609" h="515" x="-2.718109" y="-73.384613">
   <element name="frame" layername="frame" frame="0" z_index="2" m_a="1.000000" m_b="0.000000" m_c="0.000000" m_d="0.717143" m_tx="0.000000" m_ty="0.000000"/>
  </frame>
  <frame idx="75" w="609" h="601" x="-2.718109" y="4.401093">
   <element name="frame" layername="frame" frame="0" z_index="2" m_a="1.000000" m_b="0.000000" m_c="0.000000" m_d="1.000000" m_tx="0.000000" m_ty="0.000000"/>
  </frame>
  <frame idx="100" w="609" h="601" x="-2.718109" y="4.401093">
   <element name="frame" layername="frame" frame="0" z_index="2" m_a="1.000000" m_b="0.000000" m_c="0.000000" m_d="1.000000" m_tx="0.000000" m_ty="0.000000"/>
  </frame>
  <frame idx="125" w="609" h="601" x="-2.718109" y="4.401093">
   <element name="frame" layername="frame" frame="0" z_index="2" m_a="1.000000" m_b="0.000000" m_c="0.000000" m_d="1.000000" m_tx="0.000000" m_ty="0.000000"/>
  </frame>
  <frame idx="150" w="609" h="601" x="-2.718109" y="4.401093">
   <element name="frame" layername="frame" frame="0" z_index="2" m_a="1.000000" m_b="0.000000" m_c="0.000000" m_d="1.000000" m_tx="0.000000" m_ty="0.000000"/>
  </frame>
  <frame idx="175" w="609" h="601" x="-2.718109" y="4.401093">
   <element name="frame" layername="frame" frame="0" z_index="2" m_a="1.000000" m_b="0.000000" m_c="0.000000" m_d="1.000000" m_tx="0.000000" m_ty="0.000000"/>
  </frame>
  <frame idx="200" w="609" h="601" x="-2.718109" y="4.401093">
   <element name="frame" layername="frame" frame="0" z_index="2" m_a="1.000000" m_b="0.000000" m_c="0.000000" m_d="1.000000" m_tx="0.000000" m_ty="0.000000"/>
  </frame>
 </anim>
</Anims>
