<Anims>
 <anim name="empty" root="zxfarmbowl" numframes="1000" framerate="40">
  <frame idx="0" w="220" h="286" x="0.000000" y="-60.000000">
   <element name="body" layername="body" frame="0" z_index="2" m_a="1.000000" m_b="0.000000" m_c="0.000000" m_d="1.000000" m_tx="0.000000" m_ty="0.000000"/>
  </frame>
  <frame idx="25" w="220" h="286" x="0.000000" y="-60.000000">
   <element name="body" layername="body" frame="0" z_index="2" m_a="1.000000" m_b="0.000000" m_c="0.000000" m_d="1.000000" m_tx="0.000000" m_ty="0.000000"/>
  </frame>
  <frame idx="50" w="220" h="286" x="0.000000" y="-60.000000">
   <element name="body" layername="body" frame="0" z_index="2" m_a="1.000000" m_b="0.000000" m_c="0.000000" m_d="1.000000" m_tx="0.000000" m_ty="0.000000"/>
  </frame>
  <frame idx="75" w="220" h="286" x="0.000000" y="-60.000000">
   <element name="body" layername="body" frame="0" z_index="2" m_a="1.000000" m_b="0.000000" m_c="0.000000" m_d="1.000000" m_tx="0.000000" m_ty="0.000000"/>
  </frame>
  <frame idx="100" w="220" h="286" x="0.000000" y="-60.000000">
   <element name="body" layername="body" frame="0" z_index="2" m_a="1.000000" m_b="0.000000" m_c="0.000000" m_d="1.000000" m_tx="0.000000" m_ty="0.000000"/>
  </frame>
  <frame idx="125" w="220" h="286" x="0.000000" y="-60.000000">
   <element name="body" layername="body" frame="0" z_index="2" m_a="1.000000" m_b="0.000000" m_c="0.000000" m_d="1.000000" m_tx="0.000000" m_ty="0.000000"/>
  </frame>
  <frame idx="150" w="220" h="286" x="0.000000" y="-60.000000">
   <element name="body" layername="body" frame="0" z_index="2" m_a="1.000000" m_b="0.000000" m_c="0.000000" m_d="1.000000" m_tx="0.000000" m_ty="0.000000"/>
  </frame>
  <frame idx="175" w="220" h="286" x="0.000000" y="-60.000000">
   <element name="body" layername="body" frame="0" z_index="2" m_a="1.000000" m_b="0.000000" m_c="0.000000" m_d="1.000000" m_tx="0.000000" m_ty="0.000000"/>
  </frame>
  <frame idx="200" w="220" h="286" x="0.000000" y="-60.000000">
   <element name="body" layername="body" frame="0" z_index="2" m_a="1.000000" m_b="0.000000" m_c="0.000000" m_d="1.000000" m_tx="0.000000" m_ty="0.000000"/>
  </frame>
  <frame idx="225" w="220" h="286" x="0.000000" y="-60.000000">
   <element name="body" layername="body" frame="0" z_index="2" m_a="1.000000" m_b="0.000000" m_c="0.000000" m_d="1.000000" m_tx="0.000000" m_ty="0.000000"/>
  </frame>
  <frame idx="250" w="220" h="286" x="0.000000" y="-60.000000">
   <element name="body" layername="body" frame="0" z_index="2" m_a="1.000000" m_b="0.000000" m_c="0.000000" m_d="1.000000" m_tx="0.000000" m_ty="0.000000"/>
  </frame>
  <frame idx="275" w="220" h="286" x="0.000000" y="-60.000000">
   <element name="body" layername="body" frame="0" z_index="2" m_a="1.000000" m_b="0.000000" m_c="0.000000" m_d="1.000000" m_tx="0.000000" m_ty="0.000000"/>
  </frame>
  <frame idx="300" w="220" h="286" x="0.000000" y="-60.000000">
   <element name="body" layername="body" frame="0" z_index="2" m_a="1.000000" m_b="0.000000" m_c="0.000000" m_d="1.000000" m_tx="0.000000" m_ty="0.000000"/>
  </frame>
  <frame idx="325" w="220" h="286" x="0.000000" y="-60.000000">
   <element name="body" layername="body" frame="0" z_index="2" m_a="1.000000" m_b="0.000000" m_c="0.000000" m_d="1.000000" m_tx="0.000000" m_ty="0.000000"/>
  </frame>
  <frame idx="350" w="220" h="286" x="0.000000" y="-60.000000">
   <element name="body" layername="body" frame="0" z_index="2" m_a="1.000000" m_b="0.000000" m_c="0.000000" m_d="1.000000" m_tx="0.000000" m_ty="0.000000"/>
  </frame>
  <frame idx="375" w="220" h="286" x="0.000000" y="-60.000000">
   <element name="body" layername="body" frame="0" z_index="2" m_a="1.000000" m_b="0.000000" m_c="0.000000" m_d="1.000000" m_tx="0.000000" m_ty="0.000000"/>
  </frame>
  <frame idx="400" w="220" h="286" x="0.000000" y="-60.000000">
   <element name="body" layername="body" frame="0" z_index="2" m_a="1.000000" m_b="0.000000" m_c="0.000000" m_d="1.000000" m_tx="0.000000" m_ty="0.000000"/>
  </frame>
  <frame idx="425" w="220" h="286" x="0.000000" y="-60.000000">
   <element name="body" layername="body" frame="0" z_index="2" m_a="1.000000" m_b="0.000000" m_c="0.000000" m_d="1.000000" m_tx="0.000000" m_ty="0.000000"/>
  </frame>
  <frame idx="450" w="220" h="286" x="0.000000" y="-60.000000">
   <element name="body" layername="body" frame="0" z_index="2" m_a="1.000000" m_b="0.000000" m_c="0.000000" m_d="1.000000" m_tx="0.000000" m_ty="0.000000"/>
  </frame>
  <frame idx="475" w="220" h="286" x="0.000000" y="-60.000000">
   <element name="body" layername="body" frame="0" z_index="2" m_a="1.000000" m_b="0.000000" m_c="0.000000" m_d="1.000000" m_tx="0.000000" m_ty="0.000000"/>
  </frame>
  <frame idx="500" w="220" h="286" x="0.000000" y="-60.000000">
   <element name="body" layername="body" frame="0" z_index="2" m_a="1.000000" m_b="0.000000" m_c="0.000000" m_d="1.000000" m_tx="0.000000" m_ty="0.000000"/>
  </frame>
  <frame idx="525" w="220" h="286" x="0.000000" y="-60.000000">
   <element name="body" layername="body" frame="0" z_index="2" m_a="1.000000" m_b="0.000000" m_c="0.000000" m_d="1.000000" m_tx="0.000000" m_ty="0.000000"/>
  </frame>
  <frame idx="550" w="220" h="286" x="0.000000" y="-60.000000">
   <element name="body" layername="body" frame="0" z_index="2" m_a="1.000000" m_b="0.000000" m_c="0.000000" m_d="1.000000" m_tx="0.000000" m_ty="0.000000"/>
  </frame>
  <frame idx="575" w="220" h="286" x="0.000000" y="-60.000000">
   <element name="body" layername="body" frame="0" z_index="2" m_a="1.000000" m_b="0.000000" m_c="0.000000" m_d="1.000000" m_tx="0.000000" m_ty="0.000000"/>
  </frame>
  <frame idx="600" w="220" h="286" x="0.000000" y="-60.000000">
   <element name="body" layername="body" frame="0" z_index="2" m_a="1.000000" m_b="0.000000" m_c="0.000000" m_d="1.000000" m_tx="0.000000" m_ty="0.000000"/>
  </frame>
  <frame idx="625" w="220" h="286" x="0.000000" y="-60.000000">
   <element name="body" layername="body" frame="0" z_index="2" m_a="1.000000" m_b="0.000000" m_c="0.000000" m_d="1.000000" m_tx="0.000000" m_ty="0.000000"/>
  </frame>
  <frame idx="650" w="220" h="286" x="0.000000" y="-60.000000">
   <element name="body" layername="body" frame="0" z_index="2" m_a="1.000000" m_b="0.000000" m_c="0.000000" m_d="1.000000" m_tx="0.000000" m_ty="0.000000"/>
  </frame>
  <frame idx="675" w="220" h="286" x="0.000000" y="-60.000000">
   <element name="body" layername="body" frame="0" z_index="2" m_a="1.000000" m_b="0.000000" m_c="0.000000" m_d="1.000000" m_tx="0.000000" m_ty="0.000000"/>
  </frame>
  <frame idx="700" w="220" h="286" x="0.000000" y="-60.000000">
   <element name="body" layername="body" frame="0" z_index="2" m_a="1.000000" m_b="0.000000" m_c="0.000000" m_d="1.000000" m_tx="0.000000" m_ty="0.000000"/>
  </frame>
  <frame idx="725" w="220" h="286" x="0.000000" y="-60.000000">
   <element name="body" layername="body" frame="0" z_index="2" m_a="1.000000" m_b="0.000000" m_c="0.000000" m_d="1.000000" m_tx="0.000000" m_ty="0.000000"/>
  </frame>
  <frame idx="750" w="220" h="286" x="0.000000" y="-60.000000">
   <element name="body" layername="body" frame="0" z_index="2" m_a="1.000000" m_b="0.000000" m_c="0.000000" m_d="1.000000" m_tx="0.000000" m_ty="0.000000"/>
  </frame>
  <frame idx="775" w="220" h="286" x="0.000000" y="-60.000000">
   <element name="body" layername="body" frame="0" z_index="2" m_a="1.000000" m_b="0.000000" m_c="0.000000" m_d="1.000000" m_tx="0.000000" m_ty="0.000000"/>
  </frame>
  <frame idx="800" w="220" h="286" x="0.000000" y="-60.000000">
   <element name="body" layername="body" frame="0" z_index="2" m_a="1.000000" m_b="0.000000" m_c="0.000000" m_d="1.000000" m_tx="0.000000" m_ty="0.000000"/>
  </frame>
  <frame idx="825" w="220" h="286" x="0.000000" y="-60.000000">
   <element name="body" layername="body" frame="0" z_index="2" m_a="1.000000" m_b="0.000000" m_c="0.000000" m_d="1.000000" m_tx="0.000000" m_ty="0.000000"/>
  </frame>
  <frame idx="850" w="220" h="286" x="0.000000" y="-60.000000">
   <element name="body" layername="body" frame="0" z_index="2" m_a="1.000000" m_b="0.000000" m_c="0.000000" m_d="1.000000" m_tx="0.000000" m_ty="0.000000"/>
  </frame>
  <frame idx="875" w="220" h="286" x="0.000000" y="-60.000000">
   <element name="body" layername="body" frame="0" z_index="2" m_a="1.000000" m_b="0.000000" m_c="0.000000" m_d="1.000000" m_tx="0.000000" m_ty="0.000000"/>
  </frame>
  <frame idx="900" w="220" h="286" x="0.000000" y="-60.000000">
   <element name="body" layername="body" frame="0" z_index="2" m_a="1.000000" m_b="0.000000" m_c="0.000000" m_d="1.000000" m_tx="0.000000" m_ty="0.000000"/>
  </frame>
  <frame idx="925" w="220" h="286" x="0.000000" y="-60.000000">
   <element name="body" layername="body" frame="0" z_index="2" m_a="1.000000" m_b="0.000000" m_c="0.000000" m_d="1.000000" m_tx="0.000000" m_ty="0.000000"/>
  </frame>
  <frame idx="950" w="220" h="286" x="0.000000" y="-60.000000">
   <element name="body" layername="body" frame="0" z_index="2" m_a="1.000000" m_b="0.000000" m_c="0.000000" m_d="1.000000" m_tx="0.000000" m_ty="0.000000"/>
  </frame>
  <frame idx="975" w="220" h="286" x="0.000000" y="-60.000000">
   <element name="body" layername="body" frame="0" z_index="2" m_a="1.000000" m_b="0.000000" m_c="0.000000" m_d="1.000000" m_tx="0.000000" m_ty="0.000000"/>
  </frame>
 </anim>
 <anim name="full" root="zxfarmbowl" numframes="1000" framerate="40">
  <frame idx="0" w="275" h="341" x="50.000000" y="-10.000000">
   <element name="body" layername="body" frame="0" z_index="2" m_a="1.500000" m_b="0.000000" m_c="0.000000" m_d="1.500000" m_tx="0.000000" m_ty="0.000000"/>
  </frame>
  <frame idx="25" w="275" h="341" x="50.000000" y="-10.000000">
   <element name="body" layername="body" frame="0" z_index="2" m_a="1.500000" m_b="0.000000" m_c="0.000000" m_d="1.500000" m_tx="0.000000" m_ty="0.000000"/>
  </frame>
  <frame idx="50" w="275" h="341" x="50.000000" y="-10.000000">
   <element name="body" layername="body" frame="0" z_index="2" m_a="1.500000" m_b="0.000000" m_c="0.000000" m_d="1.500000" m_tx="0.000000" m_ty="0.000000"/>
  </frame>
  <frame idx="75" w="275" h="341" x="50.000000" y="-10.000000">
   <element name="body" layername="body" frame="0" z_index="2" m_a="1.500000" m_b="0.000000" m_c="0.000000" m_d="1.500000" m_tx="0.000000" m_ty="0.000000"/>
  </frame>
  <frame idx="100" w="275" h="341" x="50.000000" y="-10.000000">
   <element name="body" layername="body" frame="0" z_index="2" m_a="1.500000" m_b="0.000000" m_c="0.000000" m_d="1.500000" m_tx="0.000000" m_ty="0.000000"/>
  </frame>
  <frame idx="125" w="275" h="341" x="50.000000" y="-10.000000">
   <element name="body" layername="body" frame="0" z_index="2" m_a="1.500000" m_b="0.000000" m_c="0.000000" m_d="1.500000" m_tx="0.000000" m_ty="0.000000"/>
  </frame>
  <frame idx="150" w="275" h="341" x="50.000000" y="-10.000000">
   <element name="body" layername="body" frame="0" z_index="2" m_a="1.500000" m_b="0.000000" m_c="0.000000" m_d="1.500000" m_tx="0.000000" m_ty="0.000000"/>
  </frame>
  <frame idx="175" w="275" h="341" x="50.000000" y="-10.000000">
   <element name="body" layername="body" frame="0" z_index="2" m_a="1.500000" m_b="0.000000" m_c="0.000000" m_d="1.500000" m_tx="0.000000" m_ty="0.000000"/>
  </frame>
  <frame idx="200" w="275" h="341" x="50.000000" y="-10.000000">
   <element name="body" layername="body" frame="0" z_index="2" m_a="1.500000" m_b="0.000000" m_c="0.000000" m_d="1.500000" m_tx="0.000000" m_ty="0.000000"/>
  </frame>
  <frame idx="225" w="275" h="341" x="50.000000" y="-10.000000">
   <element name="body" layername="body" frame="0" z_index="2" m_a="1.500000" m_b="0.000000" m_c="0.000000" m_d="1.500000" m_tx="0.000000" m_ty="0.000000"/>
  </frame>
  <frame idx="250" w="275" h="341" x="50.000000" y="-10.000000">
   <element name="body" layername="body" frame="0" z_index="2" m_a="1.500000" m_b="0.000000" m_c="0.000000" m_d="1.500000" m_tx="0.000000" m_ty="0.000000"/>
  </frame>
  <frame idx="275" w="275" h="341" x="50.000000" y="-10.000000">
   <element name="body" layername="body" frame="0" z_index="2" m_a="1.500000" m_b="0.000000" m_c="0.000000" m_d="1.500000" m_tx="0.000000" m_ty="0.000000"/>
  </frame>
  <frame idx="300" w="275" h="341" x="50.000000" y="-10.000000">
   <element name="body" layername="body" frame="0" z_index="2" m_a="1.500000" m_b="0.000000" m_c="0.000000" m_d="1.500000" m_tx="0.000000" m_ty="0.000000"/>
  </frame>
  <frame idx="325" w="275" h="341" x="50.000000" y="-10.000000">
   <element name="body" layername="body" frame="0" z_index="2" m_a="1.500000" m_b="0.000000" m_c="0.000000" m_d="1.500000" m_tx="0.000000" m_ty="0.000000"/>
  </frame>
  <frame idx="350" w="275" h="341" x="50.000000" y="-10.000000">
   <element name="body" layername="body" frame="0" z_index="2" m_a="1.500000" m_b="0.000000" m_c="0.000000" m_d="1.500000" m_tx="0.000000" m_ty="0.000000"/>
  </frame>
  <frame idx="375" w="275" h="341" x="50.000000" y="-10.000000">
   <element name="body" layername="body" frame="0" z_index="2" m_a="1.500000" m_b="0.000000" m_c="0.000000" m_d="1.500000" m_tx="0.000000" m_ty="0.000000"/>
  </frame>
  <frame idx="400" w="275" h="341" x="50.000000" y="-10.000000">
   <element name="body" layername="body" frame="0" z_index="2" m_a="1.500000" m_b="0.000000" m_c="0.000000" m_d="1.500000" m_tx="0.000000" m_ty="0.000000"/>
  </frame>
  <frame idx="425" w="275" h="341" x="50.000000" y="-10.000000">
   <element name="body" layername="body" frame="0" z_index="2" m_a="1.500000" m_b="0.000000" m_c="0.000000" m_d="1.500000" m_tx="0.000000" m_ty="0.000000"/>
  </frame>
  <frame idx="450" w="275" h="341" x="50.000000" y="-10.000000">
   <element name="body" layername="body" frame="0" z_index="2" m_a="1.500000" m_b="0.000000" m_c="0.000000" m_d="1.500000" m_tx="0.000000" m_ty="0.000000"/>
  </frame>
  <frame idx="475" w="275" h="341" x="50.000000" y="-10.000000">
   <element name="body" layername="body" frame="0" z_index="2" m_a="1.500000" m_b="0.000000" m_c="0.000000" m_d="1.500000" m_tx="0.000000" m_ty="0.000000"/>
  </frame>
  <frame idx="500" w="275" h="341" x="50.000000" y="-10.000000">
   <element name="body" layername="body" frame="0" z_index="2" m_a="1.500000" m_b="0.000000" m_c="0.000000" m_d="1.500000" m_tx="0.000000" m_ty="0.000000"/>
  </frame>
  <frame idx="525" w="275" h="341" x="50.000000" y="-10.000000">
   <element name="body" layername="body" frame="0" z_index="2" m_a="1.500000" m_b="0.000000" m_c="0.000000" m_d="1.500000" m_tx="0.000000" m_ty="0.000000"/>
  </frame>
  <frame idx="550" w="275" h="341" x="50.000000" y="-10.000000">
   <element name="body" layername="body" frame="0" z_index="2" m_a="1.500000" m_b="0.000000" m_c="0.000000" m_d="1.500000" m_tx="0.000000" m_ty="0.000000"/>
  </frame>
  <frame idx="575" w="275" h="341" x="50.000000" y="-10.000000">
   <element name="body" layername="body" frame="0" z_index="2" m_a="1.500000" m_b="0.000000" m_c="0.000000" m_d="1.500000" m_tx="0.000000" m_ty="0.000000"/>
  </frame>
  <frame idx="600" w="275" h="341" x="50.000000" y="-10.000000">
   <element name="body" layername="body" frame="0" z_index="2" m_a="1.500000" m_b="0.000000" m_c="0.000000" m_d="1.500000" m_tx="0.000000" m_ty="0.000000"/>
  </frame>
  <frame idx="625" w="275" h="341" x="50.000000" y="-10.000000">
   <element name="body" layername="body" frame="0" z_index="2" m_a="1.500000" m_b="0.000000" m_c="0.000000" m_d="1.500000" m_tx="0.000000" m_ty="0.000000"/>
  </frame>
  <frame idx="650" w="275" h="341" x="50.000000" y="-10.000000">
   <element name="body" layername="body" frame="0" z_index="2" m_a="1.500000" m_b="0.000000" m_c="0.000000" m_d="1.500000" m_tx="0.000000" m_ty="0.000000"/>
  </frame>
  <frame idx="675" w="275" h="341" x="50.000000" y="-10.000000">
   <element name="body" layername="body" frame="0" z_index="2" m_a="1.500000" m_b="0.000000" m_c="0.000000" m_d="1.500000" m_tx="0.000000" m_ty="0.000000"/>
  </frame>
  <frame idx="700" w="275" h="341" x="50.000000" y="-10.000000">
   <element name="body" layername="body" frame="0" z_index="2" m_a="1.500000" m_b="0.000000" m_c="0.000000" m_d="1.500000" m_tx="0.000000" m_ty="0.000000"/>
  </frame>
  <frame idx="725" w="275" h="341" x="50.000000" y="-10.000000">
   <element name="body" layername="body" frame="0" z_index="2" m_a="1.500000" m_b="0.000000" m_c="0.000000" m_d="1.500000" m_tx="0.000000" m_ty="0.000000"/>
  </frame>
  <frame idx="750" w="275" h="341" x="50.000000" y="-10.000000">
   <element name="body" layername="body" frame="0" z_index="2" m_a="1.500000" m_b="0.000000" m_c="0.000000" m_d="1.500000" m_tx="0.000000" m_ty="0.000000"/>
  </frame>
  <frame idx="775" w="275" h="341" x="50.000000" y="-10.000000">
   <element name="body" layername="body" frame="0" z_index="2" m_a="1.500000" m_b="0.000000" m_c="0.000000" m_d="1.500000" m_tx="0.000000" m_ty="0.000000"/>
  </frame>
  <frame idx="800" w="275" h="341" x="50.000000" y="-10.000000">
   <element name="body" layername="body" frame="0" z_index="2" m_a="1.500000" m_b="0.000000" m_c="0.000000" m_d="1.500000" m_tx="0.000000" m_ty="0.000000"/>
  </frame>
  <frame idx="825" w="275" h="341" x="50.000000" y="-10.000000">
   <element name="body" layername="body" frame="0" z_index="2" m_a="1.500000" m_b="0.000000" m_c="0.000000" m_d="1.500000" m_tx="0.000000" m_ty="0.000000"/>
  </frame>
  <frame idx="850" w="275" h="341" x="50.000000" y="-10.000000">
   <element name="body" layername="body" frame="0" z_index="2" m_a="1.500000" m_b="0.000000" m_c="0.000000" m_d="1.500000" m_tx="0.000000" m_ty="0.000000"/>
  </frame>
  <frame idx="875" w="275" h="341" x="50.000000" y="-10.000000">
   <element name="body" layername="body" frame="0" z_index="2" m_a="1.500000" m_b="0.000000" m_c="0.000000" m_d="1.500000" m_tx="0.000000" m_ty="0.000000"/>
  </frame>
  <frame idx="900" w="275" h="341" x="50.000000" y="-10.000000">
   <element name="body" layername="body" frame="0" z_index="2" m_a="1.500000" m_b="0.000000" m_c="0.000000" m_d="1.500000" m_tx="0.000000" m_ty="0.000000"/>
  </frame>
  <frame idx="925" w="275" h="341" x="50.000000" y="-10.000000">
   <element name="body" layername="body" frame="0" z_index="2" m_a="1.500000" m_b="0.000000" m_c="0.000000" m_d="1.500000" m_tx="0.000000" m_ty="0.000000"/>
  </frame>
  <frame idx="950" w="275" h="341" x="50.000000" y="-10.000000">
   <element name="body" layername="body" frame="0" z_index="2" m_a="1.500000" m_b="0.000000" m_c="0.000000" m_d="1.500000" m_tx="0.000000" m_ty="0.000000"/>
  </frame>
  <frame idx="975" w="275" h="341" x="50.000000" y="-10.000000">
   <element name="body" layername="body" frame="0" z_index="2" m_a="1.500000" m_b="0.000000" m_c="0.000000" m_d="1.500000" m_tx="0.000000" m_ty="0.000000"/>
  </frame>
 </anim>
</Anims>
