<Anims>
 <anim name="close" root="zxashcan" numframes="300" framerate="40">
  <frame idx="0" w="571" h="664" x="-18.924500" y="-102.589508">
   <element name="images" layername="zxashcan" frame="0" z_index="3" m_a="1.000000" m_b="0.000000" m_c="0.000000" m_d="1.000000" m_tx="0.000000" m_ty="0.000000"/>
  </frame>
  <frame idx="25" w="571" h="664" x="-18.924500" y="-102.589508">
   <element name="images" layername="zxashcan" frame="0" z_index="3" m_a="1.000000" m_b="0.000000" m_c="0.000000" m_d="1.000000" m_tx="0.000000" m_ty="0.000000"/>
  </frame>
  <frame idx="50" w="571" h="664" x="-18.924500" y="-102.589508">
   <element name="images" layername="zxashcan" frame="0" z_index="3" m_a="1.000000" m_b="0.000000" m_c="0.000000" m_d="1.000000" m_tx="0.000000" m_ty="0.000000"/>
  </frame>
  <frame idx="75" w="571" h="664" x="-18.924500" y="-102.589508">
   <element name="images" layername="zxashcan" frame="0" z_index="3" m_a="1.000000" m_b="0.000000" m_c="0.000000" m_d="1.000000" m_tx="0.000000" m_ty="0.000000"/>
  </frame>
  <frame idx="100" w="571" h="664" x="-18.924500" y="-102.589508">
   <element name="images" layername="zxashcan" frame="0" z_index="3" m_a="1.000000" m_b="0.000000" m_c="0.000000" m_d="1.000000" m_tx="0.000000" m_ty="0.000000"/>
  </frame>
  <frame idx="125" w="571" h="664" x="-18.924500" y="-102.589508">
   <element name="images" layername="zxashcan" frame="0" z_index="3" m_a="1.000000" m_b="0.000000" m_c="0.000000" m_d="1.000000" m_tx="0.000000" m_ty="0.000000"/>
  </frame>
  <frame idx="150" w="571" h="664" x="-18.924500" y="-102.589508">
   <element name="images" layername="zxashcan" frame="0" z_index="3" m_a="1.000000" m_b="0.000000" m_c="0.000000" m_d="1.000000" m_tx="0.000000" m_ty="0.000000"/>
  </frame>
  <frame idx="175" w="571" h="664" x="-18.924500" y="-102.589508">
   <element name="images" layername="zxashcan" frame="0" z_index="3" m_a="1.000000" m_b="0.000000" m_c="0.000000" m_d="1.000000" m_tx="0.000000" m_ty="0.000000"/>
  </frame>
  <frame idx="200" w="571" h="664" x="-18.924500" y="-102.589508">
   <element name="images" layername="zxashcan" frame="0" z_index="3" m_a="1.000000" m_b="0.000000" m_c="0.000000" m_d="1.000000" m_tx="0.000000" m_ty="0.000000"/>
  </frame>
  <frame idx="225" w="571" h="664" x="-18.924500" y="-102.589508">
   <element name="images" layername="zxashcan" frame="0" z_index="3" m_a="1.000000" m_b="0.000000" m_c="0.000000" m_d="1.000000" m_tx="0.000000" m_ty="0.000000"/>
  </frame>
  <frame idx="250" w="571" h="664" x="-18.924500" y="-102.589508">
   <element name="images" layername="zxashcan" frame="0" z_index="3" m_a="1.000000" m_b="0.000000" m_c="0.000000" m_d="1.000000" m_tx="0.000000" m_ty="0.000000"/>
  </frame>
  <frame idx="275" w="571" h="664" x="-18.924500" y="-102.589508">
   <element name="images" layername="zxashcan" frame="0" z_index="3" m_a="1.000000" m_b="0.000000" m_c="0.000000" m_d="1.000000" m_tx="0.000000" m_ty="0.000000"/>
  </frame>
 </anim>
 <anim name="open" root="zxashcan" numframes="300" framerate="40">
  <frame idx="0" w="571" h="664" x="-18.924500" y="-102.589508">
   <element name="images" layername="zxashcan" frame="0" z_index="3" m_a="1.000000" m_b="0.000000" m_c="0.000000" m_d="1.000000" m_tx="0.000000" m_ty="0.000000"/>
  </frame>
  <frame idx="25" w="571" h="664" x="-18.924500" y="-102.589508">
   <element name="images" layername="zxashcan" frame="0" z_index="3" m_a="1.000000" m_b="0.000000" m_c="0.000000" m_d="1.000000" m_tx="0.000000" m_ty="0.000000"/>
  </frame>
  <frame idx="50" w="571" h="664" x="-18.924500" y="-102.589508">
   <element name="images" layername="zxashcan" frame="0" z_index="3" m_a="1.000000" m_b="0.000000" m_c="0.000000" m_d="1.000000" m_tx="0.000000" m_ty="0.000000"/>
  </frame>
  <frame idx="75" w="571" h="664" x="-18.924500" y="-102.589508">
   <element name="images" layername="zxashcan" frame="0" z_index="3" m_a="1.000000" m_b="0.000000" m_c="0.000000" m_d="1.000000" m_tx="0.000000" m_ty="0.000000"/>
  </frame>
  <frame idx="100" w="571" h="664" x="-18.924500" y="-102.589508">
   <element name="images" layername="zxashcan" frame="0" z_index="3" m_a="1.000000" m_b="0.000000" m_c="0.000000" m_d="1.000000" m_tx="0.000000" m_ty="0.000000"/>
  </frame>
  <frame idx="125" w="571" h="664" x="-18.924500" y="-102.589508">
   <element name="images" layername="zxashcan" frame="0" z_index="3" m_a="1.000000" m_b="0.000000" m_c="0.000000" m_d="1.000000" m_tx="0.000000" m_ty="0.000000"/>
  </frame>
  <frame idx="150" w="571" h="664" x="-18.924500" y="-102.589508">
   <element name="images" layername="zxashcan" frame="0" z_index="3" m_a="1.000000" m_b="0.000000" m_c="0.000000" m_d="1.000000" m_tx="0.000000" m_ty="0.000000"/>
  </frame>
  <frame idx="175" w="571" h="664" x="-18.924500" y="-102.589508">
   <element name="images" layername="zxashcan" frame="0" z_index="3" m_a="1.000000" m_b="0.000000" m_c="0.000000" m_d="1.000000" m_tx="0.000000" m_ty="0.000000"/>
  </frame>
  <frame idx="200" w="571" h="664" x="-18.924500" y="-102.589508">
   <element name="images" layername="zxashcan" frame="0" z_index="3" m_a="1.000000" m_b="0.000000" m_c="0.000000" m_d="1.000000" m_tx="0.000000" m_ty="0.000000"/>
  </frame>
  <frame idx="225" w="571" h="664" x="-18.924500" y="-102.589508">
   <element name="images" layername="zxashcan" frame="0" z_index="3" m_a="1.000000" m_b="0.000000" m_c="0.000000" m_d="1.000000" m_tx="0.000000" m_ty="0.000000"/>
  </frame>
  <frame idx="250" w="571" h="664" x="-18.924500" y="-102.589508">
   <element name="images" layername="zxashcan" frame="0" z_index="3" m_a="1.000000" m_b="0.000000" m_c="0.000000" m_d="1.000000" m_tx="0.000000" m_ty="0.000000"/>
  </frame>
  <frame idx="275" w="571" h="664" x="-18.924500" y="-102.589508">
   <element name="images" layername="zxashcan" frame="0" z_index="3" m_a="1.000000" m_b="0.000000" m_c="0.000000" m_d="1.000000" m_tx="0.000000" m_ty="0.000000"/>
  </frame>
 </anim>
 <anim name="onhit" root="zxashcan" numframes="400" framerate="40">
  <frame idx="0" w="571" h="664" x="-18.924500" y="-102.589508">
   <element name="images" layername="zxashcan" frame="0" z_index="3" m_a="1.000000" m_b="0.000000" m_c="0.000000" m_d="1.000000" m_tx="0.000000" m_ty="0.000000"/>
  </frame>
  <frame idx="25" w="576" h="682" x="-14.887558" y="-111.356918">
   <element name="images" layername="zxashcan" frame="0" z_index="3" m_a="0.999867" m_b="-0.016280" m_c="0.016280" m_d="0.999867" m_tx="0.000000" m_ty="-4.664179"/>
  </frame>
  <frame idx="50" w="580" h="701" x="-10.917938" y="-120.189514">
   <element name="images" layername="zxashcan" frame="0" z_index="3" m_a="0.999470" m_b="-0.032556" m_c="0.032556" m_d="0.999470" m_tx="0.000000" m_ty="-9.328358"/>
  </frame>
  <frame idx="75" w="585" h="719" x="-7.016693" y="-129.086121">
   <element name="images" layername="zxashcan" frame="0" z_index="3" m_a="0.998807" m_b="-0.048824" m_c="0.048824" m_d="0.998807" m_tx="0.000000" m_ty="-13.992537"/>
  </frame>
  <frame idx="100" w="589" h="737" x="-3.184906" y="-138.045715">
   <element name="images" layername="zxashcan" frame="0" z_index="3" m_a="0.997880" m_b="-0.065078" m_c="0.065078" m_d="0.997880" m_tx="0.000000" m_ty="-18.656715"/>
  </frame>
  <frame idx="125" w="593" h="756" x="0.576477" y="-147.067139">
   <element name="images" layername="zxashcan" frame="0" z_index="3" m_a="0.996688" m_b="-0.081315" m_c="0.081315" m_d="0.996688" m_tx="0.000000" m_ty="-23.320896"/>
  </frame>
  <frame idx="150" w="590" h="746" x="-2.810059" y="-144.816895">
   <element name="images" layername="zxashcan" frame="0" z_index="3" m_a="0.997774" m_b="-0.066684" m_c="0.066684" m_d="0.997774" m_tx="0.000000" m_ty="-25.000000"/>
  </frame>
  <frame idx="175" w="581" h="720" x="-10.413818" y="-136.400330">
   <element name="images" layername="zxashcan" frame="0" z_index="3" m_a="0.999400" m_b="-0.034643" m_c="0.034643" m_d="0.999400" m_tx="0.000000" m_ty="-25.000000"/>
  </frame>
  <frame idx="200" w="572" h="693" x="-18.283661" y="-128.231995">
   <element name="images" layername="zxashcan" frame="0" z_index="3" m_a="0.999997" m_b="-0.002567" m_c="0.002567" m_d="0.999997" m_tx="0.000000" m_ty="-25.000000"/>
  </frame>
  <frame idx="225" w="596" h="699" x="-26.411499" y="-120.320343">
   <element name="images" layername="zxashcan" frame="0" z_index="3" m_a="0.999564" m_b="0.029512" m_c="-0.029512" m_d="0.999564" m_tx="0.000000" m_ty="-25.000000"/>
  </frame>
  <frame idx="250" w="622" h="708" x="-34.788879" y="-112.673431">
   <element name="images" layername="zxashcan" frame="0" z_index="3" m_a="0.998103" m_b="0.061561" m_c="-0.061561" m_d="0.998103" m_tx="0.000000" m_ty="-25.000000"/>
  </frame>
  <frame idx="275" w="640" h="712" x="-40.756958" y="-106.554718">
   <element name="images" layername="zxashcan" frame="0" z_index="3" m_a="0.996482" m_b="0.083811" m_c="-0.083811" m_d="0.996482" m_tx="0.000000" m_ty="-24.038462"/>
  </frame>
  <frame idx="300" w="626" h="703" x="-36.257080" y="-105.613831">
   <element name="images" layername="zxashcan" frame="0" z_index="3" m_a="0.997748" m_b="0.067078" m_c="-0.067078" m_d="0.997748" m_tx="0.000000" m_ty="-19.230770"/>
  </frame>
  <frame idx="325" w="613" h="693" x="-31.822388" y="-104.748230">
   <element name="images" layername="zxashcan" frame="0" z_index="3" m_a="0.998733" m_b="0.050324" m_c="-0.050324" m_d="0.998733" m_tx="0.000000" m_ty="-14.423077"/>
  </frame>
  <frame idx="350" w="599" h="684" x="-27.454712" y="-103.956299">
   <element name="images" layername="zxashcan" frame="0" z_index="3" m_a="0.999437" m_b="0.033558" m_c="-0.033558" m_d="0.999437" m_tx="0.000000" m_ty="-9.615384"/>
  </frame>
  <frame idx="375" w="586" h="674" x="-23.154907" y="-103.237213">
   <element name="images" layername="zxashcan" frame="0" z_index="3" m_a="0.999859" m_b="0.016781" m_c="-0.016781" m_d="0.999859" m_tx="0.000000" m_ty="-4.807693"/>
  </frame>
 </anim>
</Anims>
